Season,Grand Prix,Round,Race Date,Circuit,Country,Winner,Second Place Driver,Third Place Driver
1950,British Grand Prix,1,1950-05-13,Silverstone Circuit,United Kingdom,Giuseppe Farina,Luigi Fagioli,Reg Parnell
1950,Monaco Grand Prix,2,1950-05-21,Circuit de Monaco,Monaco,Juan Manuel Fangio,Alberto Ascari,Louis Chiron
1950,Indianapolis 500,3,1950-05-30,Indianapolis Motor Speedway,United States,Johnnie Parsons,Bill Holland,Mauri Rose
1950,Swiss Grand Prix,4,1950-06-04,Circuit Bremgarten,Switzerland,Giuseppe Farina,Luigi Fagioli,Louis Rosier
1950,Belgian Grand Prix,5,1950-06-18,Circuit de Spa-Francorchamps,Belgium,Juan Manuel Fangio,Luigi Fagioli,Louis Rosier
1950,French Grand Prix,6,1950-07-02,Reims-Gueux,France,Juan Manuel Fangio,Luigi Fagioli,Peter Whitehead
1950,Italian Grand Prix,7,1950-09-03,Autodromo Nazionale di Monza,Italy,Giuseppe Farina,Alberto Ascari,Luigi Fagioli
1951,Swiss Grand Prix,1,1951-05-27,Circuit Bremgarten,Switzerland,Juan Manuel Fangio,Piero Taruffi,Giuseppe Farina
1951,Indianapolis 500,2,1951-05-30,Indianapolis Motor Speedway,United States,Lee Wallard,Mike Nazaruk,Jack McGrath / Manny Ayulo
1951,Belgian Grand Prix,3,1951-06-17,Circuit de Spa-Francorchamps,Belgium,Giuseppe Farina,Alberto Ascari,Luigi Villoresi
1951,French Grand Prix,4,1951-07-01,Reims-Gueux,France,Juan Manuel Fangio / Luigi Fagioli,Jose Froilan Gonzalez / Alberto Ascari,Luigi Villoresi
1951,British Grand Prix,5,1951-07-14,Silverstone Circuit,United Kingdom,Jose Froilan Gonzalez,Juan Manuel Fangio,Luigi Villoresi
1951,German Grand Prix,6,1951-07-29,Nurburgring,Germany,Alberto Ascari,Juan Manuel Fangio,Jose Froilan Gonzalez
1951,Italian Grand Prix,7,1951-09-16,Autodromo Nazionale di Monza,Italy,Alberto Ascari,Jose Froilan Gonzalez,Giuseppe Farina / Felice Bonetto
1951,Spanish Grand Prix,8,1951-10-28,Pedralbes Circuit,Spain,Juan Manuel Fangio,Jose Froilan Gonzalez,Giuseppe Farina
1952,Swiss Grand Prix,1,1952-05-18,Circuit Bremgarten,Switzerland,Piero Taruffi,Rudolf Fischer,Jean Behra
1952,Indianapolis 500,2,1952-05-30,Indianapolis Motor Speedway,United States,Troy Ruttman,Jim Rathmann,Sam Hanks
1952,Belgian Grand Prix,3,1952-06-22,Circuit de Spa-Francorchamps,Belgium,Alberto Ascari,Giuseppe Farina,Robert Manzon
1952,French Grand Prix,4,1952-07-06,Rouen-Les-Essarts,France,Alberto Ascari,Giuseppe Farina,Piero Taruffi
1952,British Grand Prix,5,1952-07-19,Silverstone Circuit,United Kingdom,Alberto Ascari,Piero Taruffi,Mike Hawthorn
1952,German Grand Prix,6,1952-08-03,Nurburgring,Germany,Alberto Ascari,Giuseppe Farina,Rudolf Fischer
1952,Dutch Grand Prix,7,1952-08-17,Circuit Zandvoort,Netherlands,Alberto Ascari,Giuseppe Farina,Luigi Villoresi
1952,Italian Grand Prix,8,1952-09-07,Autodromo Nazionale di Monza,Italy,Alberto Ascari,Jose Froilan Gonzalez,Luigi Villoresi
1953,Argentine Grand Prix,1,1953-01-18,Autodromo Oscar Alfredo Galvez,Argentina,Alberto Ascari,Luigi Villoresi,Jose Froilan Gonzalez
1953,Indianapolis 500,2,1953-05-30,Indianapolis Motor Speedway,United States,Bill Vukovich,Art Cross,Sam Hanks / Duane Carter
1953,Dutch Grand Prix,3,1953-06-07,Circuit Zandvoort,Netherlands,Alberto Ascari,Giuseppe Farina,Jose Froilan Gonzalez
1953,Belgian Grand Prix,4,1953-06-21,Circuit de Spa-Francorchamps,Belgium,Alberto Ascari,Luigi Villoresi,Onofre Marimon
1953,French Grand Prix,5,1953-07-05,Reims-Gueux,France,Mike Hawthorn,Juan Manuel Fangio,Jose Froilan Gonzalez
1953,British Grand Prix,6,1953-07-18,Silverstone Circuit,United Kingdom,Alberto Ascari,Juan Manuel Fangio,Giuseppe Farina
1953,German Grand Prix,7,1953-08-02,Nurburgring,Germany,Giuseppe Farina,Juan Manuel Fangio,Mike Hawthorn
1953,Swiss Grand Prix,8,1953-08-23,Circuit Bremgarten,Switzerland,Alberto Ascari,Giuseppe Farina,Mike Hawthorn
1953,Italian Grand Prix,9,1953-09-13,Autodromo Nazionale di Monza,Italy,Juan Manuel Fangio,Giuseppe Farina,Luigi Villoresi
1954,Argentine Grand Prix,1,1954-01-17,Autodromo Oscar Alfredo Galvez,Argentina,Juan Manuel Fangio,Giuseppe Farina,Jose Froilan Gonzalez
1954,Indianapolis 500,2,1954-05-31,Indianapolis Motor Speedway,United States,Bill Vukovich,Jimmy Bryan,Jack McGrath
1954,Belgian Grand Prix,3,1954-06-20,Circuit de Spa-Francorchamps,Belgium,Juan Manuel Fangio,Maurice Trintignant,Stirling Moss
1954,French Grand Prix,4,1954-07-04,Reims-Gueux,France,Juan Manuel Fangio,Karl Kling,Robert Manzon
1954,British Grand Prix,5,1954-07-17,Silverstone Circuit,United Kingdom,Jose Froilan Gonzalez,Mike Hawthorn,Onofre Marimon
1954,German Grand Prix,6,1954-08-01,Nurburgring,Germany,Juan Manuel Fangio,Mike Hawthorn / Jose Froilan Gonzalez,Maurice Trintignant
1954,Swiss Grand Prix,7,1954-08-22,Circuit Bremgarten,Switzerland,Juan Manuel Fangio,Jose Froilan Gonzalez,Hans Herrmann
1954,Italian Grand Prix,8,1954-09-05,Autodromo Nazionale di Monza,Italy,Juan Manuel Fangio,Mike Hawthorn,Umberto Maglioli
1954,Spanish Grand Prix,9,1954-10-24,Pedralbes Circuit,Spain,Mike Hawthorn,Luigi Musso,Juan Manuel Fangio
1955,Argentine Grand Prix,1,1955-01-16,Autodromo Oscar Alfredo Galvez,Argentina,Juan Manuel Fangio,Jose Froilan Gonzalez / Giuseppe Farina,Maurice Trintignant / Umberto Maglioli
1955,Monaco Grand Prix,2,1955-05-22,Circuit de Monaco,Monaco,Maurice Trintignant,Eugenio Castellotti,Cesare Perdisa
1955,Indianapolis 500,3,1955-05-30,Indianapolis Motor Speedway,United States,Bob Sweikert,Tony Bettenhausen / Paul Russo,Jimmy Davies
1955,Belgian Grand Prix,4,1955-06-05,Circuit de Spa-Francorchamps,Belgium,Juan Manuel Fangio,Stirling Moss,Giuseppe Farina
1955,Dutch Grand Prix,5,1955-06-19,Circuit Zandvoort,Netherlands,Juan Manuel Fangio,Stirling Moss,Luigi Musso
1955,British Grand Prix,6,1955-07-16,Aintree Motor Racing Circuit,United Kingdom,Stirling Moss,Juan Manuel Fangio,Karl Kling
1955,Italian Grand Prix,7,1955-09-11,Autodromo Nazionale di Monza,Italy,Juan Manuel Fangio,Piero Taruffi,Eugenio Castellotti
1956,Argentine Grand Prix,1,1956-01-22,Autodromo Oscar Alfredo Galvez,Argentina,Luigi Musso / Juan Manuel Fangio,Jean Behra,Mike Hawthorn
1956,Monaco Grand Prix,2,1956-05-13,Circuit de Monaco,Monaco,Stirling Moss,Juan Manuel Fangio / Peter Collins,Jean Behra
1956,Indianapolis 500,3,1956-05-30,Indianapolis Motor Speedway,United States,Pat Flaherty,Sam Hanks,Don Freeland
1956,Belgian Grand Prix,4,1956-06-03,Circuit de Spa-Francorchamps,Belgium,Peter Collins,Paul Frere,Stirling Moss
1956,French Grand Prix,5,1956-07-01,Reims-Gueux,France,Peter Collins,Eugenio Castellotti,Jean Behra
1956,British Grand Prix,6,1956-07-14,Silverstone Circuit,United Kingdom,Juan Manuel Fangio,Peter Collins,Jean Behra
1956,German Grand Prix,7,1956-08-05,Nurburgring,Germany,Juan Manuel Fangio,Stirling Moss,Jean Behra
1956,Italian Grand Prix,8,1956-09-02,Autodromo Nazionale di Monza,Italy,Stirling Moss,Juan Manuel Fangio,Ron Flockhart
1957,Argentine Grand Prix,1,1957-01-13,Autodromo Oscar Alfredo Galvez,Argentina,Juan Manuel Fangio,Jean Behra,Carlos Menditeguy
1957,Monaco Grand Prix,2,1957-05-19,Circuit de Monaco,Monaco,Juan Manuel Fangio,Tony Brooks,Masten Gregory
1957,Indianapolis 500,3,1957-05-30,Indianapolis Motor Speedway,United States,Sam Hanks,Jim Rathmann,Jimmy Bryan
1957,French Grand Prix,4,1957-07-07,Rouen-Les-Essarts,France,Juan Manuel Fangio,Luigi Musso,Peter Collins
1957,British Grand Prix,5,1957-07-20,Aintree Motor Racing Circuit,United Kingdom,Tony Brooks / Stirling Moss,Luigi Musso,Mike Hawthorn
1957,German Grand Prix,6,1957-08-04,Nurburgring,Germany,Juan Manuel Fangio,Mike Hawthorn,Peter Collins
1957,Pescara Grand Prix,7,1957-08-18,Pescara Circuit,Italy,Stirling Moss,Juan Manuel Fangio,Harry Schell
1957,Italian Grand Prix,8,1957-09-08,Autodromo Nazionale di Monza,Italy,Stirling Moss,Juan Manuel Fangio,Wolfgang von Trips
1958,Argentine Grand Prix,1,1958-01-19,Autodromo Oscar Alfredo Galvez,Argentina,Stirling Moss,Luigi Musso,Mike Hawthorn
1958,Monaco Grand Prix,2,1958-05-18,Circuit de Monaco,Monaco,Maurice Trintignant,Luigi Musso,Peter Collins
1958,Dutch Grand Prix,3,1958-05-26,Circuit Zandvoort,Netherlands,Stirling Moss,Harry Schell,Jean Behra
1958,Indianapolis 500,4,1958-05-30,Indianapolis Motor Speedway,United States,Jimmy Bryan,George Amick,Johnny Boyd
1958,Belgian Grand Prix,5,1958-06-15,Circuit de Spa-Francorchamps,Belgium,Tony Brooks,Mike Hawthorn,Stuart Lewis-Evans
1958,French Grand Prix,6,1958-07-06,Reims-Gueux,France,Mike Hawthorn,Stirling Moss,Wolfgang von Trips
1958,British Grand Prix,7,1958-07-19,Silverstone Circuit,United Kingdom,Peter Collins,Mike Hawthorn,Roy Salvadori
1958,German Grand Prix,8,1958-08-03,Nurburgring,Germany,Tony Brooks,Roy Salvadori,Maurice Trintignant
1958,Portuguese Grand Prix,9,1958-08-24,Circuito da Boavista,Portugal,Stirling Moss,Mike Hawthorn,Stuart Lewis-Evans
1958,Italian Grand Prix,10,1958-09-07,Autodromo Nazionale di Monza,Italy,Tony Brooks,Mike Hawthorn,Phil Hill
1958,Moroccan Grand Prix,11,1958-10-19,Ain-Diab Circuit,Morocco,Stirling Moss,Mike Hawthorn,Phil Hill
1959,Monaco Grand Prix,1,1959-05-10,Circuit de Monaco,Monaco,Jack Brabham,Tony Brooks,Maurice Trintignant
1959,Indianapolis 500,2,1959-05-30,Indianapolis Motor Speedway,United States,Rodger Ward,Jim Rathmann,Johnny Thomson
1959,Dutch Grand Prix,3,1959-05-31,Circuit Zandvoort,Netherlands,Jo Bonnier,Jack Brabham,Masten Gregory
1959,French Grand Prix,4,1959-07-05,Reims-Gueux,France,Tony Brooks,Phil Hill,Jack Brabham
1959,British Grand Prix,5,1959-07-18,Aintree Motor Racing Circuit,United Kingdom,Jack Brabham,Stirling Moss,Bruce McLaren
1959,German Grand Prix,6,1959-08-02,AVUS,Germany,Tony Brooks,Dan Gurney,Phil Hill
1959,Portuguese Grand Prix,7,1959-08-23,Monsanto Park Circuit,Portugal,Stirling Moss,Masten Gregory,Dan Gurney
1959,Italian Grand Prix,8,1959-09-13,Autodromo Nazionale di Monza,Italy,Stirling Moss,Phil Hill,Jack Brabham
1959,United States Grand Prix,9,1959-12-12,Sebring International Raceway,United States,Bruce McLaren,Maurice Trintignant,Tony Brooks
1960,Argentine Grand Prix,1,1960-02-07,Autodromo Oscar Alfredo Galvez,Argentina,Bruce McLaren,Cliff Allison,Stirling Moss
1960,Monaco Grand Prix,2,1960-05-29,Circuit de Monaco,Monaco,Stirling Moss,Bruce McLaren,Phil Hill
1960,Indianapolis 500,3,1960-05-30,Indianapolis Motor Speedway,United States,Jim Rathmann,Rodger Ward,Paul Goldsmith
1960,Dutch Grand Prix,4,1960-06-06,Circuit Zandvoort,Netherlands,Jack Brabham,Innes Ireland,Graham Hill
1960,Belgian Grand Prix,5,1960-06-19,Circuit de Spa-Francorchamps,Belgium,Jack Brabham,Bruce McLaren,Graham Hill
1960,French Grand Prix,6,1960-07-03,Reims-Gueux,France,Jack Brabham,Olivier Gendebien,Bruce McLaren
1960,British Grand Prix,7,1960-07-16,Silverstone Circuit,United Kingdom,Jack Brabham,John Surtees,Innes Ireland
1960,Portuguese Grand Prix,8,1960-08-14,Circuito da Boavista,Portugal,Jack Brabham,Bruce McLaren,Jim Clark
1960,Italian Grand Prix,9,1960-09-04,Autodromo Nazionale di Monza,Italy,Phil Hill,Richie Ginther,Willy Mairesse
1960,United States Grand Prix,10,1960-11-20,Riverside International Raceway,United States,Stirling Moss,Innes Ireland,Bruce McLaren
1961,Monaco Grand Prix,1,1961-05-14,Circuit de Monaco,Monaco,Stirling Moss,Richie Ginther,Phil Hill
1961,Dutch Grand Prix,2,1961-05-22,Circuit Zandvoort,Netherlands,Wolfgang von Trips,Phil Hill,Jim Clark
1961,Belgian Grand Prix,3,1961-06-18,Circuit de Spa-Francorchamps,Belgium,Phil Hill,Wolfgang von Trips,Olivier Gendebien
1961,French Grand Prix,4,1961-07-02,Reims-Gueux,France,Giancarlo Baghetti,Dan Gurney,Jim Clark
1961,British Grand Prix,5,1961-07-15,Aintree Motor Racing Circuit,United Kingdom,Wolfgang von Trips,Phil Hill,Richie Ginther
1961,German Grand Prix,6,1961-08-06,Nurburgring,Germany,Stirling Moss,Wolfgang von Trips,Phil Hill
1961,Italian Grand Prix,7,1961-09-10,Autodromo Nazionale di Monza,Italy,Phil Hill,Dan Gurney,Bruce McLaren
1961,United States Grand Prix,8,1961-10-08,Watkins Glen International,United States,Innes Ireland,Dan Gurney,Tony Brooks
1962,Dutch Grand Prix,1,1962-05-20,Circuit Zandvoort,Netherlands,Graham Hill,Trevor Taylor,Phil Hill
1962,Monaco Grand Prix,2,1962-06-03,Circuit de Monaco,Monaco,Bruce McLaren,Phil Hill,Lorenzo Bandini
1962,Belgian Grand Prix,3,1962-06-17,Circuit de Spa-Francorchamps,Belgium,Jim Clark,Graham Hill,Phil Hill
1962,French Grand Prix,4,1962-07-08,Rouen-Les-Essarts,France,Dan Gurney,Tony Maggs,Richie Ginther
1962,British Grand Prix,5,1962-07-21,Aintree Motor Racing Circuit,United Kingdom,Jim Clark,John Surtees,Bruce McLaren
1962,German Grand Prix,6,1962-08-05,Nurburgring,Germany,Graham Hill,John Surtees,Dan Gurney
1962,Italian Grand Prix,7,1962-09-16,Autodromo Nazionale di Monza,Italy,Graham Hill,Richie Ginther,Bruce McLaren
1962,United States Grand Prix,8,1962-10-07,Watkins Glen International,United States,Jim Clark,Graham Hill,Bruce McLaren
1962,South African Grand Prix,9,1962-12-29,Prince George Circuit,South Africa,Graham Hill,Bruce McLaren,Tony Maggs
1963,Monaco Grand Prix,1,1963-05-26,Circuit de Monaco,Monaco,Graham Hill,Richie Ginther,Bruce McLaren
1963,Belgian Grand Prix,2,1963-06-09,Circuit de Spa-Francorchamps,Belgium,Jim Clark,Bruce McLaren,Dan Gurney
1963,Dutch Grand Prix,3,1963-06-23,Circuit Zandvoort,Netherlands,Jim Clark,Dan Gurney,John Surtees
1963,French Grand Prix,4,1963-06-30,Reims-Gueux,France,Jim Clark,Tony Maggs,Graham Hill
1963,British Grand Prix,5,1963-07-20,Silverstone Circuit,United Kingdom,Jim Clark,John Surtees,Graham Hill
1963,German Grand Prix,6,1963-08-04,Nurburgring,Germany,John Surtees,Jim Clark,Richie Ginther
1963,Italian Grand Prix,7,1963-09-08,Autodromo Nazionale di Monza,Italy,Jim Clark,Richie Ginther,Bruce McLaren
1963,United States Grand Prix,8,1963-10-06,Watkins Glen International,United States,Graham Hill,Richie Ginther,Jim Clark
1963,Mexican Grand Prix,9,1963-10-27,Autodromo Hermanos Rodriguez,Mexico,Jim Clark,Jack Brabham,Richie Ginther
1963,South African Grand Prix,10,1963-12-28,Prince George Circuit,South Africa,Jim Clark,Dan Gurney,Graham Hill
1964,Monaco Grand Prix,1,1964-05-10,Circuit de Monaco,Monaco,Graham Hill,Richie Ginther,Peter Arundell
1964,Dutch Grand Prix,2,1964-05-24,Circuit Zandvoort,Netherlands,Jim Clark,John Surtees,Peter Arundell
1964,Belgian Grand Prix,3,1964-06-14,Circuit de Spa-Francorchamps,Belgium,Jim Clark,Bruce McLaren,Jack Brabham
1964,French Grand Prix,4,1964-06-28,Rouen-Les-Essarts,France,Dan Gurney,Graham Hill,Jack Brabham
1964,British Grand Prix,5,1964-07-11,Brands Hatch,United Kingdom,Jim Clark,Graham Hill,John Surtees
1964,German Grand Prix,6,1964-08-02,Nurburgring,Germany,John Surtees,Graham Hill,Lorenzo Bandini
1964,Austrian Grand Prix,7,1964-08-23,Zeltweg Air Base,Austria,Lorenzo Bandini,Richie Ginther,Bob Anderson
1964,Italian Grand Prix,8,1964-09-06,Autodromo Nazionale di Monza,Italy,John Surtees,Bruce McLaren,Lorenzo Bandini
1964,United States Grand Prix,9,1964-10-04,Watkins Glen International,United States,Graham Hill,John Surtees,Jo Siffert
1964,Mexican Grand Prix,10,1964-10-25,Autodromo Hermanos Rodriguez,Mexico,Dan Gurney,John Surtees,Lorenzo Bandini
1965,South African Grand Prix,1,1965-01-01,Prince George Circuit,South Africa,Jim Clark,John Surtees,Graham Hill
1965,Monaco Grand Prix,2,1965-05-30,Circuit de Monaco,Monaco,Graham Hill,Lorenzo Bandini,Jackie Stewart
1965,Belgian Grand Prix,3,1965-06-13,Circuit de Spa-Francorchamps,Belgium,Jim Clark,Jackie Stewart,Bruce McLaren
1965,French Grand Prix,4,1965-06-27,Charade Circuit,France,Jim Clark,Jackie Stewart,John Surtees
1965,British Grand Prix,5,1965-07-10,Silverstone Circuit,United Kingdom,Jim Clark,Graham Hill,John Surtees
1965,Dutch Grand Prix,6,1965-07-18,Circuit Zandvoort,Netherlands,Jim Clark,Jackie Stewart,Dan Gurney
1965,German Grand Prix,7,1965-08-01,Nurburgring,Germany,Jim Clark,Graham Hill,Dan Gurney
1965,Italian Grand Prix,8,1965-09-12,Autodromo Nazionale di Monza,Italy,Jackie Stewart,Graham Hill,Dan Gurney
1965,United States Grand Prix,9,1965-10-03,Watkins Glen International,United States,Graham Hill,Dan Gurney,Jack Brabham
1965,Mexican Grand Prix,10,1965-10-24,Autodromo Hermanos Rodriguez,Mexico,Richie Ginther,Dan Gurney,Mike Spence
1966,Monaco Grand Prix,1,1966-05-22,Circuit de Monaco,Monaco,Jackie Stewart,Lorenzo Bandini,Graham Hill
1966,Belgian Grand Prix,2,1966-06-12,Circuit de Spa-Francorchamps,Belgium,John Surtees,Jochen Rindt,Lorenzo Bandini
1966,French Grand Prix,3,1966-07-03,Reims-Gueux,France,Jack Brabham,Mike Parkes,Denny Hulme
1966,British Grand Prix,4,1966-07-16,Brands Hatch,United Kingdom,Jack Brabham,Denny Hulme,Graham Hill
1966,Dutch Grand Prix,5,1966-07-24,Circuit Zandvoort,Netherlands,Jack Brabham,Graham Hill,Jim Clark
1966,German Grand Prix,6,1966-08-07,Nurburgring,Germany,Jack Brabham,John Surtees,Jochen Rindt
1966,Italian Grand Prix,7,1966-09-04,Autodromo Nazionale di Monza,Italy,Ludovico Scarfiotti,Mike Parkes,Denny Hulme
1966,United States Grand Prix,8,1966-10-02,Watkins Glen International,United States,Jim Clark,Jochen Rindt,John Surtees
1966,Mexican Grand Prix,9,1966-10-23,Magdalena Mixhuca,Mexico,John Surtees,Jack Brabham,Denny Hulme
1967,South African Grand Prix,1,1967-01-02,Kyalami Grand Prix Circuit,South Africa,Pedro Rodriguez,John Love,John Surtees
1967,Monaco Grand Prix,2,1967-05-07,Circuit de Monaco,Monaco,Denny Hulme,Graham Hill,Chris Amon
1967,Dutch Grand Prix,3,1967-06-04,Circuit Zandvoort,Netherlands,Jim Clark,Jack Brabham,Denny Hulme
1967,Belgian Grand Prix,4,1967-06-18,Circuit de Spa-Francorchamps,Belgium,Dan Gurney,Jackie Stewart,Chris Amon
1967,French Grand Prix,5,1967-07-02,Circuit de la Sarthe,France,Jack Brabham,Denny Hulme,Jackie Stewart
1967,British Grand Prix,6,1967-07-15,Silverstone Circuit,United Kingdom,Jim Clark,Denny Hulme,Chris Amon
1967,German Grand Prix,7,1967-08-06,Nurburgring,Germany,Denny Hulme,Jack Brabham,Chris Amon
1967,Canadian Grand Prix,8,1967-08-27,Mosport Park,Canada,Jack Brabham,Denny Hulme,Dan Gurney
1967,Italian Grand Prix,9,1967-09-10,Autodromo Nazionale di Monza,Italy,John Surtees,Jack Brabham,Jim Clark
1967,United States Grand Prix,10,1967-10-01,Watkins Glen International,United States,Jim Clark,Graham Hill,Denny Hulme
1967,Mexican Grand Prix,11,1967-10-22,Magdalena Mixhuca,Mexico,Jim Clark,Jack Brabham,Denny Hulme
1968,South African Grand Prix,1,1968-01-01,Kyalami Grand Prix Circuit,South Africa,Jim Clark,Graham Hill,Jochen Rindt
1968,Spanish Grand Prix,2,1968-05-12,Circuito Permanente Del Jarama,Spain,Graham Hill,Denny Hulme,Brian Redman
1968,Monaco Grand Prix,3,1968-05-26,Circuit de Monaco,Monaco,Graham Hill,Richard Attwood,Lucien Bianchi
1968,Belgian Grand Prix,4,1968-06-09,Circuit de Spa-Francorchamps,Belgium,Bruce McLaren,Pedro Rodriguez,Jacky Ickx
1968,Dutch Grand Prix,5,1968-06-23,Circuit Zandvoort,Netherlands,Jackie Stewart,Jean-Pierre Beltoise,Pedro Rodriguez
1968,French Grand Prix,6,1968-07-07,Rouen-Les-Essarts,France,Jacky Ickx,John Surtees,Jackie Stewart
1968,British Grand Prix,7,1968-07-20,Brands Hatch,United Kingdom,Jo Siffert,Chris Amon,Jacky Ickx
1968,German Grand Prix,8,1968-08-04,Nurburgring,Germany,Jackie Stewart,Graham Hill,Jochen Rindt
1968,Italian Grand Prix,9,1968-09-08,Autodromo Nazionale di Monza,Italy,Denny Hulme,Johnny Servoz-Gavin,Jacky Ickx
1968,Canadian Grand Prix,10,1968-09-22,Circuit Mont-Tremblant,Canada,Denny Hulme,Bruce McLaren,Pedro Rodriguez
1968,United States Grand Prix,11,1968-10-06,Watkins Glen International,United States,Jackie Stewart,Graham Hill,John Surtees
1968,Mexican Grand Prix,12,1968-11-03,Magdalena Mixhuca,Mexico,Graham Hill,Bruce McLaren,Jackie Oliver
1969,South African Grand Prix,1,1969-03-01,Kyalami Grand Prix Circuit,South Africa,Jackie Stewart,Graham Hill,Denny Hulme
1969,Spanish Grand Prix,2,1969-05-04,Montjuic Circuit,Spain,Jackie Stewart,Bruce McLaren,Jean-Pierre Beltoise
1969,Monaco Grand Prix,3,1969-05-18,Circuit de Monaco,Monaco,Graham Hill,Piers Courage,Jo Siffert
1969,Dutch Grand Prix,4,1969-06-21,Circuit Zandvoort,Netherlands,Jackie Stewart,Jo Siffert,Chris Amon
1969,French Grand Prix,5,1969-07-06,Circuit de Charade,France,Jackie Stewart,Jean-Pierre Beltoise,Jacky Ickx
1969,British Grand Prix,6,1969-07-19,Silverstone Circuit,United Kingdom,Jackie Stewart,Jacky Ickx,Bruce McLaren
1969,German Grand Prix,7,1969-08-03,Nurburgring,Germany,Jacky Ickx,Jackie Stewart,Bruce McLaren
1969,Italian Grand Prix,8,1969-09-07,Autodromo Nazionale di Monza,Italy,Jackie Stewart,Jochen Rindt,Jean-Pierre Beltoise
1969,Canadian Grand Prix,9,1969-09-20,Mosport Park,Canada,Jacky Ickx,Jack Brabham,Jochen Rindt
1969,United States Grand Prix,10,1969-10-05,Watkins Glen International,United States,Jochen Rindt,Piers Courage,John Surtees
1969,Mexican Grand Prix,11,1969-10-19,Autodromo Hermanos Rodriguez,Mexico,Denny Hulme,Jacky Ickx,Jack Brabham
1970,South African Grand Prix,1,1970-03-07,Kyalami Grand Prix Circuit,South Africa,Jack Brabham,Denny Hulme,Jackie Stewart
1970,Spanish Grand Prix,2,1970-04-19,Circuito Permanente Del Jarama,Spain,Jackie Stewart,Bruce McLaren,Mario Andretti
1970,Monaco Grand Prix,3,1970-05-10,Circuit de Monaco,Monaco,Jochen Rindt,Jack Brabham,Henri Pescarolo
1970,Belgian Grand Prix,4,1970-06-07,Circuit de Spa-Francorchamps,Belgium,Pedro Rodriguez,Chris Amon,Jean-Pierre Beltoise
1970,Dutch Grand Prix,5,1970-06-21,Circuit Zandvoort,Netherlands,Jochen Rindt,Jackie Stewart,Jacky Ickx
1970,French Grand Prix,6,1970-07-05,Charade Circuit,France,Jochen Rindt,Chris Amon,Jack Brabham
1970,British Grand Prix,7,1970-07-18,Brands Hatch,United Kingdom,Jochen Rindt,Jack Brabham,Denny Hulme
1970,German Grand Prix,8,1970-08-02,Hockenheimring,Germany,Jochen Rindt,Jacky Ickx,Denny Hulme
1970,Austrian Grand Prix,9,1970-08-16,Osterreichring,Austria,Jacky Ickx,Clay Regazzoni,Rolf Stommelen
1970,Italian Grand Prix,10,1970-09-06,Autodromo Nazionale di Monza,Italy,Clay Regazzoni,Jackie Stewart,Jean-Pierre Beltoise
1970,Canadian Grand Prix,11,1970-09-20,Circuit Mont-Tremblant,Canada,Jacky Ickx,Clay Regazzoni,Chris Amon
1970,United States Grand Prix,12,1970-10-04,Watkins Glen International,United States,Emerson Fittipaldi,Pedro Rodriguez,Reine Wisell
1970,Mexican Grand Prix,13,1970-10-25,Magdalena Mixhuca,Mexico,Jacky Ickx,Clay Regazzoni,Denny Hulme
1971,South African Grand Prix,1,1971-03-06,Kyalami Grand Prix Circuit,South Africa,Mario Andretti,Jackie Stewart,Clay Regazzoni
1971,Spanish Grand Prix,2,1971-04-18,Montjuic Circuit,Spain,Jackie Stewart,Jacky Ickx,Chris Amon
1971,Monaco Grand Prix,3,1971-05-23,Circuit de Monaco,Monaco,Jackie Stewart,Ronnie Peterson,Jacky Ickx
1971,Dutch Grand Prix,4,1971-06-20,Circuit Zandvoort,Netherlands,Jacky Ickx,Pedro Rodriguez,Clay Regazzoni
1971,French Grand Prix,5,1971-07-04,Circuit Paul Ricard,France,Jackie Stewart,Francois Cevert,Emerson Fittipaldi
1971,British Grand Prix,6,1971-07-17,Silverstone Circuit,United Kingdom,Jackie Stewart,Ronnie Peterson,Emerson Fittipaldi
1971,German Grand Prix,7,1971-08-01,Nurburgring,Germany,Jackie Stewart,Francois Cevert,Clay Regazzoni
1971,Austrian Grand Prix,8,1971-08-15,Osterreichring,Austria,Jo Siffert,Emerson Fittipaldi,Tim Schenken
1971,Italian Grand Prix,9,1971-09-05,Autodromo Nazionale di Monza,Italy,Peter Gethin,Ronnie Peterson,Francois Cevert
1971,Canadian Grand Prix,10,1971-09-19,Mosport Park,Canada,Jackie Stewart,Ronnie Peterson,Mark Donohue
1971,United States Grand Prix,11,1971-10-03,Watkins Glen International,United States,Francois Cevert,Jo Siffert,Ronnie Peterson
1972,Argentine Grand Prix,1,1972-01-23,Autodromo Oscar Alfredo Galvez,Argentina,Jackie Stewart,Denny Hulme,Jacky Ickx
1972,South African Grand Prix,2,1972-03-04,Kyalami Grand Prix Circuit,South Africa,Denny Hulme,Emerson Fittipaldi,Peter Revson
1972,Spanish Grand Prix,3,1972-05-01,Circuito Permanente Del Jarama,Spain,Emerson Fittipaldi,Jacky Ickx,Clay Regazzoni
1972,Monaco Grand Prix,4,1972-05-14,Circuit de Monaco,Monaco,Jean-Pierre Beltoise,Jacky Ickx,Emerson Fittipaldi
1972,Belgian Grand Prix,5,1972-06-04,Nivelles-Baulers,Belgium,Emerson Fittipaldi,Francois Cevert,Denny Hulme
1972,French Grand Prix,6,1972-07-02,Circuit de Charade,France,Jackie Stewart,Emerson Fittipaldi,Chris Amon
1972,British Grand Prix,7,1972-07-15,Brands Hatch,United Kingdom,Emerson Fittipaldi,Jackie Stewart,Peter Revson
1972,German Grand Prix,8,1972-07-30,Nurburgring,Germany,Jacky Ickx,Clay Regazzoni,Ronnie Peterson
1972,Austrian Grand Prix,9,1972-08-13,Osterreichring,Austria,Emerson Fittipaldi,Denny Hulme,Peter Revson
1972,Italian Grand Prix,10,1972-09-10,Autodromo Nazionale di Monza,Italy,Emerson Fittipaldi,Mike Hailwood,Denny Hulme
1972,Canadian Grand Prix,11,1972-09-24,Mosport Park,Canada,Jackie Stewart,Peter Revson,Denny Hulme
1972,United States Grand Prix,12,1972-10-08,Watkins Glen International,United States,Jackie Stewart,Francois Cevert,Denny Hulme
1973,Argentine Grand Prix,1,1973-01-28,Autodromo Oscar Alfredo Galvez,Argentina,Emerson Fittipaldi,Francois Cevert,Jackie Stewart
1973,Brazilian Grand Prix,2,1973-02-11,Autodromo de Interlagos,Brazil,Emerson Fittipaldi,Jackie Stewart,Denny Hulme
1973,South African Grand Prix,3,1973-03-03,Kyalami Grand Prix Circuit,South Africa,Jackie Stewart,Peter Revson,Emerson Fittipaldi
1973,Spanish Grand Prix,4,1973-04-29,Montjuic Circuit,Spain,Emerson Fittipaldi,Francois Cevert,George Follmer
1973,Belgian Grand Prix,5,1973-05-20,Circuit Zolder,Belgium,Jackie Stewart,Francois Cevert,Emerson Fittipaldi
1973,Monaco Grand Prix,6,1973-06-03,Circuit de Monaco,Monaco,Jackie Stewart,Emerson Fittipaldi,Ronnie Peterson
1973,Swedish Grand Prix,7,1973-06-17,Scandinavian Raceway,Sweden,Denny Hulme,Ronnie Peterson,Francois Cevert
1973,French Grand Prix,8,1973-07-01,Circuit Paul Ricard,France,Ronnie Peterson,Francois Cevert,Carlos Reutemann
1973,British Grand Prix,9,1973-07-14,Silverstone Circuit,United Kingdom,Peter Revson,Ronnie Peterson,Denny Hulme
1973,Dutch Grand Prix,10,1973-07-29,Circuit Zandvoort,Netherlands,Jackie Stewart,Francois Cevert,James Hunt
1973,German Grand Prix,11,1973-08-05,Nurburgring,Germany,Jackie Stewart,Francois Cevert,Jacky Ickx
1973,Austrian Grand Prix,12,1973-08-19,Osterreichring,Austria,Ronnie Peterson,Jackie Stewart,Carlos Pace
1973,Italian Grand Prix,13,1973-09-09,Autodromo Nazionale di Monza,Italy,Ronnie Peterson,Emerson Fittipaldi,Peter Revson
1973,Canadian Grand Prix,14,1973-09-23,Mosport Park,Canada,Peter Revson,Emerson Fittipaldi,Jackie Oliver
1973,United States Grand Prix,15,1973-10-07,Watkins Glen International,United States,Ronnie Peterson,James Hunt,Carlos Reutemann
1974,Argentine Grand Prix,1,1974-01-13,Autodromo Oscar Alfredo Galvez,Argentina,Denny Hulme,Niki Lauda,Clay Regazzoni
1974,Brazilian Grand Prix,2,1974-01-27,Autodromo de Interlagos,Brazil,Emerson Fittipaldi,Clay Regazzoni,Jacky Ickx
1974,South African Grand Prix,3,1974-03-30,Kyalami Grand Prix Circuit,South Africa,Carlos Reutemann,Jean-Pierre Beltoise,Mike Hailwood
1974,Spanish Grand Prix,4,1974-04-28,Circuito Permanente Del Jarama,Spain,Niki Lauda,Clay Regazzoni,Emerson Fittipaldi
1974,Belgian Grand Prix,5,1974-05-12,Nivelles-Baulers,Belgium,Emerson Fittipaldi,Niki Lauda,Jody Scheckter
1974,Monaco Grand Prix,6,1974-05-26,Circuit de Monaco,Monaco,Ronnie Peterson,Jody Scheckter,Jean-Pierre Jarier
1974,Swedish Grand Prix,7,1974-06-09,Scandinavian Raceway,Sweden,Jody Scheckter,Patrick Depailler,James Hunt
1974,Dutch Grand Prix,8,1974-06-23,Circuit Zandvoort,Netherlands,Niki Lauda,Clay Regazzoni,Emerson Fittipaldi
1974,French Grand Prix,9,1974-07-07,Dijon-Prenois,France,Ronnie Peterson,Niki Lauda,Clay Regazzoni
1974,British Grand Prix,10,1974-07-20,Brands Hatch,United Kingdom,Jody Scheckter,Emerson Fittipaldi,Jacky Ickx
1974,German Grand Prix,11,1974-08-04,Nurburgring,Germany,Clay Regazzoni,Jody Scheckter,Carlos Reutemann
1974,Austrian Grand Prix,12,1974-08-18,Osterreichring,Austria,Carlos Reutemann,Denny Hulme,James Hunt
1974,Italian Grand Prix,13,1974-09-08,Autodromo Nazionale di Monza,Italy,Ronnie Peterson,Emerson Fittipaldi,Jody Scheckter
1974,Canadian Grand Prix,14,1974-09-22,Mosport Park,Canada,Emerson Fittipaldi,Clay Regazzoni,Ronnie Peterson
1974,United States Grand Prix,15,1974-10-06,Watkins Glen International,United States,Carlos Reutemann,Carlos Pace,James Hunt
1975,Argentine Grand Prix,1,1975-01-12,Autodromo Municipal Ciudad de Buenos Aires,Argentina,Emerson Fittipaldi,James Hunt,Carlos Reutemann
1975,Brazilian Grand Prix,2,1975-01-26,Autodromo de Interlagos,Brazil,Carlos Pace,Emerson Fittipaldi,Jochen Mass
1975,South African Grand Prix,3,1975-03-01,Kyalami Grand Prix Circuit,South Africa,Jody Scheckter,Carlos Reutemann,Patrick Depailler
1975,Spanish Grand Prix,4,1975-04-27,Montjuic Circuit,Spain,Jochen Mass,Jacky Ickx,Carlos Reutemann
1975,Monaco Grand Prix,5,1975-05-11,Circuit de Monaco,Monaco,Niki Lauda,Emerson Fittipaldi,Carlos Pace
1975,Belgian Grand Prix,6,1975-05-25,Circuit Zolder,Belgium,Niki Lauda,Jody Scheckter,Carlos Reutemann
1975,Swedish Grand Prix,7,1975-06-08,Scandinavian Raceway,Sweden,Niki Lauda,Carlos Reutemann,Clay Regazzoni
1975,Dutch Grand Prix,8,1975-06-22,Circuit Park Zandvoort,Netherlands,James Hunt,Niki Lauda,Clay Regazzoni
1975,French Grand Prix,9,1975-07-06,Circuit Paul Ricard,France,Niki Lauda,James Hunt,Jochen Mass
1975,British Grand Prix,10,1975-07-19,Silverstone Circuit,United Kingdom,Emerson Fittipaldi,Carlos Pace,Jody Scheckter
1975,German Grand Prix,11,1975-08-03,Nurburgring,Germany,Carlos Reutemann,Jacques Laffite,Niki Lauda
1975,Austrian Grand Prix,12,1975-08-17,Osterreichring,Austria,Vittorio Brambilla,James Hunt,Tom Pryce
1975,Italian Grand Prix,13,1975-09-07,Autodromo Nazionale di Monza,Italy,Clay Regazzoni,Emerson Fittipaldi,Niki Lauda
1975,United States Grand Prix,14,1975-10-05,Watkins Glen International,United States,Niki Lauda,Emerson Fittipaldi,Jochen Mass
1976,Brazilian Grand Prix,1,1976-01-25,Autodromo de Interlagos,Brazil,Niki Lauda,Patrick Depailler,Tom Pryce
1976,South African Grand Prix,2,1976-03-06,Kyalami Grand Prix Circuit,South Africa,Niki Lauda,James Hunt,Jochen Mass
1976,United States Grand Prix West,3,1976-03-28,Long Beach Street Circuit,United States,Clay Regazzoni,Niki Lauda,Patrick Depailler
1976,Spanish Grand Prix,4,1976-05-02,Circuito Permanente Del Jarama,Spain,James Hunt,Niki Lauda,Gunnar Nilsson
1976,Belgian Grand Prix,5,1976-05-16,Circuit Zolder,Belgium,Niki Lauda,Clay Regazzoni,Jacques Laffite
1976,Monaco Grand Prix,6,1976-05-30,Circuit de Monaco,Monaco,Niki Lauda,Jody Scheckter,Patrick Depailler
1976,Swedish Grand Prix,7,1976-06-13,Scandinavian Raceway,Sweden,Jody Scheckter,Patrick Depailler,Niki Lauda
1976,French Grand Prix,8,1976-07-04,Circuit Paul Ricard,France,James Hunt,Patrick Depailler,John Watson
1976,British Grand Prix,9,1976-07-18,Brands Hatch,United Kingdom,Niki Lauda,Jody Scheckter,John Watson
1976,German Grand Prix,10,1976-08-01,Nurburgring,Germany,James Hunt,Jody Scheckter,Jochen Mass
1976,Austrian Grand Prix,11,1976-08-15,Osterreichring,Austria,John Watson,Jacques Laffite,Gunnar Nilsson
1976,Dutch Grand Prix,12,1976-08-29,Circuit Zandvoort,Netherlands,James Hunt,Clay Regazzoni,Mario Andretti
1976,Italian Grand Prix,13,1976-09-12,Autodromo Nazionale di Monza,Italy,Ronnie Peterson,Clay Regazzoni,Jacques Laffite
1976,Canadian Grand Prix,14,1976-10-03,Mosport Park,Canada,James Hunt,Patrick Depailler,Mario Andretti
1976,United States Grand Prix,15,1976-10-10,Watkins Glen International,United States,James Hunt,Jody Scheckter,Niki Lauda
1976,Japanese Grand Prix,16,1976-10-24,Fuji Speedway,Japan,Mario Andretti,Patrick Depailler,James Hunt
1977,Argentine Grand Prix,1,1977-01-09,Autodromo Municipal Ciudad de Buenos Aires,Argentina,Jody Scheckter,Carlos Pace,Carlos Reutemann
1977,Brazilian Grand Prix,2,1977-01-23,Autodromo de Interlagos,Brazil,Carlos Reutemann,James Hunt,Niki Lauda
1977,South African Grand Prix,3,1977-03-05,Kyalami Grand Prix Circuit,South Africa,Niki Lauda,Jody Scheckter,Patrick Depailler
1977,United States Grand Prix West,4,1977-04-03,Long Beach Street Circuit,United States,Mario Andretti,Niki Lauda,Jody Scheckter
1977,Spanish Grand Prix,5,1977-05-08,Circuito Permanente Del Jarama,Spain,Mario Andretti,Carlos Reutemann,Jody Scheckter
1977,Monaco Grand Prix,6,1977-05-22,Circuit de Monaco,Monaco,Jody Scheckter,Niki Lauda,Carlos Reutemann
1977,Belgian Grand Prix,7,1977-06-05,Circuit Zolder,Belgium,Gunnar Nilsson,Niki Lauda,Ronnie Peterson
1977,Swedish Grand Prix,8,1977-06-19,Scandinavian Raceway,Sweden,Jacques Laffite,Jochen Mass,Carlos Reutemann
1977,French Grand Prix,9,1977-07-03,Dijon-Prenois,France,Mario Andretti,John Watson,James Hunt
1977,British Grand Prix,10,1977-07-16,Silverstone Circuit,United Kingdom,James Hunt,Niki Lauda,Gunnar Nilsson
1977,German Grand Prix,11,1977-07-31,Hockenheimring,Germany,Niki Lauda,Jody Scheckter,Hans-Joachim Stuck
1977,Austrian Grand Prix,12,1977-08-14,Osterreichring,Austria,Alan Jones,Niki Lauda,Hans-Joachim Stuck
1977,Dutch Grand Prix,13,1977-08-28,Circuit Zandvoort,Netherlands,Niki Lauda,Jacques Laffite,Jody Scheckter
1977,Italian Grand Prix,14,1977-09-11,Autodromo Nazionale di Monza,Italy,Mario Andretti,Niki Lauda,Alan Jones
1977,United States Grand Prix,15,1977-10-02,Watkins Glen International,United States,James Hunt,Mario Andretti,Jody Scheckter
1977,Canadian Grand Prix,16,1977-10-09,Mosport Park,Canada,Jody Scheckter,Patrick Depailler,Jochen Mass
1977,Japanese Grand Prix,17,1977-10-23,Fuji Speedway,Japan,James Hunt,Carlos Reutemann,Patrick Depailler
1978,Argentine Grand Prix,1,1978-01-15,Autodromo de Buenos Aires,Argentina,Mario Andretti,Niki Lauda,Patrick Depailler
1978,Brazilian Grand Prix,2,1978-01-29,Jacarepagua,Brazil,Carlos Reutemann,Emerson Fittipaldi,Niki Lauda
1978,South African Grand Prix,3,1978-03-04,Kyalami Grand Prix Circuit,South Africa,Ronnie Peterson,Patrick Depailler,John Watson
1978,United States Grand Prix West,4,1978-04-02,Long Beach Street Circuit,United States,Carlos Reutemann,Mario Andretti,Patrick Depailler
1978,Monaco Grand Prix,5,1978-05-07,Circuit de Monaco,Monaco,Patrick Depailler,Niki Lauda,Jody Scheckter
1978,Belgian Grand Prix,6,1978-05-21,Circuit Zolder,Belgium,Mario Andretti,Ronnie Peterson,Carlos Reutemann
1978,Spanish Grand Prix,7,1978-06-04,Circuito Permanente Del Jarama,Spain,Mario Andretti,Ronnie Peterson,Jacques Laffite
1978,Swedish Grand Prix,8,1978-06-17,Scandinavian Raceway,Sweden,Niki Lauda,Riccardo Patrese,Ronnie Peterson
1978,French Grand Prix,9,1978-07-02,Circuit Paul Ricard,France,Mario Andretti,Ronnie Peterson,James Hunt
1978,British Grand Prix,10,1978-07-16,Brands Hatch,United Kingdom,Carlos Reutemann,Niki Lauda,John Watson
1978,German Grand Prix,11,1978-07-30,Hockenheimring,Germany,Mario Andretti,Jody Scheckter,Jacques Laffite
1978,Austrian Grand Prix,12,1978-08-13,Osterreichring,Austria,Ronnie Peterson,Patrick Depailler,Gilles Villeneuve
1978,Dutch Grand Prix,13,1978-08-27,Circuit Park Zandvoort,Netherlands,Mario Andretti,Ronnie Peterson,Niki Lauda
1978,Italian Grand Prix,14,1978-09-10,Autodromo Nazionale di Monza,Italy,Niki Lauda,John Watson,Carlos Reutemann
1978,United States Grand Prix,15,1978-10-01,Watkins Glen International,United States,Carlos Reutemann,Alan Jones,Jody Scheckter
1978,Canadian Grand Prix,16,1978-10-08,Ile Notre-Dame Circuit,Canada,Gilles Villeneuve,Jody Scheckter,Carlos Reutemann
1979,Argentine Grand Prix,1,1979-01-21,Autodromo de Buenos Aires,Argentina,Jacques Laffite,Carlos Reutemann,John Watson
1979,Brazilian Grand Prix,2,1979-02-04,Autodromo de Interlagos,Brazil,Jacques Laffite,Patrick Depailler,Carlos Reutemann
1979,South African Grand Prix,3,1979-03-03,Kyalami Grand Prix Circuit,South Africa,Gilles Villeneuve,Jody Scheckter,Jean-Pierre Jarier
1979,United States Grand Prix West,4,1979-04-08,Long Beach Street Circuit,United States,Gilles Villeneuve,Jody Scheckter,Alan Jones
1979,Spanish Grand Prix,5,1979-04-29,Circuito Permanente Del Jarama,Spain,Patrick Depailler,Carlos Reutemann,Mario Andretti
1979,Belgian Grand Prix,6,1979-05-13,Circuit Zolder,Belgium,Jody Scheckter,Jacques Laffite,Didier Pironi
1979,Monaco Grand Prix,7,1979-05-27,Circuit de Monaco,Monaco,Jody Scheckter,Clay Regazzoni,Carlos Reutemann
1979,French Grand Prix,8,1979-07-01,Dijon-Prenois,France,Jean-Pierre Jabouille,Gilles Villeneuve,Rene Arnoux
1979,British Grand Prix,9,1979-07-14,Silverstone Circuit,United Kingdom,Clay Regazzoni,Rene Arnoux,Jean-Pierre Jarier
1979,German Grand Prix,10,1979-07-29,Hockenheimring,Germany,Alan Jones,Clay Regazzoni,Jacques Laffite
1979,Austrian Grand Prix,11,1979-08-12,Osterreichring,Austria,Alan Jones,Gilles Villeneuve,Jacques Laffite
1979,Dutch Grand Prix,12,1979-08-26,Circuit Park Zandvoort,Netherlands,Alan Jones,Jody Scheckter,Jacques Laffite
1979,Italian Grand Prix,13,1979-09-09,Autodromo Nazionale di Monza,Italy,Jody Scheckter,Gilles Villeneuve,Clay Regazzoni
1979,Canadian Grand Prix,14,1979-09-30,Ile Notre-Dame Circuit,Canada,Alan Jones,Gilles Villeneuve,Clay Regazzoni
1979,United States Grand Prix,15,1979-10-07,Watkins Glen International,United States,Gilles Villeneuve,Rene Arnoux,Didier Pironi
1980,Argentine Grand Prix,1,1980-01-13,Autodromo de Buenos Aires,Argentina,Alan Jones,Nelson Piquet,Keke Rosberg
1980,Brazilian Grand Prix,2,1980-01-27,Autodromo de Interlagos,Brazil,Rene Arnoux,Elio de Angelis,Alan Jones
1980,South African Grand Prix,3,1980-03-01,Kyalami Grand Prix Circuit,South Africa,Rene Arnoux,Jacques Laffite,Didier Pironi
1980,United States Grand Prix West,4,1980-03-30,Long Beach Street Circuit,United States,Nelson Piquet,Riccardo Patrese,Emerson Fittipaldi
1980,Belgian Grand Prix,5,1980-05-04,Circuit Zolder,Belgium,Didier Pironi,Alan Jones,Carlos Reutemann
1980,Monaco Grand Prix,6,1980-05-18,Circuit de Monaco,Monaco,Carlos Reutemann,Jacques Laffite,Nelson Piquet
1980,French Grand Prix,7,1980-06-29,Circuit Paul Ricard,France,Alan Jones,Didier Pironi,Jacques Laffite
1980,British Grand Prix,8,1980-07-13,Brands Hatch,United Kingdom,Alan Jones,Nelson Piquet,Carlos Reutemann
1980,German Grand Prix,9,1980-08-10,Hockenheimring,Germany,Jacques Laffite,Carlos Reutemann,Alan Jones
1980,Austrian Grand Prix,10,1980-08-17,Osterreichring,Austria,Jean-Pierre Jabouille,Alan Jones,Carlos Reutemann
1980,Dutch Grand Prix,11,1980-08-31,Circuit Park Zandvoort,Netherlands,Nelson Piquet,Rene Arnoux,Jacques Laffite
1980,Italian Grand Prix,12,1980-09-14,Autodromo Dino Ferrari,Italy,Nelson Piquet,Alan Jones,Carlos Reutemann
1980,Canadian Grand Prix,13,1980-09-28,Ile Notre-Dame Circuit,Canada,Alan Jones,Carlos Reutemann,Didier Pironi
1980,United States Grand Prix,14,1980-10-05,Watkins Glen International,United States,Alan Jones,Carlos Reutemann,Didier Pironi
1981,United States Grand Prix West,1,1981-03-15,Long Beach Street Circuit,United States,Alan Jones,Carlos Reutemann,Nelson Piquet
1981,Brazilian Grand Prix,2,1981-03-29,Jacarepagua,Brazil,Carlos Reutemann,Alan Jones,Riccardo Patrese
1981,Argentine Grand Prix,3,1981-04-12,Autodromo de Buenos Aires,Argentina,Nelson Piquet,Carlos Reutemann,Alain Prost
1981,San Marino Grand Prix,4,1981-05-03,Autodromo Dino Ferrari,Italy,Nelson Piquet,Riccardo Patrese,Carlos Reutemann
1981,Belgian Grand Prix,5,1981-05-17,Circuit Zolder,Belgium,Carlos Reutemann,Jacques Laffite,Nigel Mansell
1981,Monaco Grand Prix,6,1981-05-31,Circuit de Monaco,Monaco,Gilles Villeneuve,Alan Jones,Jacques Laffite
1981,Spanish Grand Prix,7,1981-06-21,Circuito Permanente Del Jarama,Spain,Gilles Villeneuve,Jacques Laffite,John Watson
1981,French Grand Prix,8,1981-07-05,Dijon-Prenois,France,Alain Prost,John Watson,Nelson Piquet
1981,British Grand Prix,9,1981-07-18,Silverstone Circuit,United Kingdom,John Watson,Carlos Reutemann,Jacques Laffite
1981,German Grand Prix,10,1981-08-02,Hockenheimring,Germany,Nelson Piquet,Alain Prost,Jacques Laffite
1981,Austrian Grand Prix,11,1981-08-16,Osterreichring,Austria,Jacques Laffite,Rene Arnoux,Nelson Piquet
1981,Dutch Grand Prix,12,1981-08-30,Circuit Zandvoort,Netherlands,Alain Prost,Alan Jones,Nelson Piquet
1981,Italian Grand Prix,13,1981-09-13,Autodromo Nazionale di Monza,Italy,Alain Prost,Alan Jones,Carlos Reutemann
1981,Canadian Grand Prix,14,1981-09-27,Ile Notre-Dame Circuit,Canada,Jacques Laffite,John Watson,Gilles Villeneuve
1981,Caesars Palace Grand Prix,15,1981-10-17,Caesars Palace Grand Prix Circuit,United States,Alan Jones,Alain Prost,Bruno Giacomelli
1982,South African Grand Prix,1,1982-01-23,Kyalami Grand Prix Circuit,South Africa,Alain Prost,Carlos Reutemann,Rene Arnoux
1982,Brazilian Grand Prix,2,1982-03-21,Jacarepagua,Brazil,Alain Prost,John Watson,Nigel Mansell
1982,United States Grand Prix West,3,1982-04-04,Long Beach Street Circuit,United States,Niki Lauda,Keke Rosberg,Riccardo Patrese
1982,San Marino Grand Prix,4,1982-05-02,Autodromo Dino Ferrari,Italy,Didier Pironi,Gilles Villeneuve,Michele Alboreto
1982,Belgian Grand Prix,5,1982-05-09,Circuit Zolder,Belgium,John Watson,Keke Rosberg,Riccardo Patrese
1982,Monaco Grand Prix,6,1982-05-23,Circuit de Monaco,Monaco,Riccardo Patrese,Didier Pironi,Andrea de Cesaris
1982,United States Grand Prix,7,1982-06-06,Detroit Street Circuit,United States,John Watson,Eddie Cheever,Didier Pironi
1982,Canadian Grand Prix,8,1982-06-13,Circuit Ile Notre-Dame,Canada,Nelson Piquet,Riccardo Patrese,John Watson
1982,Dutch Grand Prix,9,1982-07-03,Circuit Zandvoort,Netherlands,Didier Pironi,Nelson Piquet,Keke Rosberg
1982,British Grand Prix,10,1982-07-18,Brands Hatch,United Kingdom,Niki Lauda,Didier Pironi,Patrick Tambay
1982,French Grand Prix,11,1982-07-25,Circuit Paul Ricard,France,Rene Arnoux,Alain Prost,Didier Pironi
1982,German Grand Prix,12,1982-08-08,Hockenheimring,Germany,Patrick Tambay,Rene Arnoux,Keke Rosberg
1982,Austrian Grand Prix,13,1982-08-15,Osterreichring,Austria,Elio de Angelis,Keke Rosberg,Jacques Laffite
1982,Swiss Grand Prix,14,1982-08-29,Dijon-Prenois,France,Keke Rosberg,Alain Prost,Niki Lauda
1982,Italian Grand Prix,15,1982-09-12,Autodromo Nazionale di Monza,Italy,Rene Arnoux,Patrick Tambay,Mario Andretti
1982,Caesars Palace Grand Prix,16,1982-09-25,Caesars Palace Grand Prix Circuit,United States,Michele Alboreto,John Watson,Eddie Cheever
1983,Brazilian Grand Prix,1,1983-03-13,Jacarepagua,Brazil,Nelson Piquet,Not Awarded (Rosberg disqualified),Niki Lauda
1983,United States Grand Prix West,2,1983-03-27,Long Beach Street Circuit,United States,John Watson,Niki Lauda,Rene Arnoux
1983,French Grand Prix,3,1983-04-17,Circuit Paul Ricard,France,Alain Prost,Nelson Piquet,Eddie Cheever
1983,San Marino Grand Prix,4,1983-05-01,Autodromo Dino Ferrari,Italy,Patrick Tambay,Alain Prost,Rene Arnoux
1983,Monaco Grand Prix,5,1983-05-15,Circuit de Monaco,Monaco,Keke Rosberg,Nelson Piquet,Alain Prost
1983,Belgian Grand Prix,6,1983-05-22,Circuit de Spa-Francorchamps,Belgium,Alain Prost,Patrick Tambay,Eddie Cheever
1983,Detroit Grand Prix,7,1983-06-05,Detroit Street Circuit,United States,Michele Alboreto,Keke Rosberg,John Watson
1983,Canadian Grand Prix,8,1983-06-12,Circuit Gilles Villeneuve,Canada,Rene Arnoux,Eddie Cheever,Patrick Tambay
1983,British Grand Prix,9,1983-07-16,Silverstone Circuit,United Kingdom,Alain Prost,Nelson Piquet,Patrick Tambay
1983,German Grand Prix,10,1983-08-07,Hockenheimring,Germany,Rene Arnoux,Andrea de Cesaris,Riccardo Patrese
1983,Austrian Grand Prix,11,1983-08-14,Osterreichring,Austria,Alain Prost,Rene Arnoux,Nelson Piquet
1983,Dutch Grand Prix,12,1983-08-28,Circuit Park Zandvoort,Netherlands,Rene Arnoux,Patrick Tambay,John Watson
1983,Italian Grand Prix,13,1983-09-11,Autodromo Nazionale di Monza,Italy,Nelson Piquet,Rene Arnoux,Eddie Cheever
1983,European Grand Prix,14,1983-09-25,Brands Hatch,United Kingdom,Nelson Piquet,Alain Prost,Nigel Mansell
1983,South African Grand Prix,15,1983-10-15,Kyalami Grand Prix Circuit,South Africa,Riccardo Patrese,Andrea de Cesaris,Nelson Piquet
1984,Brazilian Grand Prix,1,1984-03-25,Jacarepagua,Brazil,Alain Prost,Niki Lauda,Elio de Angelis
1984,South African Grand Prix,2,1984-04-07,Kyalami Grand Prix Circuit,South Africa,Niki Lauda,Alain Prost,Derek Warwick
1984,Belgian Grand Prix,3,1984-04-29,Circuit Zolder,Belgium,Michele Alboreto,Derek Warwick,Rene Arnoux
1984,San Marino Grand Prix,4,1984-05-06,Autodromo Dino Ferrari,Italy,Alain Prost,Rene Arnoux,Elio de Angelis
1984,French Grand Prix,5,1984-05-20,Dijon-Prenois,France,Niki Lauda,Patrick Tambay,Nigel Mansell
1984,Monaco Grand Prix,6,1984-06-03,Circuit de Monaco,Monaco,Alain Prost,Ayrton Senna,Stefan Bellof
1984,Canadian Grand Prix,7,1984-06-17,Circuit Gilles Villeneuve,Canada,Nelson Piquet,Niki Lauda,Alain Prost
1984,Detroit Grand Prix,8,1984-06-24,Detroit Street Circuit,United States,Nelson Piquet,Martin Brundle,Elio de Angelis
1984,Dallas Grand Prix,9,1984-07-08,Fair Park Street Circuit,United States,Keke Rosberg,Rene Arnoux,Elio de Angelis
1984,British Grand Prix,10,1984-07-22,Brands Hatch,United Kingdom,Niki Lauda,Derek Warwick,Ayrton Senna
1984,German Grand Prix,11,1984-08-05,Hockenheimring,Germany,Alain Prost,Niki Lauda,Derek Warwick
1984,Austrian Grand Prix,12,1984-08-19,Osterreichring,Austria,Niki Lauda,Nelson Piquet,Michele Alboreto
1984,Dutch Grand Prix,13,1984-08-26,Circuit Park Zandvoort,Netherlands,Alain Prost,Niki Lauda,Nigel Mansell
1984,Italian Grand Prix,14,1984-09-09,Autodromo Nazionale di Monza,Italy,Niki Lauda,Michele Alboreto,Riccardo Patrese
1984,European Grand Prix,15,1984-10-07,Nurburgring,Germany,Alain Prost,Michele Alboreto,Nelson Piquet
1984,Portuguese Grand Prix,16,1984-10-21,Autodromo do Estoril,Portugal,Alain Prost,Niki Lauda,Ayrton Senna
1985,Brazilian Grand Prix,1,1985-04-07,Jacarepagua,Brazil,Alain Prost,Michele Alboreto,Elio de Angelis
1985,Portuguese Grand Prix,2,1985-04-21,Autodromo do Estoril,Portugal,Ayrton Senna,Michele Alboreto,Patrick Tambay
1985,San Marino Grand Prix,3,1985-05-05,Autodromo Dino Ferrari,Italy,Elio de Angelis,Thierry Boutsen,Patrick Tambay
1985,Monaco Grand Prix,4,1985-05-19,Circuit de Monaco,Monaco,Alain Prost,Michele Alboreto,Elio de Angelis
1985,Canadian Grand Prix,5,1985-06-16,Circuit Gilles Villeneuve,Canada,Michele Alboreto,Stefan Johansson,Alain Prost
1985,Detroit Grand Prix,6,1985-06-23,Detroit Street Circuit,United States,Keke Rosberg,Stefan Johansson,Michele Alboreto
1985,French Grand Prix,7,1985-07-07,Circuit Paul Ricard,France,Nelson Piquet,Keke Rosberg,Alain Prost
1985,British Grand Prix,8,1985-07-21,Silverstone Circuit,United Kingdom,Alain Prost,Michele Alboreto,Jacques Laffite
1985,German Grand Prix,9,1985-08-04,Nurburgring,Germany,Michele Alboreto,Alain Prost,Jacques Laffite
1985,Austrian Grand Prix,10,1985-08-18,Osterreichring,Austria,Alain Prost,Ayrton Senna,Michele Alboreto
1985,Dutch Grand Prix,11,1985-08-25,Circuit Zandvoort,Netherlands,Niki Lauda,Alain Prost,Ayrton Senna
1985,Italian Grand Prix,12,1985-09-08,Autodromo Nazionale di Monza,Italy,Alain Prost,Nelson Piquet,Ayrton Senna
1985,Belgian Grand Prix,13,1985-09-15,Circuit de Spa-Francorchamps,Belgium,Ayrton Senna,Nigel Mansell,Alain Prost
1985,European Grand Prix,14,1985-10-06,Brands Hatch,United Kingdom,Nigel Mansell,Ayrton Senna,Keke Rosberg
1985,South African Grand Prix,15,1985-10-19,Kyalami Grand Prix Circuit,South Africa,Nigel Mansell,Keke Rosberg,Alain Prost
1985,Australian Grand Prix,16,1985-11-03,Adelaide Street Circuit,Australia,Keke Rosberg,Jacques Laffite,Philippe Streiff
1986,Brazilian Grand Prix,1,1986-03-23,Jacarepagua,Brazil,Nelson Piquet,Ayrton Senna,Jacques Laffite
1986,Spanish Grand Prix,2,1986-04-13,Circuito de Jerez,Spain,Ayrton Senna,Nigel Mansell,Alain Prost
1986,San Marino Grand Prix,3,1986-04-27,Autodromo Dino Ferrari,Italy,Alain Prost,Nelson Piquet,Gerhard Berger
1986,Monaco Grand Prix,4,1986-05-11,Circuit de Monaco,Monaco,Alain Prost,Keke Rosberg,Ayrton Senna
1986,Belgian Grand Prix,5,1986-05-25,Circuit de Spa-Francorchamps,Belgium,Nigel Mansell,Ayrton Senna,Stefan Johansson
1986,Canadian Grand Prix,6,1986-06-15,Circuit Gilles Villeneuve,Canada,Nigel Mansell,Alain Prost,Nelson Piquet
1986,Detroit Grand Prix,7,1986-06-22,Detroit Street Circuit,United States,Ayrton Senna,Jacques Laffite,Alain Prost
1986,French Grand Prix,8,1986-07-06,Circuit Paul Ricard,France,Nigel Mansell,Alain Prost,Nelson Piquet
1986,British Grand Prix,9,1986-07-13,Brands Hatch,United Kingdom,Nigel Mansell,Nelson Piquet,Alain Prost
1986,German Grand Prix,10,1986-07-27,Hockenheimring,Germany,Nelson Piquet,Ayrton Senna,Nigel Mansell
1986,Hungarian Grand Prix,11,1986-08-10,Hungaroring,Hungary,Nelson Piquet,Ayrton Senna,Nigel Mansell
1986,Austrian Grand Prix,12,1986-08-17,Osterreichring,Austria,Alain Prost,Michele Alboreto,Stefan Johansson
1986,Italian Grand Prix,13,1986-09-07,Autodromo Nazionale di Monza,Italy,Nelson Piquet,Nigel Mansell,Stefan Johansson
1986,Portuguese Grand Prix,14,1986-09-21,Autodromo do Estoril,Portugal,Nigel Mansell,Alain Prost,Nelson Piquet
1986,Mexican Grand Prix,15,1986-10-12,Autodromo Hermanos Rodriguez,Mexico,Gerhard Berger,Alain Prost,Ayrton Senna
1986,Australian Grand Prix,16,1986-10-26,Adelaide Street Circuit,Australia,Alain Prost,Nelson Piquet,Stefan Johansson
1987,Brazilian Grand Prix,1,1987-04-12,Jacarepagua,Brazil,Alain Prost,Nelson Piquet,Stefan Johansson
1987,San Marino Grand Prix,2,1987-05-03,Autodromo Dino Ferrari,Italy,Nigel Mansell,Ayrton Senna,Michele Alboreto
1987,Belgian Grand Prix,3,1987-05-17,Circuit de Spa-Francorchamps,Belgium,Alain Prost,Stefan Johansson,Andrea de Cesaris
1987,Monaco Grand Prix,4,1987-05-31,Circuit de Monaco,Monaco,Ayrton Senna,Nelson Piquet,Michele Alboreto
1987,Detroit Grand Prix,5,1987-06-21,Detroit Street Circuit,United States,Ayrton Senna,Nelson Piquet,Alain Prost
1987,French Grand Prix,6,1987-07-05,Circuit Paul Ricard,France,Nigel Mansell,Nelson Piquet,Alain Prost
1987,British Grand Prix,7,1987-07-12,Silverstone Circuit,United Kingdom,Nigel Mansell,Nelson Piquet,Ayrton Senna
1987,German Grand Prix,8,1987-07-26,Hockenheimring,Germany,Nelson Piquet,Stefan Johansson,Ayrton Senna
1987,Hungarian Grand Prix,9,1987-08-09,Hungaroring,Hungary,Nelson Piquet,Ayrton Senna,Alain Prost
1987,Austrian Grand Prix,10,1987-08-16,Osterreichring,Austria,Nigel Mansell,Nelson Piquet,Teo Fabi
1987,Italian Grand Prix,11,1987-09-06,Autodromo Nazionale di Monza,Italy,Nelson Piquet,Ayrton Senna,Nigel Mansell
1987,Portuguese Grand Prix,12,1987-09-20,Autodromo do Estoril,Portugal,Alain Prost,Gerhard Berger,Nelson Piquet
1987,Spanish Grand Prix,13,1987-09-27,Circuito de Jerez,Spain,Nigel Mansell,Alain Prost,Stefan Johansson
1987,Mexican Grand Prix,14,1987-10-18,Autodromo Hermanos Rodriguez,Mexico,Nigel Mansell,Nelson Piquet,Riccardo Patrese
1987,Japanese Grand Prix,15,1987-11-01,Suzuka Circuit,Japan,Gerhard Berger,Ayrton Senna,Stefan Johansson
1987,Australian Grand Prix,16,1987-11-15,Adelaide Street Circuit,Australia,Gerhard Berger,Michele Alboreto,Thierry Boutsen
1988,Brazilian Grand Prix,1,1988-04-03,Autodromo Internacional Nelson Piquet,Brazil,Alain Prost,Gerhard Berger,Nelson Piquet
1988,San Marino Grand Prix,2,1988-05-01,Autodromo Enzo e Dino Ferrari,Italy,Ayrton Senna,Alain Prost,Nelson Piquet
1988,Monaco Grand Prix,3,1988-05-15,Circuit de Monaco,Monaco,Alain Prost,Gerhard Berger,Michele Alboreto
1988,Mexican Grand Prix,4,1988-05-29,Autodromo Hermanos Rodriguez,Mexico,Alain Prost,Ayrton Senna,Gerhard Berger
1988,Canadian Grand Prix,5,1988-06-12,Circuit Gilles Villeneuve,Canada,Ayrton Senna,Alain Prost,Thierry Boutsen
1988,Detroit Grand Prix,6,1988-06-19,Detroit Street Circuit,United States,Ayrton Senna,Alain Prost,Thierry Boutsen
1988,French Grand Prix,7,1988-07-03,Circuit Paul Ricard,France,Alain Prost,Ayrton Senna,Michele Alboreto
1988,British Grand Prix,8,1988-07-10,Silverstone Circuit,United Kingdom,Ayrton Senna,Nigel Mansell,Alessandro Nannini
1988,German Grand Prix,9,1988-07-24,Hockenheimring,Germany,Ayrton Senna,Alain Prost,Gerhard Berger
1988,Hungarian Grand Prix,10,1988-08-07,Hungaroring,Hungary,Ayrton Senna,Alain Prost,Thierry Boutsen
1988,Belgian Grand Prix,11,1988-08-28,Circuit de Spa-Francorchamps,Belgium,Ayrton Senna,Alain Prost,Ivan Capelli
1988,Italian Grand Prix,12,1988-09-11,Autodromo Nazionale di Monza,Italy,Gerhard Berger,Michele Alboreto,Eddie Cheever
1988,Portuguese Grand Prix,13,1988-09-25,Autodromo do Estoril,Portugal,Alain Prost,Ivan Capelli,Thierry Boutsen
1988,Spanish Grand Prix,14,1988-10-02,Circuito de Jerez,Spain,Alain Prost,Nigel Mansell,Alessandro Nannini
1988,Japanese Grand Prix,15,1988-10-30,Suzuka Circuit,Japan,Ayrton Senna,Alain Prost,Thierry Boutsen
1988,Australian Grand Prix,16,1988-11-13,Adelaide Street Circuit,Australia,Alain Prost,Ayrton Senna,Nelson Piquet
1989,Brazilian Grand Prix,1,1989-03-26,Autodromo Internacional Nelson Piquet,Brazil,Nigel Mansell,Alain Prost,Mauricio Gugelmin
1989,San Marino Grand Prix,2,1989-04-23,Autodromo Enzo e Dino Ferrari,Italy,Ayrton Senna,Alain Prost,Alessandro Nannini
1989,Monaco Grand Prix,3,1989-05-07,Circuit de Monaco,Monaco,Ayrton Senna,Alain Prost,Stefano Modena
1989,Mexican Grand Prix,4,1989-05-28,Autodromo Hermanos Rodriguez,Mexico,Ayrton Senna,Riccardo Patrese,Michele Alboreto
1989,United States Grand Prix,5,1989-06-04,Phoenix Street Circuit,United States,Alain Prost,Riccardo Patrese,Eddie Cheever
1989,Canadian Grand Prix,6,1989-06-18,Circuit Gilles Villeneuve,Canada,Thierry Boutsen,Riccardo Patrese,Andrea de Cesaris
1989,French Grand Prix,7,1989-07-09,Circuit Paul Ricard,France,Alain Prost,Nigel Mansell,Riccardo Patrese
1989,British Grand Prix,8,1989-07-16,Silverstone Circuit,United Kingdom,Alain Prost,Nigel Mansell,Alessandro Nannini
1989,German Grand Prix,9,1989-07-30,Hockenheimring,Germany,Ayrton Senna,Alain Prost,Nigel Mansell
1989,Hungarian Grand Prix,10,1989-08-13,Hungaroring,Hungary,Nigel Mansell,Ayrton Senna,Thierry Boutsen
1989,Belgian Grand Prix,11,1989-08-27,Circuit de Spa-Francorchamps,Belgium,Ayrton Senna,Alain Prost,Nigel Mansell
1989,Italian Grand Prix,12,1989-09-10,Autodromo Nazionale di Monza,Italy,Alain Prost,Gerhard Berger,Thierry Boutsen
1989,Portuguese Grand Prix,13,1989-09-24,Autodromo do Estoril,Portugal,Gerhard Berger,Alain Prost,Stefan Johansson
1989,Spanish Grand Prix,14,1989-10-01,Circuito de Jerez,Spain,Ayrton Senna,Gerhard Berger,Alain Prost
1989,Japanese Grand Prix,15,1989-10-22,Suzuka Circuit,Japan,Alessandro Nannini,Riccardo Patrese,Thierry Boutsen
1989,Australian Grand Prix,16,1989-11-05,Adelaide Street Circuit,Australia,Thierry Boutsen,Alessandro Nannini,Riccardo Patrese
1990,United States Grand Prix,1,1990-03-11,Phoenix Street Circuit,United States,Ayrton Senna,Jean Alesi,Thierry Boutsen
1990,Brazilian Grand Prix,2,1990-03-25,Autodromo Jose Carlos Pace,Brazil,Alain Prost,Gerhard Berger,Ayrton Senna
1990,San Marino Grand Prix,3,1990-05-13,Autodromo Enzo e Dino Ferrari,Italy,Riccardo Patrese,Gerhard Berger,Alessandro Nannini
1990,Monaco Grand Prix,4,1990-05-27,Circuit de Monaco,Monaco,Ayrton Senna,Jean Alesi,Gerhard Berger
1990,Canadian Grand Prix,5,1990-06-10,Circuit Gilles Villeneuve,Canada,Ayrton Senna,Nelson Piquet,Nigel Mansell
1990,Mexican Grand Prix,6,1990-06-24,Autodromo Hermanos Rodriguez,Mexico,Alain Prost,Nigel Mansell,Gerhard Berger
1990,French Grand Prix,7,1990-07-08,Circuit Paul Ricard,France,Alain Prost,Ivan Capelli,Ayrton Senna
1990,British Grand Prix,8,1990-07-15,Silverstone Circuit,United Kingdom,Alain Prost,Thierry Boutsen,Ayrton Senna
1990,German Grand Prix,9,1990-07-29,Hockenheimring,Germany,Ayrton Senna,Alessandro Nannini,Gerhard Berger
1990,Hungarian Grand Prix,10,1990-08-12,Hungaroring,Hungary,Thierry Boutsen,Ayrton Senna,Nelson Piquet
1990,Belgian Grand Prix,11,1990-08-26,Circuit de Spa-Francorchamps,Belgium,Ayrton Senna,Alain Prost,Gerhard Berger
1990,Italian Grand Prix,12,1990-09-09,Autodromo Nazionale di Monza,Italy,Ayrton Senna,Alain Prost,Gerhard Berger
1990,Portuguese Grand Prix,13,1990-09-23,Autodromo do Estoril,Portugal,Nigel Mansell,Ayrton Senna,Alain Prost
1990,Spanish Grand Prix,14,1990-09-30,Circuito de Jerez,Spain,Alain Prost,Nigel Mansell,Alessandro Nannini
1990,Japanese Grand Prix,15,1990-10-21,Suzuka Circuit,Japan,Nelson Piquet,Roberto Moreno,Aguri Suzuki
1990,Australian Grand Prix,16,1990-11-04,Adelaide Street Circuit,Australia,Nelson Piquet,Nigel Mansell,Alain Prost
1991,United States Grand Prix,1,1991-03-10,Phoenix Street Circuit,United States,Ayrton Senna,Alain Prost,Nelson Piquet
1991,Brazilian Grand Prix,2,1991-03-24,Autodromo Jose Carlos Pace,Brazil,Ayrton Senna,Riccardo Patrese,Gerhard Berger
1991,San Marino Grand Prix,3,1991-04-28,Autodromo Enzo e Dino Ferrari,Italy,Ayrton Senna,Gerhard Berger,JJ Lehto
1991,Monaco Grand Prix,4,1991-05-12,Circuit de Monaco,Monaco,Ayrton Senna,Nigel Mansell,Jean Alesi
1991,Canadian Grand Prix,5,1991-06-02,Circuit Gilles Villeneuve,Canada,Nelson Piquet,Stefano Modena,Riccardo Patrese
1991,Mexican Grand Prix,6,1991-06-16,Autodromo Hermanos Rodriguez,Mexico,Riccardo Patrese,Nigel Mansell,Ayrton Senna
1991,French Grand Prix,7,1991-07-07,Circuit de Nevers Magny-Cours,France,Nigel Mansell,Alain Prost,Ayrton Senna
1991,British Grand Prix,8,1991-07-14,Silverstone Circuit,United Kingdom,Nigel Mansell,Gerhard Berger,Alain Prost
1991,German Grand Prix,9,1991-07-28,Hockenheimring,Germany,Nigel Mansell,Riccardo Patrese,Jean Alesi
1991,Hungarian Grand Prix,10,1991-08-11,Hungaroring,Hungary,Ayrton Senna,Nigel Mansell,Riccardo Patrese
1991,Belgian Grand Prix,11,1991-08-25,Circuit de Spa-Francorchamps,Belgium,Ayrton Senna,Gerhard Berger,Nelson Piquet
1991,Italian Grand Prix,12,1991-09-08,Autodromo Nazionale di Monza,Italy,Nigel Mansell,Ayrton Senna,Alain Prost
1991,Portuguese Grand Prix,13,1991-09-22,Autodromo do Estoril,Portugal,Riccardo Patrese,Ayrton Senna,Jean Alesi
1991,Spanish Grand Prix,14,1991-09-29,Circuit de Barcelona-Catalunya,Spain,Nigel Mansell,Alain Prost,Riccardo Patrese
1991,Japanese Grand Prix,15,1991-10-20,Suzuka Circuit,Japan,Gerhard Berger,Ayrton Senna,Riccardo Patrese
1991,Australian Grand Prix,16,1991-11-03,Adelaide Street Circuit,Australia,Ayrton Senna,Nigel Mansell,Gerhard Berger
1992,South African Grand Prix,1,1992-03-01,Kyalami Grand Prix Circuit,South Africa,Nigel Mansell,Riccardo Patrese,Ayrton Senna
1992,Mexican Grand Prix,2,1992-03-22,Autodromo Hermanos Rodriguez,Mexico,Nigel Mansell,Riccardo Patrese,Michael Schumacher
1992,Brazilian Grand Prix,3,1992-04-05,Autodromo Jose Carlos Pace,Brazil,Nigel Mansell,Riccardo Patrese,Michael Schumacher
1992,Spanish Grand Prix,4,1992-05-03,Circuit de Barcelona-Catalunya,Spain,Nigel Mansell,Michael Schumacher,Jean Alesi
1992,San Marino Grand Prix,5,1992-05-17,Autodromo Enzo e Dino Ferrari,Italy,Nigel Mansell,Riccardo Patrese,Ayrton Senna
1992,Monaco Grand Prix,6,1992-05-31,Circuit de Monaco,Monaco,Ayrton Senna,Nigel Mansell,Riccardo Patrese
1992,Canadian Grand Prix,7,1992-06-14,Circuit Gilles Villeneuve,Canada,Gerhard Berger,Michael Schumacher,Jean Alesi
1992,French Grand Prix,8,1992-07-05,Circuit de Nevers Magny-Cours,France,Nigel Mansell,Riccardo Patrese,Martin Brundle
1992,British Grand Prix,9,1992-07-12,Silverstone Circuit,United Kingdom,Nigel Mansell,Riccardo Patrese,Martin Brundle
1992,German Grand Prix,10,1992-07-26,Hockenheimring,Germany,Nigel Mansell,Ayrton Senna,Michael Schumacher
1992,Hungarian Grand Prix,11,1992-08-16,Hungaroring,Hungary,Ayrton Senna,Nigel Mansell,Gerhard Berger
1992,Belgian Grand Prix,12,1992-08-30,Circuit de Spa-Francorchamps,Belgium,Michael Schumacher,Nigel Mansell,Riccardo Patrese
1992,Italian Grand Prix,13,1992-09-13,Autodromo Nazionale di Monza,Italy,Ayrton Senna,Martin Brundle,Michael Schumacher
1992,Portuguese Grand Prix,14,1992-09-27,Autodromo do Estoril,Portugal,Nigel Mansell,Gerhard Berger,Ayrton Senna
1992,Japanese Grand Prix,15,1992-10-25,Suzuka Circuit,Japan,Riccardo Patrese,Gerhard Berger,Martin Brundle
1992,Australian Grand Prix,16,1992-11-08,Adelaide Street Circuit,Australia,Gerhard Berger,Michael Schumacher,Martin Brundle
1993,South African Grand Prix,1,1993-03-14,Kyalami Grand Prix Circuit,South Africa,Alain Prost,Ayrton Senna,Mark Blundell
1993,Brazilian Grand Prix,2,1993-03-28,Autodromo Jose Carlos Pace,Brazil,Ayrton Senna,Damon Hill,Michael Schumacher
1993,European Grand Prix,3,1993-04-11,Donington Park,United Kingdom,Ayrton Senna,Damon Hill,Alain Prost
1993,San Marino Grand Prix,4,1993-04-25,Autodromo Enzo e Dino Ferrari,Italy,Alain Prost,Michael Schumacher,Martin Brundle
1993,Spanish Grand Prix,5,1993-05-09,Circuit de Barcelona-Catalunya,Spain,Alain Prost,Ayrton Senna,Michael Schumacher
1993,Monaco Grand Prix,6,1993-05-23,Circuit de Monaco,Monaco,Ayrton Senna,Damon Hill,Jean Alesi
1993,Canadian Grand Prix,7,1993-06-13,Circuit Gilles Villeneuve,Canada,Alain Prost,Michael Schumacher,Damon Hill
1993,French Grand Prix,8,1993-07-04,Circuit de Nevers Magny-Cours,France,Alain Prost,Damon Hill,Michael Schumacher
1993,British Grand Prix,9,1993-07-11,Silverstone Circuit,United Kingdom,Alain Prost,Michael Schumacher,Riccardo Patrese
1993,German Grand Prix,10,1993-07-25,Hockenheimring,Germany,Alain Prost,Michael Schumacher,Mark Blundell
1993,Hungarian Grand Prix,11,1993-08-15,Hungaroring,Hungary,Damon Hill,Riccardo Patrese,Gerhard Berger
1993,Belgian Grand Prix,12,1993-08-29,Circuit de Spa-Francorchamps,Belgium,Damon Hill,Michael Schumacher,Alain Prost
1993,Italian Grand Prix,13,1993-09-12,Autodromo Nazionale di Monza,Italy,Damon Hill,Jean Alesi,Michael Andretti
1993,Portuguese Grand Prix,14,1993-09-26,Autodromo do Estoril,Portugal,Michael Schumacher,Alain Prost,Damon Hill
1993,Japanese Grand Prix,15,1993-10-24,Suzuka Circuit,Japan,Ayrton Senna,Alain Prost,Mika Hakkinen
1993,Australian Grand Prix,16,1993-11-07,Adelaide Street Circuit,Australia,Ayrton Senna,Alain Prost,Damon Hill
1994,Brazilian Grand Prix,1,1994-03-27,Autodromo Jose Carlos Pace,Brazil,Michael Schumacher,Damon Hill,Jean Alesi
1994,Pacific Grand Prix,2,1994-04-17,TI Circuit,Japan,Michael Schumacher,Gerhard Berger,Rubens Barrichello
1994,San Marino Grand Prix,3,1994-05-01,Autodromo Enzo e Dino Ferrari,Italy,Michael Schumacher,Nicola Larini,Mika Hakkinen
1994,Monaco Grand Prix,4,1994-05-15,Circuit de Monaco,Monaco,Michael Schumacher,Martin Brundle,Gerhard Berger
1994,Spanish Grand Prix,5,1994-05-29,Circuit de Barcelona-Catalunya,Spain,Damon Hill,Michael Schumacher,Mark Blundell
1994,Canadian Grand Prix,6,1994-06-12,Circuit Gilles Villeneuve,Canada,Michael Schumacher,Damon Hill,Jean Alesi
1994,French Grand Prix,7,1994-07-03,Circuit de Nevers Magny-Cours,France,Michael Schumacher,Damon Hill,Gerhard Berger
1994,British Grand Prix,8,1994-07-10,Silverstone Circuit,United Kingdom,Damon Hill,Jean Alesi,Mika Hakkinen
1994,German Grand Prix,9,1994-07-31,Hockenheimring,Germany,Gerhard Berger,Olivier Panis,Eric Bernard
1994,Hungarian Grand Prix,10,1994-08-14,Hungaroring,Hungary,Michael Schumacher,Damon Hill,Jos Verstappen
1994,Belgian Grand Prix,11,1994-08-28,Circuit de Spa-Francorchamps,Belgium,Damon Hill,Mika Hakkinen,Jos Verstappen
1994,Italian Grand Prix,12,1994-09-11,Autodromo Nazionale di Monza,Italy,Damon Hill,Gerhard Berger,Mika Hakkinen
1994,Portuguese Grand Prix,13,1994-09-25,Autodromo do Estoril,Portugal,Damon Hill,David Coulthard,Mika Hakkinen
1994,European Grand Prix,14,1994-10-16,Circuito Permanente de Jerez,Spain,Michael Schumacher,Damon Hill,Mika Hakkinen
1994,Japanese Grand Prix,15,1994-11-06,Suzuka Circuit,Japan,Damon Hill,Michael Schumacher,Jean Alesi
1994,Australian Grand Prix,16,1994-11-13,Adelaide Street Circuit,Australia,Nigel Mansell,Gerhard Berger,Martin Brundle
1995,Brazilian Grand Prix,1,1995-03-26,Autodromo Jose Carlos Pace,Brazil,Michael Schumacher,David Coulthard,Gerhard Berger
1995,Argentine Grand Prix,2,1995-04-09,Autodromo Oscar Alfredo Galvez,Argentina,Damon Hill,Jean Alesi,Michael Schumacher
1995,San Marino Grand Prix,3,1995-04-30,Autodromo Enzo e Dino Ferrari,Italy,Damon Hill,Jean Alesi,Gerhard Berger
1995,Spanish Grand Prix,4,1995-05-14,Circuit de Barcelona-Catalunya,Spain,Michael Schumacher,Johnny Herbert,Gerhard Berger
1995,Monaco Grand Prix,5,1995-05-28,Circuit de Monaco,Monaco,Michael Schumacher,Damon Hill,Gerhard Berger
1995,Canadian Grand Prix,6,1995-06-11,Circuit Gilles Villeneuve,Canada,Jean Alesi,Rubens Barrichello,Eddie Irvine
1995,French Grand Prix,7,1995-07-02,Circuit de Nevers Magny-Cours,France,Michael Schumacher,Damon Hill,David Coulthard
1995,British Grand Prix,8,1995-07-16,Silverstone Circuit,United Kingdom,Johnny Herbert,Jean Alesi,David Coulthard
1995,German Grand Prix,9,1995-07-30,Hockenheimring,Germany,Michael Schumacher,David Coulthard,Gerhard Berger
1995,Hungarian Grand Prix,10,1995-08-13,Hungaroring,Hungary,Damon Hill,David Coulthard,Gerhard Berger
1995,Belgian Grand Prix,11,1995-08-27,Circuit de Spa-Francorchamps,Belgium,Michael Schumacher,Damon Hill,Martin Brundle
1995,Italian Grand Prix,12,1995-09-10,Autodromo Nazionale di Monza,Italy,Johnny Herbert,Mika Hakkinen,Heinz-Harald Frentzen
1995,Portuguese Grand Prix,13,1995-09-24,Autodromo do Estoril,Portugal,David Coulthard,Michael Schumacher,Damon Hill
1995,European Grand Prix,14,1995-10-01,Nurburgring,Germany,Michael Schumacher,Jean Alesi,David Coulthard
1995,Pacific Grand Prix,15,1995-10-22,TI Circuit,Japan,Michael Schumacher,David Coulthard,Damon Hill
1995,Japanese Grand Prix,16,1995-10-29,Suzuka Circuit,Japan,Michael Schumacher,Mika Hakkinen,Johnny Herbert
1995,Australian Grand Prix,17,1995-11-12,Adelaide Street Circuit,Australia,Damon Hill,Olivier Panis,Gianni Morbidelli
1996,Australian Grand Prix,1,1996-03-10,Albert Park Circuit,Australia,Damon Hill,Jacques Villeneuve,Eddie Irvine
1996,Brazilian Grand Prix,2,1996-03-31,Autodromo Jose Carlos Pace,Brazil,Damon Hill,Jean Alesi,Michael Schumacher
1996,Argentine Grand Prix,3,1996-04-07,Autodromo Oscar Alfredo Galvez,Argentina,Damon Hill,Jacques Villeneuve,David Coulthard
1996,European Grand Prix,4,1996-04-28,Nurburgring,Germany,Jacques Villeneuve,Michael Schumacher,David Coulthard
1996,San Marino Grand Prix,5,1996-05-05,Autodromo Enzo e Dino Ferrari,Italy,Damon Hill,Michael Schumacher,Gerhard Berger
1996,Monaco Grand Prix,6,1996-05-19,Circuit de Monaco,Monaco,Olivier Panis,David Coulthard,Johnny Herbert
1996,Spanish Grand Prix,7,1996-06-02,Circuit de Catalunya,Spain,Michael Schumacher,Jean Alesi,Jacques Villeneuve
1996,Canadian Grand Prix,8,1996-06-16,Circuit Gilles Villeneuve,Canada,Damon Hill,Jacques Villeneuve,Jean Alesi
1996,French Grand Prix,9,1996-06-30,Circuit de Nevers Magny-Cours,France,Damon Hill,Jacques Villeneuve,Jean Alesi
1996,British Grand Prix,10,1996-07-14,Silverstone Circuit,United Kingdom,Jacques Villeneuve,Gerhard Berger,Mika Hakkinen
1996,German Grand Prix,11,1996-07-28,Hockenheimring,Germany,Damon Hill,Jean Alesi,Jacques Villeneuve
1996,Hungarian Grand Prix,12,1996-08-11,Hungaroring,Hungary,Jacques Villeneuve,Damon Hill,Jean Alesi
1996,Belgian Grand Prix,13,1996-08-25,Circuit de Spa-Francorchamps,Belgium,Michael Schumacher,Jacques Villeneuve,Mika Hakkinen
1996,Italian Grand Prix,14,1996-09-08,Autodromo Nazionale di Monza,Italy,Michael Schumacher,Jean Alesi,Mika Hakkinen
1996,Portuguese Grand Prix,15,1996-09-22,Autodromo do Estoril,Portugal,Jacques Villeneuve,Damon Hill,Michael Schumacher
1996,Japanese Grand Prix,16,1996-10-13,Suzuka Circuit,Japan,Damon Hill,Michael Schumacher,Mika Hakkinen
1997,Australian Grand Prix,1,1997-03-09,Albert Park Circuit,Australia,David Coulthard,Michael Schumacher,Mika Hakkinen
1997,Brazilian Grand Prix,2,1997-03-30,Autodromo Jose Carlos Pace,Brazil,Jacques Villeneuve,Gerhard Berger,Olivier Panis
1997,Argentine Grand Prix,3,1997-04-13,Autodromo Oscar Alfredo Galvez,Argentina,Jacques Villeneuve,Eddie Irvine,Ralf Schumacher
1997,San Marino Grand Prix,4,1997-04-27,Autodromo Enzo e Dino Ferrari,Italy,Heinz-Harald Frentzen,Michael Schumacher,Eddie Irvine
1997,Monaco Grand Prix,5,1997-05-11,Circuit de Monaco,Monaco,Michael Schumacher,Rubens Barrichello,Eddie Irvine
1997,Spanish Grand Prix,6,1997-05-25,Circuit de Catalunya,Spain,Jacques Villeneuve,Olivier Panis,Jean Alesi
1997,Canadian Grand Prix,7,1997-06-15,Circuit Gilles Villeneuve,Canada,Michael Schumacher,Jean Alesi,Giancarlo Fisichella
1997,French Grand Prix,8,1997-06-29,Circuit de Nevers Magny-Cours,France,Michael Schumacher,Heinz-Harald Frentzen,Eddie Irvine
1997,British Grand Prix,9,1997-07-13,Silverstone Circuit,United Kingdom,Jacques Villeneuve,Jean Alesi,Alexander Wurz
1997,German Grand Prix,10,1997-07-27,Hockenheimring,Germany,Gerhard Berger,Michael Schumacher,Mika Hakkinen
1997,Hungarian Grand Prix,11,1997-08-10,Hungaroring,Hungary,Jacques Villeneuve,Damon Hill,Johnny Herbert
1997,Belgian Grand Prix,12,1997-08-24,Circuit de Spa-Francorchamps,Belgium,Michael Schumacher,Giancarlo Fisichella,Heinz-Harald Frentzen
1997,Italian Grand Prix,13,1997-09-07,Autodromo Nazionale di Monza,Italy,David Coulthard,Jean Alesi,Heinz-Harald Frentzen
1997,Austrian Grand Prix,14,1997-09-21,A1-Ring,Austria,Jacques Villeneuve,David Coulthard,Heinz-Harald Frentzen
1997,Luxembourg Grand Prix,15,1997-09-28,Nurburgring,Germany,Jacques Villeneuve,Jean Alesi,Heinz-Harald Frentzen
1997,Japanese Grand Prix,16,1997-10-12,Suzuka Circuit,Japan,Michael Schumacher,Heinz-Harald Frentzen,Eddie Irvine
1997,European Grand Prix,17,1997-10-26,Circuito Permanente de Jerez,Spain,Mika Hakkinen,David Coulthard,Jacques Villeneuve
1998,Australian Grand Prix,1,1998-03-08,Albert Park Circuit,Australia,Mika Hakkinen,David Coulthard,Heinz-Harald Frentzen
1998,Brazilian Grand Prix,2,1998-03-29,Autodromo Jose Carlos Pace,Brazil,Mika Hakkinen,David Coulthard,Michael Schumacher
1998,Argentine Grand Prix,3,1998-04-12,Autodromo Oscar Alfredo Galvez,Argentina,Michael Schumacher,Mika Hakkinen,Eddie Irvine
1998,San Marino Grand Prix,4,1998-04-26,Autodromo Enzo e Dino Ferrari,Italy,David Coulthard,Michael Schumacher,Eddie Irvine
1998,Spanish Grand Prix,5,1998-05-10,Circuit de Catalunya,Spain,Mika Hakkinen,David Coulthard,Michael Schumacher
1998,Monaco Grand Prix,6,1998-05-24,Circuit de Monaco,Monaco,Mika Hakkinen,Giancarlo Fisichella,Eddie Irvine
1998,Canadian Grand Prix,7,1998-06-07,Circuit Gilles Villeneuve,Canada,Michael Schumacher,Giancarlo Fisichella,Eddie Irvine
1998,French Grand Prix,8,1998-06-28,Circuit de Nevers Magny-Cours,France,Michael Schumacher,Eddie Irvine,Mika Hakkinen
1998,British Grand Prix,9,1998-07-12,Silverstone Circuit,United Kingdom,Michael Schumacher,Mika Hakkinen,Eddie Irvine
1998,Austrian Grand Prix,10,1998-07-26,A1-Ring,Austria,Mika Hakkinen,David Coulthard,Michael Schumacher
1998,German Grand Prix,11,1998-08-02,Hockenheimring,Germany,Mika Hakkinen,David Coulthard,Jacques Villeneuve
1998,Hungarian Grand Prix,12,1998-08-16,Hungaroring,Hungary,Michael Schumacher,David Coulthard,Jacques Villeneuve
1998,Belgian Grand Prix,13,1998-08-30,Circuit de Spa-Francorchamps,Belgium,Damon Hill,Ralf Schumacher,Jean Alesi
1998,Italian Grand Prix,14,1998-09-13,Autodromo Nazionale di Monza,Italy,Michael Schumacher,Eddie Irvine,Ralf Schumacher
1998,Luxembourg Grand Prix,15,1998-09-27,Nurburgring,Germany,Mika Hakkinen,Michael Schumacher,David Coulthard
1998,Japanese Grand Prix,16,1998-11-01,Suzuka Circuit,Japan,Mika Hakkinen,Eddie Irvine,David Coulthard
1999,Australian Grand Prix,1,1999-03-07,Albert Park Circuit,Australia,Eddie Irvine,Heinz-Harald Frentzen,Ralf Schumacher
1999,Brazilian Grand Prix,2,1999-04-11,Autodromo Jose Carlos Pace,Brazil,Mika Hakkinen,Michael Schumacher,Heinz-Harald Frentzen
1999,San Marino Grand Prix,3,1999-05-02,Autodromo Enzo e Dino Ferrari,Italy,Michael Schumacher,David Coulthard,Rubens Barrichello
1999,Monaco Grand Prix,4,1999-05-16,Circuit de Monaco,Monaco,Michael Schumacher,Eddie Irvine,Mika Hakkinen
1999,Spanish Grand Prix,5,1999-05-30,Circuit de Catalunya,Spain,Mika Hakkinen,David Coulthard,Michael Schumacher
1999,Canadian Grand Prix,6,1999-06-13,Circuit Gilles Villeneuve,Canada,Mika Hakkinen,Giancarlo Fisichella,Eddie Irvine
1999,French Grand Prix,7,1999-06-27,Circuit de Nevers Magny-Cours,France,Heinz-Harald Frentzen,Mika Hakkinen,Rubens Barrichello
1999,British Grand Prix,8,1999-07-11,Silverstone Circuit,United Kingdom,David Coulthard,Eddie Irvine,Ralf Schumacher
1999,Austrian Grand Prix,9,1999-07-25,A1-Ring,Austria,Eddie Irvine,David Coulthard,Mika Hakkinen
1999,German Grand Prix,10,1999-08-01,Hockenheimring,Germany,Eddie Irvine,Mika Salo,Heinz-Harald Frentzen
1999,Hungarian Grand Prix,11,1999-08-15,Hungaroring,Hungary,Mika Hakkinen,David Coulthard,Eddie Irvine
1999,Belgian Grand Prix,12,1999-08-29,Circuit de Spa-Francorchamps,Belgium,David Coulthard,Mika Hakkinen,Heinz-Harald Frentzen
1999,Italian Grand Prix,13,1999-09-12,Autodromo Nazionale di Monza,Italy,Heinz-Harald Frentzen,Ralf Schumacher,Mika Salo
1999,European Grand Prix,14,1999-09-26,Nurburgring,Germany,Johnny Herbert,Jarno Trulli,Rubens Barrichello
1999,Malaysian Grand Prix,15,1999-10-17,Sepang International Circuit,Malaysia,Eddie Irvine,Michael Schumacher,Mika Hakkinen
1999,Japanese Grand Prix,16,1999-10-31,Suzuka Circuit,Japan,Mika Hakkinen,Michael Schumacher,Eddie Irvine
2000,Australian Grand Prix,1,2000-03-12,Albert Park Circuit,Australia,Michael Schumacher,Rubens Barrichello,Ralf Schumacher
2000,Brazilian Grand Prix,2,2000-03-26,Autodromo Jose Carlos Pace,Brazil,Michael Schumacher,Giancarlo Fisichella,Heinz-Harald Frentzen
2000,San Marino Grand Prix,3,2000-04-09,Autodromo Enzo e Dino Ferrari,Italy,Michael Schumacher,Mika Hakkinen,David Coulthard
2000,British Grand Prix,4,2000-04-23,Silverstone Circuit,United Kingdom,David Coulthard,Mika Hakkinen,Michael Schumacher
2000,Spanish Grand Prix,5,2000-05-07,Circuit de Catalunya,Spain,Mika Hakkinen,David Coulthard,Rubens Barrichello
2000,European Grand Prix,6,2000-05-21,Nurburgring,Germany,Michael Schumacher,Mika Hakkinen,David Coulthard
2000,Monaco Grand Prix,7,2000-06-04,Circuit de Monaco,Monaco,David Coulthard,Rubens Barrichello,Giancarlo Fisichella
2000,Canadian Grand Prix,8,2000-06-18,Circuit Gilles Villeneuve,Canada,Michael Schumacher,Rubens Barrichello,Giancarlo Fisichella
2000,French Grand Prix,9,2000-07-02,Circuit de Nevers Magny-Cours,France,David Coulthard,Mika Hakkinen,Rubens Barrichello
2000,Austrian Grand Prix,10,2000-07-16,A1-Ring,Austria,Mika Hakkinen,David Coulthard,Rubens Barrichello
2000,German Grand Prix,11,2000-07-30,Hockenheimring,Germany,Rubens Barrichello,Mika Hakkinen,David Coulthard
2000,Hungarian Grand Prix,12,2000-08-13,Hungaroring,Hungary,Mika Hakkinen,Michael Schumacher,David Coulthard
2000,Belgian Grand Prix,13,2000-08-27,Circuit de Spa-Francorchamps,Belgium,Mika Hakkinen,Michael Schumacher,Ralf Schumacher
2000,Italian Grand Prix,14,2000-09-10,Autodromo Nazionale di Monza,Italy,Michael Schumacher,Mika Hakkinen,Ralf Schumacher
2000,United States Grand Prix,15,2000-09-24,Indianapolis Motor Speedway,United States,Michael Schumacher,Rubens Barrichello,Heinz-Harald Frentzen
2000,Japanese Grand Prix,16,2000-10-08,Suzuka Circuit,Japan,Michael Schumacher,Mika Hakkinen,David Coulthard
2000,Malaysian Grand Prix,17,2000-10-22,Sepang International Circuit,Malaysia,Michael Schumacher,David Coulthard,Rubens Barrichello
2001,Australian Grand Prix,1,2001-03-04,Albert Park Circuit,Australia,Michael Schumacher,David Coulthard,Rubens Barrichello
2001,Malaysian Grand Prix,2,2001-03-18,Sepang International Circuit,Malaysia,Michael Schumacher,Rubens Barrichello,David Coulthard
2001,Brazilian Grand Prix,3,2001-04-01,Autodromo Jose Carlos Pace,Brazil,David Coulthard,Michael Schumacher,Nick Heidfeld
2001,San Marino Grand Prix,4,2001-04-15,Autodromo Enzo e Dino Ferrari,Italy,Ralf Schumacher,David Coulthard,Rubens Barrichello
2001,Spanish Grand Prix,5,2001-04-29,Circuit de Catalunya,Spain,Michael Schumacher,Juan Pablo Montoya,Jacques Villeneuve
2001,Austrian Grand Prix,6,2001-05-13,A1-Ring,Austria,David Coulthard,Rubens Barrichello,Michael Schumacher
2001,Monaco Grand Prix,7,2001-05-27,Circuit de Monaco,Monaco,Michael Schumacher,Rubens Barrichello,Eddie Irvine
2001,Canadian Grand Prix,8,2001-06-10,Circuit Gilles Villeneuve,Canada,Ralf Schumacher,Michael Schumacher,Mika Hakkinen
2001,European Grand Prix,9,2001-06-24,Nurburgring,Germany,Michael Schumacher,Juan Pablo Montoya,David Coulthard
2001,French Grand Prix,10,2001-07-01,Circuit de Nevers Magny-Cours,France,Michael Schumacher,Ralf Schumacher,Rubens Barrichello
2001,British Grand Prix,11,2001-07-15,Silverstone Circuit,United Kingdom,Mika Hakkinen,Michael Schumacher,Rubens Barrichello
2001,German Grand Prix,12,2001-07-29,Hockenheimring,Germany,Ralf Schumacher,Rubens Barrichello,Jacques Villeneuve
2001,Hungarian Grand Prix,13,2001-08-19,Hungaroring,Hungary,Michael Schumacher,Rubens Barrichello,David Coulthard
2001,Belgian Grand Prix,14,2001-09-02,Circuit de Spa-Francorchamps,Belgium,Michael Schumacher,David Coulthard,Giancarlo Fisichella
2001,Italian Grand Prix,15,2001-09-16,Autodromo Nazionale di Monza,Italy,Juan Pablo Montoya,Rubens Barrichello,Ralf Schumacher
2001,United States Grand Prix,16,2001-09-30,Indianapolis Motor Speedway,United States,Mika Hakkinen,Michael Schumacher,David Coulthard
2001,Japanese Grand Prix,17,2001-10-14,Suzuka Circuit,Japan,Michael Schumacher,Juan Pablo Montoya,David Coulthard
2002,Australian Grand Prix,1,2002-03-03,Albert Park Circuit,Australia,Michael Schumacher,Juan Pablo Montoya,Kimi Raikkonen
2002,Malaysian Grand Prix,2,2002-03-17,Sepang International Circuit,Malaysia,Ralf Schumacher,Juan Pablo Montoya,Michael Schumacher
2002,Brazilian Grand Prix,3,2002-03-31,Autodromo Jose Carlos Pace,Brazil,Michael Schumacher,Ralf Schumacher,David Coulthard
2002,San Marino Grand Prix,4,2002-04-14,Autodromo Enzo e Dino Ferrari,Italy,Michael Schumacher,Rubens Barrichello,Ralf Schumacher
2002,Spanish Grand Prix,5,2002-04-28,Circuit de Catalunya,Spain,Michael Schumacher,Juan Pablo Montoya,David Coulthard
2002,Austrian Grand Prix,6,2002-05-12,A1-Ring,Austria,Michael Schumacher,Rubens Barrichello,Juan Pablo Montoya
2002,Monaco Grand Prix,7,2002-05-26,Circuit de Monaco,Monaco,David Coulthard,Michael Schumacher,Ralf Schumacher
2002,Canadian Grand Prix,8,2002-06-09,Circuit Gilles Villeneuve,Canada,Michael Schumacher,Rubens Barrichello,David Coulthard
2002,European Grand Prix,9,2002-06-23,Nurburgring,Germany,Rubens Barrichello,Michael Schumacher,Kimi Raikkonen
2002,British Grand Prix,10,2002-07-07,Silverstone Circuit,United Kingdom,Michael Schumacher,Rubens Barrichello,Juan Pablo Montoya
2002,French Grand Prix,11,2002-07-21,Circuit de Nevers Magny-Cours,France,Michael Schumacher,Kimi Raikkonen,David Coulthard
2002,German Grand Prix,12,2002-07-28,Hockenheimring,Germany,Michael Schumacher,Juan Pablo Montoya,Ralf Schumacher
2002,Hungarian Grand Prix,13,2002-08-18,Hungaroring,Hungary,Rubens Barrichello,Michael Schumacher,Ralf Schumacher
2002,Belgian Grand Prix,14,2002-09-01,Circuit de Spa-Francorchamps,Belgium,Michael Schumacher,Rubens Barrichello,Juan Pablo Montoya
2002,Italian Grand Prix,15,2002-09-15,Autodromo Nazionale di Monza,Italy,Rubens Barrichello,Michael Schumacher,Eddie Irvine
2002,United States Grand Prix,16,2002-09-29,Indianapolis Motor Speedway,United States,Rubens Barrichello,Michael Schumacher,David Coulthard
2002,Japanese Grand Prix,17,2002-10-13,Suzuka Circuit,Japan,Michael Schumacher,Rubens Barrichello,Kimi Raikkonen
2003,Australian Grand Prix,1,2003-03-09,Albert Park Circuit,Australia,David Coulthard,Juan Pablo Montoya,Kimi Raikkonen
2003,Malaysian Grand Prix,2,2003-03-23,Sepang International Circuit,Malaysia,Kimi Raikkonen,Rubens Barrichello,Fernando Alonso
2003,Brazilian Grand Prix,3,2003-04-06,Autodromo Jose Carlos Pace,Brazil,Giancarlo Fisichella,Kimi Raikkonen,Fernando Alonso
2003,San Marino Grand Prix,4,2003-04-20,Autodromo Enzo e Dino Ferrari,Italy,Michael Schumacher,Kimi Raikkonen,Rubens Barrichello
2003,Spanish Grand Prix,5,2003-05-04,Circuit de Catalunya,Spain,Michael Schumacher,Fernando Alonso,Rubens Barrichello
2003,Austrian Grand Prix,6,2003-05-18,A1-Ring,Austria,Michael Schumacher,Kimi Raikkonen,Rubens Barrichello
2003,Monaco Grand Prix,7,2003-06-01,Circuit de Monaco,Monaco,Juan Pablo Montoya,Kimi Raikkonen,Michael Schumacher
2003,Canadian Grand Prix,8,2003-06-15,Circuit Gilles Villeneuve,Canada,Michael Schumacher,Ralf Schumacher,Juan Pablo Montoya
2003,European Grand Prix,9,2003-06-29,Nurburgring,Germany,Ralf Schumacher,Juan Pablo Montoya,Rubens Barrichello
2003,French Grand Prix,10,2003-07-06,Circuit de Nevers Magny-Cours,France,Ralf Schumacher,Juan Pablo Montoya,Michael Schumacher
2003,British Grand Prix,11,2003-07-20,Silverstone Circuit,United Kingdom,Rubens Barrichello,Juan Pablo Montoya,Kimi Raikkonen
2003,German Grand Prix,12,2003-08-03,Hockenheimring,Germany,Juan Pablo Montoya,David Coulthard,Jarno Trulli
2003,Hungarian Grand Prix,13,2003-08-24,Hungaroring,Hungary,Fernando Alonso,Kimi Raikkonen,Juan Pablo Montoya
2003,Italian Grand Prix,14,2003-09-14,Autodromo Nazionale di Monza,Italy,Michael Schumacher,Juan Pablo Montoya,Rubens Barrichello
2003,United States Grand Prix,15,2003-09-28,Indianapolis Motor Speedway,United States,Michael Schumacher,Kimi Raikkonen,Heinz-Harald Frentzen
2003,Japanese Grand Prix,16,2003-10-12,Suzuka Circuit,Japan,Rubens Barrichello,Kimi Raikkonen,David Coulthard
2004,Australian Grand Prix,1,2004-03-07,Albert Park Circuit,Australia,Michael Schumacher,Rubens Barrichello,Fernando Alonso
2004,Malaysian Grand Prix,2,2004-03-21,Sepang International Circuit,Malaysia,Michael Schumacher,Juan Pablo Montoya,Jenson Button
2004,Bahrain Grand Prix,3,2004-04-04,Bahrain International Circuit,Bahrain,Michael Schumacher,Rubens Barrichello,Jenson Button
2004,San Marino Grand Prix,4,2004-04-25,Autodromo Enzo e Dino Ferrari,Italy,Michael Schumacher,Jenson Button,Juan Pablo Montoya
2004,Spanish Grand Prix,5,2004-05-09,Circuit de Catalunya,Spain,Michael Schumacher,Rubens Barrichello,Jarno Trulli
2004,Monaco Grand Prix,6,2004-05-23,Circuit de Monaco,Monaco,Jarno Trulli,Jenson Button,Rubens Barrichello
2004,European Grand Prix,7,2004-05-30,Nurburgring,Germany,Michael Schumacher,Rubens Barrichello,Jenson Button
2004,Canadian Grand Prix,8,2004-06-13,Circuit Gilles Villeneuve,Canada,Michael Schumacher,Rubens Barrichello,Jenson Button
2004,United States Grand Prix,9,2004-06-20,Indianapolis Motor Speedway,United States,Michael Schumacher,Rubens Barrichello,Takuma Sato
2004,French Grand Prix,10,2004-07-04,Circuit de Nevers Magny-Cours,France,Michael Schumacher,Fernando Alonso,Rubens Barrichello
2004,British Grand Prix,11,2004-07-11,Silverstone Circuit,United Kingdom,Michael Schumacher,Kimi Raikkonen,Rubens Barrichello
2004,German Grand Prix,12,2004-07-25,Hockenheimring,Germany,Michael Schumacher,Jenson Button,Fernando Alonso
2004,Hungarian Grand Prix,13,2004-08-15,Hungaroring,Hungary,Michael Schumacher,Rubens Barrichello,Fernando Alonso
2004,Belgian Grand Prix,14,2004-08-29,Circuit de Spa-Francorchamps,Belgium,Kimi Raikkonen,Michael Schumacher,Rubens Barrichello
2004,Italian Grand Prix,15,2004-09-12,Autodromo Nazionale di Monza,Italy,Rubens Barrichello,Michael Schumacher,Jenson Button
2004,Chinese Grand Prix,16,2004-09-26,Shanghai International Circuit,China,Rubens Barrichello,Jenson Button,Kimi Raikkonen
2004,Japanese Grand Prix,17,2004-10-10,Suzuka Circuit,Japan,Michael Schumacher,Ralf Schumacher,Jenson Button
2004,Brazilian Grand Prix,18,2004-10-24,Autodromo Jose Carlos Pace,Brazil,Juan Pablo Montoya,Kimi Raikkonen,Rubens Barrichello
2005,Australian Grand Prix,1,2005-03-06,Albert Park Circuit,Australia,Giancarlo Fisichella,Rubens Barrichello,Fernando Alonso
2005,Malaysian Grand Prix,2,2005-03-20,Sepang International Circuit,Malaysia,Fernando Alonso,Jarno Trulli,Nick Heidfeld
2005,Bahrain Grand Prix,3,2005-04-03,Bahrain International Circuit,Bahrain,Fernando Alonso,Jarno Trulli,Kimi Raikkonen
2005,San Marino Grand Prix,4,2005-04-24,Autodromo Enzo e Dino Ferrari,Italy,Fernando Alonso,Michael Schumacher,Alexander Wurz
2005,Spanish Grand Prix,5,2005-05-08,Circuit de Catalunya,Spain,Kimi Raikkonen,Fernando Alonso,Jarno Trulli
2005,Monaco Grand Prix,6,2005-05-22,Circuit de Monaco,Monaco,Kimi Raikkonen,Nick Heidfeld,Mark Webber
2005,European Grand Prix,7,2005-05-29,Nurburgring,Germany,Fernando Alonso,Nick Heidfeld,Rubens Barrichello
2005,Canadian Grand Prix,8,2005-06-12,Circuit Gilles Villeneuve,Canada,Kimi Raikkonen,Michael Schumacher,Rubens Barrichello
2005,United States Grand Prix,9,2005-06-19,Indianapolis Motor Speedway,United States,Michael Schumacher,Rubens Barrichello,Tiago Monteiro
2005,French Grand Prix,10,2005-07-03,Circuit de Nevers Magny-Cours,France,Fernando Alonso,Juan Pablo Montoya,Michael Schumacher
2005,British Grand Prix,11,2005-07-10,Silverstone Circuit,United Kingdom,Juan Pablo Montoya,Fernando Alonso,Kimi Raikkonen
2005,German Grand Prix,12,2005-07-24,Hockenheimring,Germany,Fernando Alonso,Juan Pablo Montoya,Jenson Button
2005,Hungarian Grand Prix,13,2005-07-31,Hungaroring,Hungary,Kimi Raikkonen,Michael Schumacher,Ralf Schumacher
2005,Turkish Grand Prix,14,2005-08-21,Istanbul Park,Turkey,Kimi Raikkonen,Fernando Alonso,Juan Pablo Montoya
2005,Italian Grand Prix,15,2005-09-04,Autodromo Nazionale di Monza,Italy,Juan Pablo Montoya,Fernando Alonso,Giancarlo Fisichella
2005,Belgian Grand Prix,16,2005-09-11,Circuit de Spa-Francorchamps,Belgium,Kimi Raikkonen,Fernando Alonso,Jenson Button
2005,Brazilian Grand Prix,17,2005-09-25,Autodromo Jose Carlos Pace,Brazil,Juan Pablo Montoya,Kimi Raikkonen,Fernando Alonso
2005,Japanese Grand Prix,18,2005-10-09,Suzuka Circuit,Japan,Kimi Raikkonen,Giancarlo Fisichella,Fernando Alonso
2005,Chinese Grand Prix,19,2005-10-16,Shanghai International Circuit,China,Fernando Alonso,Kimi Raikkonen,Ralf Schumacher
2006,Bahrain Grand Prix,1,2006-03-12,Bahrain International Circuit,Bahrain,Fernando Alonso,Michael Schumacher,Kimi Raikkonen
2006,Malaysian Grand Prix,2,2006-03-19,Sepang International Circuit,Malaysia,Giancarlo Fisichella,Fernando Alonso,Jenson Button
2006,Australian Grand Prix,3,2006-04-02,Albert Park Circuit,Australia,Fernando Alonso,Kimi Raikkonen,Ralf Schumacher
2006,San Marino Grand Prix,4,2006-04-23,Autodromo Enzo e Dino Ferrari,Italy,Michael Schumacher,Fernando Alonso,Juan Pablo Montoya
2006,European Grand Prix,5,2006-05-07,Nurburgring,Germany,Michael Schumacher,Fernando Alonso,Felipe Massa
2006,Spanish Grand Prix,6,2006-05-14,Circuit de Catalunya,Spain,Fernando Alonso,Michael Schumacher,Giancarlo Fisichella
2006,Monaco Grand Prix,7,2006-05-28,Circuit de Monaco,Monaco,Fernando Alonso,Juan Pablo Montoya,David Coulthard
2006,British Grand Prix,8,2006-06-11,Silverstone Circuit,United Kingdom,Fernando Alonso,Michael Schumacher,Kimi Raikkonen
2006,Canadian Grand Prix,9,2006-06-25,Circuit Gilles Villeneuve,Canada,Fernando Alonso,Michael Schumacher,Kimi Raikkonen
2006,United States Grand Prix,10,2006-07-02,Indianapolis Motor Speedway,United States,Michael Schumacher,Felipe Massa,Giancarlo Fisichella
2006,French Grand Prix,11,2006-07-16,Circuit de Nevers Magny-Cours,France,Michael Schumacher,Fernando Alonso,Felipe Massa
2006,German Grand Prix,12,2006-07-30,Hockenheimring,Germany,Michael Schumacher,Felipe Massa,Kimi Raikkonen
2006,Hungarian Grand Prix,13,2006-08-06,Hungaroring,Hungary,Jenson Button,Pedro de la Rosa,Nick Heidfeld
2006,Turkish Grand Prix,14,2006-08-27,Istanbul Park,Turkey,Felipe Massa,Fernando Alonso,Michael Schumacher
2006,Italian Grand Prix,15,2006-09-10,Autodromo Nazionale di Monza,Italy,Michael Schumacher,Kimi Raikkonen,Robert Kubica
2006,Chinese Grand Prix,16,2006-10-01,Shanghai International Circuit,China,Michael Schumacher,Fernando Alonso,Giancarlo Fisichella
2006,Japanese Grand Prix,17,2006-10-08,Suzuka Circuit,Japan,Fernando Alonso,Felipe Massa,Giancarlo Fisichella
2006,Brazilian Grand Prix,18,2006-10-22,Autodromo Jose Carlos Pace,Brazil,Felipe Massa,Fernando Alonso,Jenson Button
2007,Australian Grand Prix,1,2007-03-18,Albert Park Circuit,Australia,Kimi Raikkonen,Fernando Alonso,Lewis Hamilton
2007,Malaysian Grand Prix,2,2007-04-08,Sepang International Circuit,Malaysia,Fernando Alonso,Lewis Hamilton,Kimi Raikkonen
2007,Bahrain Grand Prix,3,2007-04-15,Bahrain International Circuit,Bahrain,Felipe Massa,Lewis Hamilton,Kimi Raikkonen
2007,Spanish Grand Prix,4,2007-05-13,Circuit de Catalunya,Spain,Felipe Massa,Lewis Hamilton,Fernando Alonso
2007,Monaco Grand Prix,5,2007-05-27,Circuit de Monaco,Monaco,Fernando Alonso,Lewis Hamilton,Felipe Massa
2007,Canadian Grand Prix,6,2007-06-10,Circuit Gilles Villeneuve,Canada,Lewis Hamilton,Nick Heidfeld,Alexander Wurz
2007,United States Grand Prix,7,2007-06-17,Indianapolis Motor Speedway,United States,Lewis Hamilton,Fernando Alonso,Felipe Massa
2007,French Grand Prix,8,2007-07-01,Circuit de Nevers Magny-Cours,France,Kimi Raikkonen,Felipe Massa,Lewis Hamilton
2007,British Grand Prix,9,2007-07-08,Silverstone Circuit,United Kingdom,Kimi Raikkonen,Fernando Alonso,Lewis Hamilton
2007,European Grand Prix,10,2007-07-22,Nurburgring,Germany,Fernando Alonso,Felipe Massa,Mark Webber
2007,Hungarian Grand Prix,11,2007-08-05,Hungaroring,Hungary,Lewis Hamilton,Kimi Raikkonen,Nick Heidfeld
2007,Turkish Grand Prix,12,2007-08-26,Istanbul Park,Turkey,Felipe Massa,Kimi Raikkonen,Fernando Alonso
2007,Italian Grand Prix,13,2007-09-09,Autodromo Nazionale di Monza,Italy,Kimi Raikkonen,Fernando Alonso,Felipe Massa
2007,Belgian Grand Prix,14,2007-09-16,Circuit de Spa-Francorchamps,Belgium,Kimi Raikkonen,Felipe Massa,Fernando Alonso
2007,Japanese Grand Prix,15,2007-09-30,Fuji Speedway,Japan,Lewis Hamilton,Heikki Kovalainen,Fernando Alonso
2007,Chinese Grand Prix,16,2007-10-07,Shanghai International Circuit,China,Kimi Raikkonen,Felipe Massa,Fernando Alonso
2007,Brazilian Grand Prix,17,2007-10-21,Autodromo Jose Carlos Pace,Brazil,Kimi Raikkonen,Felipe Massa,Fernando Alonso
2008,Australian Grand Prix,1,2008-03-16,Albert Park Circuit,Australia,Lewis Hamilton,Nick Heidfeld,Nico Rosberg
2008,Malaysian Grand Prix,2,2008-03-23,Sepang International Circuit,Malaysia,Kimi Raikkonen,Robert Kubica,Heikki Kovalainen
2008,Bahrain Grand Prix,3,2008-04-06,Bahrain International Circuit,Bahrain,Felipe Massa,Kimi Raikkonen,Robert Kubica
2008,Spanish Grand Prix,4,2008-04-27,Circuit de Catalunya,Spain,Kimi Raikkonen,Felipe Massa,Lewis Hamilton
2008,Turkish Grand Prix,5,2008-05-11,Istanbul Park,Turkey,Felipe Massa,Lewis Hamilton,Kimi Raikkonen
2008,Monaco Grand Prix,6,2008-05-25,Circuit de Monaco,Monaco,Lewis Hamilton,Robert Kubica,Felipe Massa
2008,Canadian Grand Prix,7,2008-06-08,Circuit Gilles Villeneuve,Canada,Robert Kubica,Nick Heidfeld,David Coulthard
2008,French Grand Prix,8,2008-06-22,Circuit de Nevers Magny-Cours,France,Felipe Massa,Kimi Raikkonen,Jarno Trulli
2008,British Grand Prix,9,2008-07-06,Silverstone Circuit,United Kingdom,Lewis Hamilton,Nick Heidfeld,Rubens Barrichello
2008,German Grand Prix,10,2008-07-20,Hockenheimring,Germany,Lewis Hamilton,Nelson Piquet Jr.,Felipe Massa
2008,Hungarian Grand Prix,11,2008-08-03,Hungaroring,Hungary,Heikki Kovalainen,Timo Glock,Kimi Raikkonen
2008,European Grand Prix,12,2008-08-24,Valencia Street Circuit,Spain,Felipe Massa,Lewis Hamilton,Robert Kubica
2008,Belgian Grand Prix,13,2008-09-07,Circuit de Spa-Francorchamps,Belgium,Felipe Massa,Nick Heidfeld,Lewis Hamilton
2008,Italian Grand Prix,14,2008-09-14,Autodromo Nazionale di Monza,Italy,Sebastian Vettel,Heikki Kovalainen,Robert Kubica
2008,Singapore Grand Prix,15,2008-09-28,Marina Bay Street Circuit,Singapore,Fernando Alonso,Nico Rosberg,Lewis Hamilton
2008,Japanese Grand Prix,16,2008-10-12,Fuji Speedway,Japan,Fernando Alonso,Robert Kubica,Kimi Raikkonen
2008,Chinese Grand Prix,17,2008-10-19,Shanghai International Circuit,China,Lewis Hamilton,Felipe Massa,Kimi Raikkonen
2008,Brazilian Grand Prix,18,2008-11-02,Autodromo Jose Carlos Pace,Brazil,Felipe Massa,Fernando Alonso,Kimi Raikkonen
2009,Australian Grand Prix,1,2009-03-29,Albert Park Circuit,Australia,Jenson Button,Rubens Barrichello,Jarno Trulli
2009,Malaysian Grand Prix,2,2009-04-05,Sepang International Circuit,Malaysia,Jenson Button,Nick Heidfeld,Timo Glock
2009,Chinese Grand Prix,3,2009-04-19,Shanghai International Circuit,China,Sebastian Vettel,Mark Webber,Jenson Button
2009,Bahrain Grand Prix,4,2009-04-26,Bahrain International Circuit,Bahrain,Jenson Button,Sebastian Vettel,Jarno Trulli
2009,Spanish Grand Prix,5,2009-05-10,Circuit de Catalunya,Spain,Jenson Button,Rubens Barrichello,Mark Webber
2009,Monaco Grand Prix,6,2009-05-24,Circuit de Monaco,Monaco,Jenson Button,Rubens Barrichello,Kimi Raikkonen
2009,Turkish Grand Prix,7,2009-06-07,Istanbul Park,Turkey,Jenson Button,Mark Webber,Sebastian Vettel
2009,British Grand Prix,8,2009-06-21,Silverstone Circuit,United Kingdom,Sebastian Vettel,Mark Webber,Rubens Barrichello
2009,German Grand Prix,9,2009-07-12,Nurburgring,Germany,Mark Webber,Sebastian Vettel,Felipe Massa
2009,Hungarian Grand Prix,10,2009-07-26,Hungaroring,Hungary,Lewis Hamilton,Kimi Raikkonen,Mark Webber
2009,European Grand Prix,11,2009-08-23,Valencia Street Circuit,Spain,Rubens Barrichello,Lewis Hamilton,Kimi Raikkonen
2009,Belgian Grand Prix,12,2009-08-30,Circuit de Spa-Francorchamps,Belgium,Kimi Raikkonen,Giancarlo Fisichella,Sebastian Vettel
2009,Italian Grand Prix,13,2009-09-13,Autodromo Nazionale di Monza,Italy,Rubens Barrichello,Jenson Button,Kimi Raikkonen
2009,Singapore Grand Prix,14,2009-09-27,Marina Bay Street Circuit,Singapore,Lewis Hamilton,Timo Glock,Fernando Alonso
2009,Japanese Grand Prix,15,2009-10-04,Suzuka Circuit,Japan,Sebastian Vettel,Jarno Trulli,Lewis Hamilton
2009,Brazilian Grand Prix,16,2009-10-18,Autodromo Jose Carlos Pace,Brazil,Mark Webber,Robert Kubica,Lewis Hamilton
2009,Abu Dhabi Grand Prix,17,2009-11-01,Yas Marina Circuit,United Arab Emirates,Sebastian Vettel,Mark Webber,Jenson Button
2010,Bahrain Grand Prix,1,2010-03-14,Bahrain International Circuit,Bahrain,Fernando Alonso,Felipe Massa,Lewis Hamilton
2010,Australian Grand Prix,2,2010-03-28,Albert Park Circuit,Australia,Jenson Button,Robert Kubica,Felipe Massa
2010,Malaysian Grand Prix,3,2010-04-04,Sepang International Circuit,Malaysia,Sebastian Vettel,Mark Webber,Nico Rosberg
2010,Chinese Grand Prix,4,2010-04-18,Shanghai International Circuit,China,Jenson Button,Lewis Hamilton,Nico Rosberg
2010,Spanish Grand Prix,5,2010-05-09,Circuit de Catalunya,Spain,Mark Webber,Fernando Alonso,Sebastian Vettel
2010,Monaco Grand Prix,6,2010-05-16,Circuit de Monaco,Monaco,Mark Webber,Sebastian Vettel,Robert Kubica
2010,Turkish Grand Prix,7,2010-05-30,Istanbul Park,Turkey,Lewis Hamilton,Jenson Button,Mark Webber
2010,Canadian Grand Prix,8,2010-06-13,Circuit Gilles Villeneuve,Canada,Lewis Hamilton,Jenson Button,Fernando Alonso
2010,European Grand Prix,9,2010-06-27,Valencia Street Circuit,Spain,Sebastian Vettel,Lewis Hamilton,Jenson Button
2010,British Grand Prix,10,2010-07-11,Silverstone Circuit,United Kingdom,Mark Webber,Lewis Hamilton,Nico Rosberg
2010,German Grand Prix,11,2010-07-25,Hockenheimring,Germany,Fernando Alonso,Felipe Massa,Sebastian Vettel
2010,Hungarian Grand Prix,12,2010-08-01,Hungaroring,Hungary,Mark Webber,Fernando Alonso,Sebastian Vettel
2010,Belgian Grand Prix,13,2010-08-29,Circuit de Spa-Francorchamps,Belgium,Lewis Hamilton,Mark Webber,Robert Kubica
2010,Italian Grand Prix,14,2010-09-12,Autodromo Nazionale di Monza,Italy,Fernando Alonso,Jenson Button,Felipe Massa
2010,Singapore Grand Prix,15,2010-09-26,Marina Bay Street Circuit,Singapore,Fernando Alonso,Sebastian Vettel,Mark Webber
2010,Japanese Grand Prix,16,2010-10-10,Suzuka Circuit,Japan,Sebastian Vettel,Mark Webber,Fernando Alonso
2010,Korean Grand Prix,17,2010-10-24,Korea International Circuit,South Korea,Fernando Alonso,Lewis Hamilton,Felipe Massa
2010,Brazilian Grand Prix,18,2010-11-07,Autodromo Jose Carlos Pace,Brazil,Sebastian Vettel,Mark Webber,Fernando Alonso
2010,Abu Dhabi Grand Prix,19,2010-11-14,Yas Marina Circuit,United Arab Emirates,Sebastian Vettel,Lewis Hamilton,Jenson Button
2011,Australian Grand Prix,1,2011-03-27,Albert Park Circuit,Australia,Sebastian Vettel,Lewis Hamilton,Vitaly Petrov
2011,Malaysian Grand Prix,2,2011-04-10,Sepang International Circuit,Malaysia,Sebastian Vettel,Jenson Button,Nick Heidfeld
2011,Chinese Grand Prix,3,2011-04-17,Shanghai International Circuit,China,Lewis Hamilton,Sebastian Vettel,Mark Webber
2011,Turkish Grand Prix,4,2011-05-08,Istanbul Park,Turkey,Sebastian Vettel,Mark Webber,Fernando Alonso
2011,Spanish Grand Prix,5,2011-05-22,Circuit de Catalunya,Spain,Sebastian Vettel,Lewis Hamilton,Jenson Button
2011,Monaco Grand Prix,6,2011-05-29,Circuit de Monaco,Monaco,Sebastian Vettel,Fernando Alonso,Jenson Button
2011,Canadian Grand Prix,7,2011-06-12,Circuit Gilles Villeneuve,Canada,Jenson Button,Sebastian Vettel,Mark Webber
2011,European Grand Prix,8,2011-06-26,Valencia Street Circuit,Spain,Sebastian Vettel,Fernando Alonso,Jenson Button
2011,British Grand Prix,9,2011-07-10,Silverstone Circuit,United Kingdom,Fernando Alonso,Sebastian Vettel,Mark Webber
2011,German Grand Prix,10,2011-07-24,Nurburgring,Germany,Lewis Hamilton,Fernando Alonso,Mark Webber
2011,Hungarian Grand Prix,11,2011-07-31,Hungaroring,Hungary,Jenson Button,Sebastian Vettel,Fernando Alonso
2011,Belgian Grand Prix,12,2011-08-28,Circuit de Spa-Francorchamps,Belgium,Sebastian Vettel,Mark Webber,Jenson Button
2011,Italian Grand Prix,13,2011-09-11,Autodromo Nazionale di Monza,Italy,Sebastian Vettel,Jenson Button,Fernando Alonso
2011,Singapore Grand Prix,14,2011-09-25,Marina Bay Street Circuit,Singapore,Sebastian Vettel,Jenson Button,Mark Webber
2011,Japanese Grand Prix,15,2011-10-09,Suzuka Circuit,Japan,Jenson Button,Fernando Alonso,Sebastian Vettel
2011,Korean Grand Prix,16,2011-10-16,Korea International Circuit,South Korea,Sebastian Vettel,Lewis Hamilton,Mark Webber
2011,Indian Grand Prix,17,2011-10-30,Buddh International Circuit,India,Sebastian Vettel,Jenson Button,Fernando Alonso
2011,Abu Dhabi Grand Prix,18,2011-11-13,Yas Marina Circuit,United Arab Emirates,Lewis Hamilton,Fernando Alonso,Jenson Button
2011,Brazilian Grand Prix,19,2011-11-27,Autodromo Jose Carlos Pace,Brazil,Mark Webber,Sebastian Vettel,Jenson Button
2012,Australian Grand Prix,1,2012-03-18,Albert Park Circuit,Australia,Jenson Button,Sebastian Vettel,Lewis Hamilton
2012,Malaysian Grand Prix,2,2012-03-25,Sepang International Circuit,Malaysia,Fernando Alonso,Sergio Perez,Lewis Hamilton
2012,Chinese Grand Prix,3,2012-04-15,Shanghai International Circuit,China,Nico Rosberg,Jenson Button,Lewis Hamilton
2012,Bahrain Grand Prix,4,2012-04-22,Bahrain International Circuit,Bahrain,Sebastian Vettel,Kimi Raikkonen,Romain Grosjean
2012,Spanish Grand Prix,5,2012-05-13,Circuit de Catalunya,Spain,Pastor Maldonado,Fernando Alonso,Kimi Raikkonen
2012,Monaco Grand Prix,6,2012-05-27,Circuit de Monaco,Monaco,Mark Webber,Nico Rosberg,Fernando Alonso
2012,Canadian Grand Prix,7,2012-06-10,Circuit Gilles Villeneuve,Canada,Lewis Hamilton,Romain Grosjean,Sergio Perez
2012,European Grand Prix,8,2012-06-24,Valencia Street Circuit,Spain,Fernando Alonso,Kimi Raikkonen,Michael Schumacher
2012,British Grand Prix,9,2012-07-08,Silverstone Circuit,United Kingdom,Mark Webber,Fernando Alonso,Sebastian Vettel
2012,German Grand Prix,10,2012-07-22,Hockenheimring,Germany,Fernando Alonso,Jenson Button,Kimi Raikkonen
2012,Hungarian Grand Prix,11,2012-07-29,Hungaroring,Hungary,Lewis Hamilton,Kimi Raikkonen,Romain Grosjean
2012,Belgian Grand Prix,12,2012-09-02,Circuit de Spa-Francorchamps,Belgium,Jenson Button,Sebastian Vettel,Kimi Raikkonen
2012,Italian Grand Prix,13,2012-09-09,Autodromo Nazionale di Monza,Italy,Lewis Hamilton,Sergio Perez,Fernando Alonso
2012,Singapore Grand Prix,14,2012-09-23,Marina Bay Street Circuit,Singapore,Sebastian Vettel,Jenson Button,Fernando Alonso
2012,Japanese Grand Prix,15,2012-10-07,Suzuka Circuit,Japan,Sebastian Vettel,Felipe Massa,Kamui Kobayashi
2012,Korean Grand Prix,16,2012-10-14,Korea International Circuit,South Korea,Sebastian Vettel,Mark Webber,Fernando Alonso
2012,Indian Grand Prix,17,2012-10-28,Buddh International Circuit,India,Sebastian Vettel,Fernando Alonso,Mark Webber
2012,Abu Dhabi Grand Prix,18,2012-11-04,Yas Marina Circuit,United Arab Emirates,Kimi Raikkonen,Fernando Alonso,Sebastian Vettel
2012,United States Grand Prix,19,2012-11-18,Circuit of the Americas,United States,Lewis Hamilton,Sebastian Vettel,Fernando Alonso
2012,Brazilian Grand Prix,20,2012-11-25,Autodromo Jose Carlos Pace,Brazil,Jenson Button,Nico Hulkenberg,Fernando Alonso
2013,Australian Grand Prix,1,2013-03-17,Albert Park Circuit,Australia,Kimi Raikkonen,Fernando Alonso,Sebastian Vettel
2013,Malaysian Grand Prix,2,2013-03-24,Sepang International Circuit,Malaysia,Sebastian Vettel,Mark Webber,Lewis Hamilton
2013,Chinese Grand Prix,3,2013-04-14,Shanghai International Circuit,China,Fernando Alonso,Kimi Raikkonen,Lewis Hamilton
2013,Bahrain Grand Prix,4,2013-04-21,Bahrain International Circuit,Bahrain,Sebastian Vettel,Kimi Raikkonen,Romain Grosjean
2013,Spanish Grand Prix,5,2013-05-12,Circuit de Catalunya,Spain,Fernando Alonso,Kimi Raikkonen,Felipe Massa
2013,Monaco Grand Prix,6,2013-05-26,Circuit de Monaco,Monaco,Nico Rosberg,Sebastian Vettel,Mark Webber
2013,Canadian Grand Prix,7,2013-06-09,Circuit Gilles Villeneuve,Canada,Sebastian Vettel,Fernando Alonso,Lewis Hamilton
2013,British Grand Prix,8,2013-06-30,Silverstone Circuit,United Kingdom,Nico Rosberg,Mark Webber,Fernando Alonso
2013,German Grand Prix,9,2013-07-07,Nurburgring,Germany,Sebastian Vettel,Kimi Raikkonen,Romain Grosjean
2013,Hungarian Grand Prix,10,2013-07-28,Hungaroring,Hungary,Lewis Hamilton,Kimi Raikkonen,Sebastian Vettel
2013,Belgian Grand Prix,11,2013-08-25,Circuit de Spa-Francorchamps,Belgium,Sebastian Vettel,Fernando Alonso,Lewis Hamilton
2013,Italian Grand Prix,12,2013-09-08,Autodromo Nazionale di Monza,Italy,Sebastian Vettel,Fernando Alonso,Mark Webber
2013,Singapore Grand Prix,13,2013-09-22,Marina Bay Street Circuit,Singapore,Sebastian Vettel,Fernando Alonso,Kimi Raikkonen
2013,Korean Grand Prix,14,2013-10-06,Korea International Circuit,South Korea,Sebastian Vettel,Kimi Raikkonen,Romain Grosjean
2013,Japanese Grand Prix,15,2013-10-13,Suzuka Circuit,Japan,Sebastian Vettel,Mark Webber,Romain Grosjean
2013,Indian Grand Prix,16,2013-10-27,Buddh International Circuit,India,Sebastian Vettel,Nico Rosberg,Romain Grosjean
2013,Abu Dhabi Grand Prix,17,2013-11-03,Yas Marina Circuit,United Arab Emirates,Sebastian Vettel,Mark Webber,Nico Rosberg
2013,United States Grand Prix,18,2013-11-17,Circuit of the Americas,United States,Sebastian Vettel,Romain Grosjean,Mark Webber
2013,Brazilian Grand Prix,19,2013-11-24,Autodromo Jose Carlos Pace,Brazil,Sebastian Vettel,Mark Webber,Fernando Alonso
2014,Australian Grand Prix,1,2014-03-16,Albert Park Circuit,Australia,Nico Rosberg,Kevin Magnussen,Jenson Button
2014,Malaysian Grand Prix,2,2014-03-30,Sepang International Circuit,Malaysia,Lewis Hamilton,Nico Rosberg,Sebastian Vettel
2014,Bahrain Grand Prix,3,2014-04-06,Bahrain International Circuit,Bahrain,Lewis Hamilton,Nico Rosberg,Sergio Perez
2014,Chinese Grand Prix,4,2014-04-20,Shanghai International Circuit,China,Lewis Hamilton,Nico Rosberg,Fernando Alonso
2014,Spanish Grand Prix,5,2014-05-11,Circuit de Barcelona-Catalunya,Spain,Lewis Hamilton,Nico Rosberg,Daniel Ricciardo
2014,Monaco Grand Prix,6,2014-05-25,Circuit de Monaco,Monaco,Nico Rosberg,Lewis Hamilton,Daniel Ricciardo
2014,Canadian Grand Prix,7,2014-06-08,Circuit Gilles Villeneuve,Canada,Daniel Ricciardo,Nico Rosberg,Sebastian Vettel
2014,Austrian Grand Prix,8,2014-06-22,Red Bull Ring,Austria,Nico Rosberg,Lewis Hamilton,Valtteri Bottas
2014,British Grand Prix,9,2014-07-06,Silverstone Circuit,United Kingdom,Lewis Hamilton,Valtteri Bottas,Daniel Ricciardo
2014,German Grand Prix,10,2014-07-20,Hockenheimring,Germany,Nico Rosberg,Valtteri Bottas,Lewis Hamilton
2014,Hungarian Grand Prix,11,2014-07-27,Hungaroring,Hungary,Daniel Ricciardo,Fernando Alonso,Lewis Hamilton
2014,Belgian Grand Prix,12,2014-08-24,Circuit de Spa-Francorchamps,Belgium,Daniel Ricciardo,Nico Rosberg,Valtteri Bottas
2014,Italian Grand Prix,13,2014-09-07,Autodromo Nazionale di Monza,Italy,Lewis Hamilton,Nico Rosberg,Felipe Massa
2014,Singapore Grand Prix,14,2014-09-21,Marina Bay Street Circuit,Singapore,Lewis Hamilton,Sebastian Vettel,Daniel Ricciardo
2014,Japanese Grand Prix,15,2014-10-05,Suzuka Circuit,Japan,Lewis Hamilton,Nico Rosberg,Sebastian Vettel
2014,Russian Grand Prix,16,2014-10-12,Sochi Autodrom,Russia,Lewis Hamilton,Nico Rosberg,Valtteri Bottas
2014,United States Grand Prix,17,2014-11-02,Circuit of the Americas,United States,Lewis Hamilton,Nico Rosberg,Daniel Ricciardo
2014,Brazilian Grand Prix,18,2014-11-09,Autodromo Jose Carlos Pace,Brazil,Nico Rosberg,Lewis Hamilton,Felipe Massa
2014,Abu Dhabi Grand Prix,19,2014-11-23,Yas Marina Circuit,United Arab Emirates,Lewis Hamilton,Felipe Massa,Valtteri Bottas
2015,Australian Grand Prix,1,2015-03-15,Albert Park Circuit,Australia,Lewis Hamilton,Nico Rosberg,Sebastian Vettel
2015,Malaysian Grand Prix,2,2015-03-29,Sepang International Circuit,Malaysia,Sebastian Vettel,Lewis Hamilton,Nico Rosberg
2015,Chinese Grand Prix,3,2015-04-12,Shanghai International Circuit,China,Lewis Hamilton,Nico Rosberg,Sebastian Vettel
2015,Bahrain Grand Prix,4,2015-04-19,Bahrain International Circuit,Bahrain,Lewis Hamilton,Kimi Raikkonen,Nico Rosberg
2015,Spanish Grand Prix,5,2015-05-10,Circuit de Barcelona-Catalunya,Spain,Nico Rosberg,Lewis Hamilton,Sebastian Vettel
2015,Monaco Grand Prix,6,2015-05-24,Circuit de Monaco,Monaco,Nico Rosberg,Sebastian Vettel,Lewis Hamilton
2015,Canadian Grand Prix,7,2015-06-07,Circuit Gilles Villeneuve,Canada,Lewis Hamilton,Nico Rosberg,Valtteri Bottas
2015,Austrian Grand Prix,8,2015-06-21,Red Bull Ring,Austria,Nico Rosberg,Lewis Hamilton,Felipe Massa
2015,British Grand Prix,9,2015-07-05,Silverstone Circuit,United Kingdom,Lewis Hamilton,Nico Rosberg,Sebastian Vettel
2015,Hungarian Grand Prix,10,2015-07-26,Hungaroring,Hungary,Sebastian Vettel,Daniil Kvyat,Daniel Ricciardo
2015,Belgian Grand Prix,11,2015-08-23,Circuit de Spa-Francorchamps,Belgium,Lewis Hamilton,Nico Rosberg,Romain Grosjean
2015,Italian Grand Prix,12,2015-09-06,Autodromo Nazionale di Monza,Italy,Lewis Hamilton,Sebastian Vettel,Felipe Massa
2015,Singapore Grand Prix,13,2015-09-20,Marina Bay Street Circuit,Singapore,Sebastian Vettel,Daniel Ricciardo,Kimi Raikkonen
2015,Japanese Grand Prix,14,2015-09-27,Suzuka Circuit,Japan,Lewis Hamilton,Nico Rosberg,Sebastian Vettel
2015,Russian Grand Prix,15,2015-10-11,Sochi Autodrom,Russia,Lewis Hamilton,Sebastian Vettel,Sergio Perez
2015,United States Grand Prix,16,2015-10-25,Circuit of the Americas,United States,Lewis Hamilton,Nico Rosberg,Sebastian Vettel
2015,Mexican Grand Prix,17,2015-11-01,Autodromo Hermanos Rodriguez,Mexico,Nico Rosberg,Lewis Hamilton,Valtteri Bottas
2015,Brazilian Grand Prix,18,2015-11-15,Autodromo Jose Carlos Pace,Brazil,Nico Rosberg,Lewis Hamilton,Sebastian Vettel
2015,Abu Dhabi Grand Prix,19,2015-11-29,Yas Marina Circuit,United Arab Emirates,Nico Rosberg,Lewis Hamilton,Kimi Raikkonen
2016,Australian Grand Prix,1,2016-03-20,Albert Park Circuit,Australia,Nico Rosberg,Lewis Hamilton,Sebastian Vettel
2016,Bahrain Grand Prix,2,2016-04-03,Bahrain International Circuit,Bahrain,Nico Rosberg,Kimi Raikkonen,Lewis Hamilton
2016,Chinese Grand Prix,3,2016-04-17,Shanghai International Circuit,China,Nico Rosberg,Sebastian Vettel,Daniil Kvyat
2016,Russian Grand Prix,4,2016-05-01,Sochi Autodrom,Russia,Nico Rosberg,Lewis Hamilton,Kimi Raikkonen
2016,Spanish Grand Prix,5,2016-05-15,Circuit de Barcelona-Catalunya,Spain,Max Verstappen,Kimi Raikkonen,Sebastian Vettel
2016,Monaco Grand Prix,6,2016-05-29,Circuit de Monaco,Monaco,Lewis Hamilton,Daniel Ricciardo,Sergio Perez
2016,Canadian Grand Prix,7,2016-06-12,Circuit Gilles Villeneuve,Canada,Lewis Hamilton,Sebastian Vettel,Valtteri Bottas
2016,European Grand Prix,8,2016-06-19,Baku City Circuit,Azerbaijan,Nico Rosberg,Sebastian Vettel,Sergio Perez
2016,Austrian Grand Prix,9,2016-07-03,Red Bull Ring,Austria,Lewis Hamilton,Max Verstappen,Kimi Raikkonen
2016,British Grand Prix,10,2016-07-10,Silverstone Circuit,United Kingdom,Lewis Hamilton,Max Verstappen,Nico Rosberg
2016,Hungarian Grand Prix,11,2016-07-24,Hungaroring,Hungary,Lewis Hamilton,Nico Rosberg,Daniel Ricciardo
2016,German Grand Prix,12,2016-07-31,Hockenheimring,Germany,Lewis Hamilton,Daniel Ricciardo,Max Verstappen
2016,Belgian Grand Prix,13,2016-08-28,Circuit de Spa-Francorchamps,Belgium,Nico Rosberg,Daniel Ricciardo,Lewis Hamilton
2016,Italian Grand Prix,14,2016-09-04,Autodromo Nazionale di Monza,Italy,Nico Rosberg,Lewis Hamilton,Sebastian Vettel
2016,Singapore Grand Prix,15,2016-09-18,Marina Bay Street Circuit,Singapore,Nico Rosberg,Daniel Ricciardo,Lewis Hamilton
2016,Malaysian Grand Prix,16,2016-10-02,Sepang International Circuit,Malaysia,Daniel Ricciardo,Max Verstappen,Nico Rosberg
2016,Japanese Grand Prix,17,2016-10-09,Suzuka International Racing Course,Japan,Nico Rosberg,Max Verstappen,Lewis Hamilton
2016,United States Grand Prix,18,2016-10-23,Circuit of the Americas,United States,Lewis Hamilton,Nico Rosberg,Daniel Ricciardo
2016,Mexican Grand Prix,19,2016-10-30,Autodromo Hermanos Rodriguez,Mexico,Lewis Hamilton,Nico Rosberg,Daniel Ricciardo
2016,Brazilian Grand Prix,20,2016-11-13,Autodromo Jose Carlos Pace,Brazil,Lewis Hamilton,Nico Rosberg,Max Verstappen
2016,Abu Dhabi Grand Prix,21,2016-11-27,Yas Marina Circuit,United Arab Emirates,Lewis Hamilton,Nico Rosberg,Sebastian Vettel
2017,Australian Grand Prix,1,2017-03-26,Albert Park Circuit,Australia,Sebastian Vettel,Lewis Hamilton,Valtteri Bottas
2017,Chinese Grand Prix,2,2017-04-09,Shanghai International Circuit,China,Lewis Hamilton,Sebastian Vettel,Max Verstappen
2017,Bahrain Grand Prix,3,2017-04-16,Bahrain International Circuit,Bahrain,Sebastian Vettel,Lewis Hamilton,Valtteri Bottas
2017,Russian Grand Prix,4,2017-04-30,Sochi Autodrom,Russia,Valtteri Bottas,Sebastian Vettel,Kimi Raikkonen
2017,Spanish Grand Prix,5,2017-05-14,Circuit de Barcelona-Catalunya,Spain,Lewis Hamilton,Sebastian Vettel,Daniel Ricciardo
2017,Monaco Grand Prix,6,2017-05-28,Circuit de Monaco,Monaco,Sebastian Vettel,Kimi Raikkonen,Daniel Ricciardo
2017,Canadian Grand Prix,7,2017-06-11,Circuit Gilles Villeneuve,Canada,Lewis Hamilton,Valtteri Bottas,Daniel Ricciardo
2017,Azerbaijan Grand Prix,8,2017-06-25,Baku City Circuit,Azerbaijan,Daniel Ricciardo,Valtteri Bottas,Lance Stroll
2017,Austrian Grand Prix,9,2017-07-09,Red Bull Ring,Austria,Valtteri Bottas,Sebastian Vettel,Daniel Ricciardo
2017,British Grand Prix,10,2017-07-16,Silverstone Circuit,United Kingdom,Lewis Hamilton,Valtteri Bottas,Kimi Raikkonen
2017,Hungarian Grand Prix,11,2017-07-30,Hungaroring,Hungary,Sebastian Vettel,Kimi Raikkonen,Valtteri Bottas
2017,Belgian Grand Prix,12,2017-08-27,Circuit de Spa-Francorchamps,Belgium,Lewis Hamilton,Sebastian Vettel,Daniel Ricciardo
2017,Italian Grand Prix,13,2017-09-03,Autodromo Nazionale di Monza,Italy,Lewis Hamilton,Valtteri Bottas,Sebastian Vettel
2017,Singapore Grand Prix,14,2017-09-17,Marina Bay Street Circuit,Singapore,Lewis Hamilton,Daniel Ricciardo,Valtteri Bottas
2017,Malaysian Grand Prix,15,2017-10-01,Sepang International Circuit,Malaysia,Max Verstappen,Lewis Hamilton,Daniel Ricciardo
2017,Japanese Grand Prix,16,2017-10-08,Suzuka International Racing Course,Japan,Lewis Hamilton,Max Verstappen,Daniel Ricciardo
2017,United States Grand Prix,17,2017-10-22,Circuit of the Americas,United States,Lewis Hamilton,Sebastian Vettel,Kimi Raikkonen
2017,Mexican Grand Prix,18,2017-10-29,Autodromo Hermanos Rodriguez,Mexico,Max Verstappen,Valtteri Bottas,Kimi Raikkonen
2017,Brazilian Grand Prix,19,2017-11-12,Autodromo Jose Carlos Pace,Brazil,Sebastian Vettel,Valtteri Bottas,Kimi Raikkonen
2017,Abu Dhabi Grand Prix,20,2017-11-26,Yas Marina Circuit,United Arab Emirates,Valtteri Bottas,Lewis Hamilton,Sebastian Vettel
2018,Australian Grand Prix,1,2018-03-25,Albert Park Circuit,Australia,Sebastian Vettel,Lewis Hamilton,Kimi Raikkonen
2018,Bahrain Grand Prix,2,2018-04-08,Bahrain International Circuit,Bahrain,Sebastian Vettel,Valtteri Bottas,Lewis Hamilton
2018,Chinese Grand Prix,3,2018-04-15,Shanghai International Circuit,China,Daniel Ricciardo,Valtteri Bottas,Kimi Raikkonen
2018,Azerbaijan Grand Prix,4,2018-04-29,Baku City Circuit,Azerbaijan,Lewis Hamilton,Kimi Raikkonen,Sergio Perez
2018,Spanish Grand Prix,5,2018-05-13,Circuit de Barcelona-Catalunya,Spain,Lewis Hamilton,Valtteri Bottas,Max Verstappen
2018,Monaco Grand Prix,6,2018-05-27,Circuit de Monaco,Monaco,Daniel Ricciardo,Sebastian Vettel,Lewis Hamilton
2018,Canadian Grand Prix,7,2018-06-10,Circuit Gilles Villeneuve,Canada,Sebastian Vettel,Valtteri Bottas,Max Verstappen
2018,French Grand Prix,8,2018-06-24,Circuit Paul Ricard,France,Lewis Hamilton,Max Verstappen,Kimi Raikkonen
2018,Austrian Grand Prix,9,2018-07-01,Red Bull Ring,Austria,Max Verstappen,Kimi Raikkonen,Sebastian Vettel
2018,British Grand Prix,10,2018-07-08,Silverstone Circuit,United Kingdom,Sebastian Vettel,Lewis Hamilton,Kimi Raikkonen
2018,German Grand Prix,11,2018-07-22,Hockenheimring,Germany,Lewis Hamilton,Valtteri Bottas,Kimi Raikkonen
2018,Hungarian Grand Prix,12,2018-07-29,Hungaroring,Hungary,Lewis Hamilton,Sebastian Vettel,Kimi Raikkonen
2018,Belgian Grand Prix,13,2018-08-26,Circuit de Spa-Francorchamps,Belgium,Sebastian Vettel,Lewis Hamilton,Max Verstappen
2018,Italian Grand Prix,14,2018-09-02,Autodromo Nazionale di Monza,Italy,Lewis Hamilton,Kimi Raikkonen,Valtteri Bottas
2018,Singapore Grand Prix,15,2018-09-16,Marina Bay Street Circuit,Singapore,Lewis Hamilton,Max Verstappen,Sebastian Vettel
2018,Russian Grand Prix,16,2018-09-30,Sochi Autodrom,Russia,Lewis Hamilton,Valtteri Bottas,Sebastian Vettel
2018,Japanese Grand Prix,17,2018-10-07,Suzuka International Racing Course,Japan,Lewis Hamilton,Valtteri Bottas,Max Verstappen
2018,United States Grand Prix,18,2018-10-21,Circuit of the Americas,United States,Kimi Raikkonen,Max Verstappen,Lewis Hamilton
2018,Mexican Grand Prix,19,2018-10-28,Autodromo Hermanos Rodriguez,Mexico,Max Verstappen,Sebastian Vettel,Kimi Raikkonen
2018,Brazilian Grand Prix,20,2018-11-11,Autodromo Jose Carlos Pace,Brazil,Lewis Hamilton,Max Verstappen,Kimi Raikkonen
2018,Abu Dhabi Grand Prix,21,2018-11-25,Yas Marina Circuit,United Arab Emirates,Lewis Hamilton,Sebastian Vettel,Max Verstappen
2019,Australian Grand Prix,1,2019-03-17,Albert Park Circuit,Australia,Valtteri Bottas,Lewis Hamilton,Max Verstappen
2019,Bahrain Grand Prix,2,2019-03-31,Bahrain International Circuit,Bahrain,Lewis Hamilton,Valtteri Bottas,Charles Leclerc
2019,Chinese Grand Prix,3,2019-04-14,Shanghai International Circuit,China,Lewis Hamilton,Valtteri Bottas,Sebastian Vettel
2019,Azerbaijan Grand Prix,4,2019-04-28,Baku City Circuit,Azerbaijan,Valtteri Bottas,Lewis Hamilton,Sebastian Vettel
2019,Spanish Grand Prix,5,2019-05-12,Circuit de Barcelona-Catalunya,Spain,Lewis Hamilton,Valtteri Bottas,Max Verstappen
2019,Monaco Grand Prix,6,2019-05-26,Circuit de Monaco,Monaco,Lewis Hamilton,Sebastian Vettel,Valtteri Bottas
2019,Canadian Grand Prix,7,2019-06-09,Circuit Gilles Villeneuve,Canada,Lewis Hamilton,Sebastian Vettel,Charles Leclerc
2019,French Grand Prix,8,2019-06-23,Circuit Paul Ricard,France,Lewis Hamilton,Valtteri Bottas,Charles Leclerc
2019,Austrian Grand Prix,9,2019-06-30,Red Bull Ring,Austria,Max Verstappen,Charles Leclerc,Valtteri Bottas
2019,British Grand Prix,10,2019-07-14,Silverstone Circuit,United Kingdom,Lewis Hamilton,Valtteri Bottas,Charles Leclerc
2019,German Grand Prix,11,2019-07-28,Hockenheimring,Germany,Max Verstappen,Sebastian Vettel,Daniil Kvyat
2019,Hungarian Grand Prix,12,2019-08-04,Hungaroring,Hungary,Lewis Hamilton,Max Verstappen,Sebastian Vettel
2019,Belgian Grand Prix,13,2019-09-01,Circuit de Spa-Francorchamps,Belgium,Charles Leclerc,Lewis Hamilton,Valtteri Bottas
2019,Italian Grand Prix,14,2019-09-08,Autodromo Nazionale di Monza,Italy,Charles Leclerc,Valtteri Bottas,Lewis Hamilton
2019,Singapore Grand Prix,15,2019-09-22,Marina Bay Street Circuit,Singapore,Sebastian Vettel,Charles Leclerc,Max Verstappen
2019,Russian Grand Prix,16,2019-09-29,Sochi Autodrom,Russia,Lewis Hamilton,Valtteri Bottas,Charles Leclerc
2019,Japanese Grand Prix,17,2019-10-13,Suzuka International Racing Course,Japan,Valtteri Bottas,Sebastian Vettel,Lewis Hamilton
2019,Mexican Grand Prix,18,2019-10-27,Autodromo Hermanos Rodriguez,Mexico,Lewis Hamilton,Sebastian Vettel,Valtteri Bottas
2019,United States Grand Prix,19,2019-11-03,Circuit of the Americas,United States,Valtteri Bottas,Lewis Hamilton,Max Verstappen
2019,Brazilian Grand Prix,20,2019-11-17,Autodromo Jose Carlos Pace,Brazil,Max Verstappen,Pierre Gasly,Carlos Sainz Jr.
2019,Abu Dhabi Grand Prix,21,2019-12-01,Yas Marina Circuit,United Arab Emirates,Lewis Hamilton,Max Verstappen,Charles Leclerc
2020,Austrian Grand Prix,1,2020-07-05,Red Bull Ring,Austria,Valtteri Bottas,Charles Leclerc,Lando Norris
2020,Styrian Grand Prix,2,2020-07-12,Red Bull Ring,Austria,Lewis Hamilton,Valtteri Bottas,Max Verstappen
2020,Hungarian Grand Prix,3,2020-07-19,Hungaroring,Hungary,Lewis Hamilton,Max Verstappen,Valtteri Bottas
2020,British Grand Prix,4,2020-08-02,Silverstone Circuit,United Kingdom,Lewis Hamilton,Max Verstappen,Charles Leclerc
2020,70th Anniversary Grand Prix,5,2020-08-09,Silverstone Circuit,United Kingdom,Max Verstappen,Lewis Hamilton,Valtteri Bottas
2020,Spanish Grand Prix,6,2020-08-16,Circuit de Barcelona-Catalunya,Spain,Lewis Hamilton,Max Verstappen,Valtteri Bottas
2020,Belgian Grand Prix,7,2020-08-30,Circuit de Spa-Francorchamps,Belgium,Lewis Hamilton,Valtteri Bottas,Max Verstappen
2020,Italian Grand Prix,8,2020-09-06,Autodromo Nazionale di Monza,Italy,Pierre Gasly,Carlos Sainz Jr.,Lance Stroll
2020,Tuscan Grand Prix,9,2020-09-13,Autodromo Internazionale del Mugello,Italy,Lewis Hamilton,Valtteri Bottas,Alexander Albon
2020,Russian Grand Prix,10,2020-09-27,Sochi Autodrom,Russia,Valtteri Bottas,Max Verstappen,Lewis Hamilton
2020,Eifel Grand Prix,11,2020-10-11,Nurburgring,Germany,Lewis Hamilton,Max Verstappen,Daniel Ricciardo
2020,Portuguese Grand Prix,12,2020-10-25,Autodromo Internacional do Algarve,Portugal,Lewis Hamilton,Valtteri Bottas,Max Verstappen
2020,Emilia Romagna Grand Prix,13,2020-11-01,Autodromo Internazionale Enzo e Dino Ferrari,Italy,Lewis Hamilton,Valtteri Bottas,Daniel Ricciardo
2020,Turkish Grand Prix,14,2020-11-15,Istanbul Park,Turkey,Lewis Hamilton,Sergio Perez,Sebastian Vettel
2020,Bahrain Grand Prix,15,2020-11-29,Bahrain International Circuit,Bahrain,Lewis Hamilton,Max Verstappen,Alexander Albon
2020,Sakhir Grand Prix,16,2020-12-06,Bahrain International Circuit,Bahrain,Sergio Perez,Esteban Ocon,Lance Stroll
2020,Abu Dhabi Grand Prix,17,2020-12-13,Yas Marina Circuit,United Arab Emirates,Max Verstappen,Valtteri Bottas,Lewis Hamilton
2021,Bahrain Grand Prix,1,2021-03-28,Bahrain International Circuit,Bahrain,Lewis Hamilton,Max Verstappen,Valtteri Bottas
2021,Emilia Romagna Grand Prix,2,2021-04-18,Autodromo Internazionale Enzo e Dino Ferrari,Italy,Max Verstappen,Lewis Hamilton,Lando Norris
2021,Portuguese Grand Prix,3,2021-05-02,Autodromo Internacional do Algarve,Portugal,Lewis Hamilton,Max Verstappen,Valtteri Bottas
2021,Spanish Grand Prix,4,2021-05-09,Circuit de Barcelona-Catalunya,Spain,Lewis Hamilton,Max Verstappen,Valtteri Bottas
2021,Monaco Grand Prix,5,2021-05-23,Circuit de Monaco,Monaco,Max Verstappen,Carlos Sainz Jr.,Lando Norris
2021,Azerbaijan Grand Prix,6,2021-06-06,Baku City Circuit,Azerbaijan,Sergio Perez,Sebastian Vettel,Pierre Gasly
2021,French Grand Prix,7,2021-06-20,Circuit Paul Ricard,France,Max Verstappen,Lewis Hamilton,Sergio Perez
2021,Styrian Grand Prix,8,2021-06-27,Red Bull Ring,Austria,Max Verstappen,Lewis Hamilton,Valtteri Bottas
2021,Austrian Grand Prix,9,2021-07-04,Red Bull Ring,Austria,Max Verstappen,Valtteri Bottas,Lando Norris
2021,British Grand Prix,10,2021-07-18,Silverstone Circuit,United Kingdom,Lewis Hamilton,Charles Leclerc,Lando Norris
2021,Hungarian Grand Prix,11,2021-08-01,Hungaroring,Hungary,Esteban Ocon,Lewis Hamilton,Carlos Sainz Jr.
2021,Belgian Grand Prix,12,2021-08-29,Circuit de Spa-Francorchamps,Belgium,Max Verstappen,George Russell,Lewis Hamilton
2021,Dutch Grand Prix,13,2021-09-05,Circuit Zandvoort,Netherlands,Max Verstappen,Lewis Hamilton,Valtteri Bottas
2021,Italian Grand Prix,14,2021-09-12,Autodromo Nazionale di Monza,Italy,Daniel Ricciardo,Lando Norris,Valtteri Bottas
2021,Russian Grand Prix,15,2021-09-26,Sochi Autodrom,Russia,Lewis Hamilton,Max Verstappen,Carlos Sainz Jr.
2021,Turkish Grand Prix,16,2021-10-10,Istanbul Park,Turkey,Valtteri Bottas,Max Verstappen,Sergio Perez
2021,United States Grand Prix,17,2021-10-24,Circuit of the Americas,United States,Max Verstappen,Lewis Hamilton,Sergio Perez
2021,Mexico City Grand Prix,18,2021-11-07,Autodromo Hermanos Rodriguez,Mexico,Max Verstappen,Lewis Hamilton,Sergio Perez
2021,Sao Paulo Grand Prix,19,2021-11-14,Autodromo Jose Carlos Pace,Brazil,Lewis Hamilton,Max Verstappen,Valtteri Bottas
2021,Qatar Grand Prix,20,2021-11-21,Lusail International Circuit,Qatar,Lewis Hamilton,Max Verstappen,Fernando Alonso
2021,Saudi Arabian Grand Prix,21,2021-12-05,Jeddah Corniche Circuit,Saudi Arabia,Lewis Hamilton,Max Verstappen,Valtteri Bottas
2021,Abu Dhabi Grand Prix,22,2021-12-12,Yas Marina Circuit,United Arab Emirates,Max Verstappen,Lewis Hamilton,Carlos Sainz Jr.
2022,Bahrain Grand Prix,1,2022-03-20,Bahrain International Circuit,Bahrain,Charles Leclerc,Carlos Sainz Jr.,Lewis Hamilton
2022,Saudi Arabian Grand Prix,2,2022-03-27,Jeddah Corniche Circuit,Saudi Arabia,Max Verstappen,Charles Leclerc,Carlos Sainz Jr.
2022,Australian Grand Prix,3,2022-04-10,Albert Park Circuit,Australia,Charles Leclerc,Sergio Perez,George Russell
2022,Emilia Romagna Grand Prix,4,2022-04-24,Autodromo Internazionale Enzo e Dino Ferrari,Italy,Max Verstappen,Sergio Perez,Lando Norris
2022,Miami Grand Prix,5,2022-05-08,Miami International Autodrome,United States,Max Verstappen,Charles Leclerc,Carlos Sainz Jr.
2022,Spanish Grand Prix,6,2022-05-22,Circuit de Barcelona-Catalunya,Spain,Max Verstappen,Sergio Perez,George Russell
2022,Monaco Grand Prix,7,2022-05-29,Circuit de Monaco,Monaco,Sergio Perez,Carlos Sainz Jr.,Max Verstappen
2022,Azerbaijan Grand Prix,8,2022-06-12,Baku City Circuit,Azerbaijan,Max Verstappen,Sergio Perez,George Russell
2022,Canadian Grand Prix,9,2022-06-19,Circuit Gilles Villeneuve,Canada,Max Verstappen,Carlos Sainz Jr.,Lewis Hamilton
2022,British Grand Prix,10,2022-07-03,Silverstone Circuit,United Kingdom,Carlos Sainz Jr.,Sergio Perez,Lewis Hamilton
2022,Austrian Grand Prix,11,2022-07-10,Red Bull Ring,Austria,Charles Leclerc,Max Verstappen,Lewis Hamilton
2022,French Grand Prix,12,2022-07-24,Circuit Paul Ricard,France,Max Verstappen,Lewis Hamilton,George Russell
2022,Hungarian Grand Prix,13,2022-07-31,Hungaroring,Hungary,Max Verstappen,Lewis Hamilton,George Russell
2022,Belgian Grand Prix,14,2022-08-28,Circuit de Spa-Francorchamps,Belgium,Max Verstappen,Sergio Perez,Carlos Sainz Jr.
2022,Dutch Grand Prix,15,2022-09-04,Circuit Zandvoort,Netherlands,Max Verstappen,George Russell,Charles Leclerc
2022,Italian Grand Prix,16,2022-09-11,Autodromo Nazionale di Monza,Italy,Max Verstappen,Charles Leclerc,George Russell
2022,Singapore Grand Prix,17,2022-10-02,Marina Bay Street Circuit,Singapore,Sergio Perez,Charles Leclerc,Carlos Sainz Jr.
2022,Japanese Grand Prix,18,2022-10-09,Suzuka International Racing Course,Japan,Max Verstappen,Sergio Perez,Charles Leclerc
2022,United States Grand Prix,19,2022-10-23,Circuit of the Americas,United States,Max Verstappen,Lewis Hamilton,Charles Leclerc
2022,Mexico City Grand Prix,20,2022-10-30,Autodromo Hermanos Rodriguez,Mexico,Max Verstappen,Lewis Hamilton,Sergio Perez
2022,Sao Paulo Grand Prix,21,2022-11-13,Autodromo Jose Carlos Pace,Brazil,George Russell,Lewis Hamilton,Carlos Sainz Jr.
2022,Abu Dhabi Grand Prix,22,2022-11-20,Yas Marina Circuit,United Arab Emirates,Max Verstappen,Charles Leclerc,Sergio Perez
2023,Bahrain Grand Prix,1,2023-03-05,Bahrain International Circuit,Bahrain,Max Verstappen,Sergio Perez,Fernando Alonso
2023,Saudi Arabian Grand Prix,2,2023-03-19,Jeddah Corniche Circuit,Saudi Arabia,Sergio Perez,Max Verstappen,Fernando Alonso
2023,Australian Grand Prix,3,2023-04-02,Albert Park Circuit,Australia,Max Verstappen,Lewis Hamilton,Fernando Alonso
2023,Azerbaijan Grand Prix,4,2023-04-30,Baku City Circuit,Azerbaijan,Sergio Perez,Max Verstappen,Charles Leclerc
2023,Miami Grand Prix,5,2023-05-07,Miami International Autodrome,United States,Max Verstappen,Sergio Perez,Fernando Alonso
2023,Monaco Grand Prix,6,2023-05-28,Circuit de Monaco,Monaco,Max Verstappen,Fernando Alonso,Esteban Ocon
2023,Spanish Grand Prix,7,2023-06-04,Circuit de Barcelona-Catalunya,Spain,Max Verstappen,Lewis Hamilton,George Russell
2023,Canadian Grand Prix,8,2023-06-18,Circuit Gilles Villeneuve,Canada,Max Verstappen,Fernando Alonso,Lewis Hamilton
2023,Austrian Grand Prix,9,2023-07-02,Red Bull Ring,Austria,Max Verstappen,Charles Leclerc,Sergio Perez
2023,British Grand Prix,10,2023-07-09,Silverstone Circuit,United Kingdom,Max Verstappen,Lando Norris,Lewis Hamilton
2023,Hungarian Grand Prix,11,2023-07-23,Hungaroring,Hungary,Max Verstappen,Lando Norris,Sergio Perez
2023,Belgian Grand Prix,12,2023-07-30,Circuit de Spa-Francorchamps,Belgium,Max Verstappen,Sergio Perez,Charles Leclerc
2023,Dutch Grand Prix,13,2023-08-27,Circuit Zandvoort,Netherlands,Max Verstappen,Fernando Alonso,Pierre Gasly
2023,Italian Grand Prix,14,2023-09-03,Autodromo Nazionale di Monza,Italy,Max Verstappen,Sergio Perez,Carlos Sainz Jr.
2023,Singapore Grand Prix,15,2023-09-17,Marina Bay Street Circuit,Singapore,Carlos Sainz Jr.,Lando Norris,Lewis Hamilton
2023,Japanese Grand Prix,16,2023-09-24,Suzuka International Racing Course,Japan,Max Verstappen,Lando Norris,Oscar Piastri
2023,Qatar Grand Prix,17,2023-10-08,Lusail International Circuit,Qatar,Max Verstappen,Oscar Piastri,Lando Norris
2023,United States Grand Prix,18,2023-10-22,Circuit of the Americas,United States,Max Verstappen,Lando Norris,Carlos Sainz Jr.
2023,Mexico City Grand Prix,19,2023-10-29,Autodromo Hermanos Rodriguez,Mexico,Max Verstappen,Charles Leclerc,Carlos Sainz Jr.
2023,Sao Paulo Grand Prix,20,2023-11-05,Autodromo Jose Carlos Pace,Brazil,Max Verstappen,Lando Norris,Fernando Alonso
2023,Las Vegas Grand Prix,21,2023-11-18,Las Vegas Strip Circuit,United States,Max Verstappen,Charles Leclerc,Sergio Perez
2023,Abu Dhabi Grand Prix,22,2023-11-26,Yas Marina Circuit,United Arab Emirates,Max Verstappen,Charles Leclerc,George Russell
2024,Bahrain Grand Prix,1,2024-03-02,Bahrain International Circuit,Bahrain,Max Verstappen,Sergio Perez,Carlos Sainz Jr.
2024,Saudi Arabian Grand Prix,2,2024-03-09,Jeddah Corniche Circuit,Saudi Arabia,Max Verstappen,Sergio Perez,Charles Leclerc
2024,Australian Grand Prix,3,2024-03-24,Albert Park Circuit,Australia,Carlos Sainz Jr.,Charles Leclerc,Lando Norris
2024,Japanese Grand Prix,4,2024-04-07,Suzuka International Racing Course,Japan,Max Verstappen,Sergio Perez,Carlos Sainz Jr.
2024,Chinese Grand Prix,5,2024-04-21,Shanghai International Circuit,China,Max Verstappen,Lando Norris,Sergio Perez
2024,Miami Grand Prix,6,2024-05-05,Miami International Autodrome,United States,Lando Norris,Max Verstappen,Charles Leclerc
2024,Emilia Romagna Grand Prix,7,2024-05-19,Autodromo Internazionale Enzo e Dino Ferrari,Italy,Max Verstappen,Lando Norris,Charles Leclerc
2024,Monaco Grand Prix,8,2024-05-26,Circuit de Monaco,Monaco,Charles Leclerc,Oscar Piastri,Carlos Sainz Jr.
2024,Canadian Grand Prix,9,2024-06-09,Circuit Gilles Villeneuve,Canada,Max Verstappen,Lando Norris,George Russell
2024,Spanish Grand Prix,10,2024-06-23,Circuit de Barcelona-Catalunya,Spain,Max Verstappen,Lando Norris,Lewis Hamilton
2024,Austrian Grand Prix,11,2024-06-30,Red Bull Ring,Austria,George Russell,Oscar Piastri,Carlos Sainz Jr.
2024,British Grand Prix,12,2024-07-07,Silverstone Circuit,United Kingdom,Lewis Hamilton,Max Verstappen,Lando Norris
2024,Hungarian Grand Prix,13,2024-07-21,Hungaroring,Hungary,Oscar Piastri,Lando Norris,Lewis Hamilton
2024,Belgian Grand Prix,14,2024-07-28,Circuit de Spa-Francorchamps,Belgium,Lewis Hamilton,Oscar Piastri,Charles Leclerc
2024,Dutch Grand Prix,15,2024-08-25,Circuit Zandvoort,Netherlands,Lando Norris,Max Verstappen,Charles Leclerc
2024,Italian Grand Prix,16,2024-09-01,Autodromo Nazionale di Monza,Italy,Charles Leclerc,Oscar Piastri,Lando Norris
2024,Azerbaijan Grand Prix,17,2024-09-15,Baku City Circuit,Azerbaijan,Oscar Piastri,Charles Leclerc,George Russell
2024,Singapore Grand Prix,18,2024-09-22,Marina Bay Street Circuit,Singapore,Lando Norris,Max Verstappen,Oscar Piastri
2024,United States Grand Prix,19,2024-10-20,Circuit of the Americas,United States,Charles Leclerc,Carlos Sainz Jr.,Max Verstappen
2024,Mexico City Grand Prix,20,2024-10-27,Autodromo Hermanos Rodriguez,Mexico,Carlos Sainz Jr.,Lando Norris,Charles Leclerc
2024,Sao Paulo Grand Prix,21,2024-11-03,Autodromo Jose Carlos Pace,Brazil,Max Verstappen,Esteban Ocon,Pierre Gasly
2024,Las Vegas Grand Prix,22,2024-11-23,Las Vegas Strip Circuit,United States,George Russell,Lewis Hamilton,Carlos Sainz Jr.
2024,Qatar Grand Prix,23,2024-12-01,Lusail International Circuit,Qatar,Max Verstappen,Charles Leclerc,Oscar Piastri
2024,Abu Dhabi Grand Prix,24,2024-12-08,Yas Marina Circuit,United Arab Emirates,Lando Norris,Carlos Sainz Jr.,Charles Leclerc
2025,Australian Grand Prix,1,2025-03-16,Albert Park Circuit,Australia,Lando Norris,Max Verstappen,George Russell
2025,Chinese Grand Prix,2,2025-03-23,Shanghai International Circuit,China,Oscar Piastri,Lando Norris,George Russell
2025,Japanese Grand Prix,3,2025-04-06,Suzuka Circuit,Japan,Max Verstappen,Lando Norris,Oscar Piastri
2025,Bahrain Grand Prix,4,2025-04-13,Bahrain International Circuit,Bahrain,Oscar Piastri,George Russell,Lando Norris
2025,Saudi Arabian Grand Prix,5,2025-04-20,Jeddah Corniche Circuit,Saudi Arabia,Oscar Piastri,Max Verstappen,Charles Leclerc
2025,Miami Grand Prix,6,2025-05-04,Miami International Autodrome,United States,Oscar Piastri,Lando Norris,George Russell
2025,Emilia Romagna Grand Prix,7,2025-05-18,Imola Circuit,Italy,Max Verstappen,Oscar Piastri,Lando Norris
2025,Monaco Grand Prix,8,2025-05-25,Circuit de Monaco,Monaco,Lando Norris,Charles Leclerc,Oscar Piastri
2025,Spanish Grand Prix,9,2025-06-01,Circuit de Barcelona-Catalunya,Spain,Oscar Piastri,Lando Norris,Charles Leclerc
2025,Canadian Grand Prix,10,2025-06-15,Circuit Gilles Villeneuve,Canada,George Russell,Max Verstappen,Kimi Antonelli
2025,Austrian Grand Prix,11,2025-06-29,Red Bull Ring,Austria,Lando Norris,Oscar Piastri,Charles Leclerc
2025,British Grand Prix,12,2025-07-06,Silverstone Circuit,United Kingdom,Lando Norris,Oscar Piastri,Nico Hulkenberg
2025,Belgian Grand Prix,13,2025-07-27,Circuit de Spa-Francorchamps,Belgium,Oscar Piastri,Lando Norris,Charles Leclerc
2025,Hungarian Grand Prix,14,2025-08-03,Hungaroring,Hungary,Lando Norris,Oscar Piastri,George Russell
2025,Dutch Grand Prix,15,2025-08-31,Circuit Zandvoort,Netherlands,Oscar Piastri,Max Verstappen,Isack Hadjar
2025,Italian Grand Prix,16,2025-09-07,Monza Circuit,Italy,Max Verstappen,Lando Norris,Oscar Piastri
2025,Azerbaijan Grand Prix,17,2025-09-21,Baku City Circuit,Azerbaijan,Max Verstappen,George Russell,Carlos Sainz Jr.
2025,Singapore Grand Prix,18,2025-10-05,Marina Bay Street Circuit,Singapore,George Russell,Max Verstappen,Lando Norris
2025,United States Grand Prix,19,2025-10-19,Circuit of the Americas,United States,Max Verstappen,Lando Norris,Charles Leclerc
2025,Mexico City Grand Prix,20,2025-10-26,Autodromo Hermanos Rodriguez,Mexico,Lando Norris,Charles Leclerc,Max Verstappen
2025,Sao Paulo Grand Prix,21,2025-11-09,Interlagos Circuit,Brazil,Lando Norris,Kimi Antonelli,Max Verstappen
2025,Las Vegas Grand Prix,22,2025-11-22,Las Vegas Strip Circuit,United States,Max Verstappen,George Russell,Kimi Antonelli
2025,Qatar Grand Prix,23,2025-11-30,Lusail International Circuit,Qatar,Max Verstappen,Oscar Piastri,Carlos Sainz Jr.
2025,Abu Dhabi Grand Prix,24,2025-12-07,Yas Marina Circuit,United Arab Emirates,Max Verstappen,Oscar Piastri,Lando Norris
2026,Australian Grand Prix,1,2026-03-08,Albert Park Circuit,Australia,George Russell,Kimi Antonelli,Charles Leclerc
2026,Chinese Grand Prix,2,2026-03-15,Shanghai International Circuit,China,Kimi Antonelli,Charles Leclerc,Lewis Hamilton
2026,Japanese Grand Prix,3,2026-03-29,Suzuka Circuit,Japan,Kimi Antonelli,Oscar Piastri,Charles Leclerc
2026,Miami Grand Prix,4,2026-05-03,Miami International Autodrome,United States,Kimi Antonelli,Lando Norris,Oscar Piastri
2026,Canadian Grand Prix,5,2026-05-24,Circuit Gilles Villeneuve,Canada,Kimi Antonelli,Lewis Hamilton,Max Verstappen
2026,Monaco Grand Prix,6,2026-06-07,Circuit de Monaco,Monaco,Kimi Antonelli,Lewis Hamilton,Isack Hadjar
2026,Barcelona-Catalunya Grand Prix,7,2026-06-14,Circuit de Barcelona-Catalunya,Spain,Lewis Hamilton,George Russell,Lando Norris
2026,Austrian Grand Prix,8,2026-06-28,Red Bull Ring,Austria,George Russell,Max Verstappen,Kimi Antonelli
2026,British Grand Prix,9,2026-07-05,Silverstone Circuit,United Kingdom,Charles Leclerc,George Russell,Lewis Hamilton
