,id,title,popularity,release_date,vote_average,vote_count
0,969681,Spider-Man: Brand New Day,2011.4042,2026-07-28,7.989,843
1,1368337,The Odyssey,1053.6131,2026-07-15,7.95,2147
2,1081003,Supergirl,497.4835,2026-06-24,6.739,1491
3,634649,Spider-Man: No Way Home,487.6625,2021-12-15,7.935,22449
4,454639,Masters of the Universe,393.722,2026-06-03,7.274,1544
5,1275779,Disclosure Day,394.3346,2026-06-10,7.426,2319
6,1339713,Obsession,364.8722,2026-05-13,8.248,4184
7,1284465,The Death of Robin Hood,332.9399,2026-06-18,6.497,150
8,1108427,Moana,301.0393,2026-07-08,5.83,165
9,1084244,Toy Story 5,316.2019,2026-06-17,7.417,750
10,1481343,The Devil's Mouth,302.2541,2026-07-29,6.617,402
11,1315772,Minions & Monsters,275.5266,2026-06-24,6.4,253
12,980431,Avatar Aang: The Last Airbender,254.4263,2026-07-24,9.311,640
13,1083381,Backrooms,258.4743,2026-05-27,7.096,2475
14,1375646,Colony,210.7822,2026-05-21,8.08,388
15,1311031,Demon Slayer: Kimetsu no Yaiba Infinity Castle,195.3807,2025-07-18,8.602,1589
16,1698863,The Odyssey,239.0727,2026-07-03,5.75,8
17,1564614,Leviticus,194.878,2026-06-17,6.152,102
18,1273221,Scary Movie,182.9806,2026-06-03,6.492,1420
19,557,Spider-Man,188.8814,2002-05-01,7.339,21000
20,1727780,Borderline,163.4223,2026-07-17,6.45,10
21,1273221,Scary Movie,182.9806,2026-06-03,6.5,1422
22,315635,Spider-Man: Homecoming,180.7367,2017-07-05,7.331,23466
23,687163,Project Hail Mary,162.7023,2026-03-15,8.658,6748
24,1314481,The Devil Wears Prada 2,154.8675,2026-04-29,7.104,1889
25,1110034,Kraken,155.2919,2026-02-06,6.3,258
26,1698856,Master of the Universe,124.9473,2026-05-22,4.763,40
27,47612,Au Bonheur des Dames,165.8721,1930-07-03,6.3,36
28,1523145,Your Heart Will Be Broken,126.2544,2026-03-26,7.046,120
29,1127384,Deep Water,109.7525,2026-04-30,7.194,348
30,1285366,Shape of My Heart,133.9328,2024-07-06,6.25,4
31,1228710,The Mandalorian and Grogu,109.9912,2026-05-20,7.426,1107
32,1510795,"Shake, Rattle & Roll: Evil Origins",124.7969,2026-06-05,3.0,4
33,1668364,Desire,112.7246,2026-05-07,6.802,179
34,429617,Spider-Man: Far From Home,114.0726,2019-06-28,7.395,17244
35,82976,The Novices,160.7638,1970-04-01,4.769,13
36,936075,Michael,108.7248,2026-04-22,8.697,3844
37,949838,72 HOURS,103.2815,2026-07-20,6.799,256
38,151024,The Soldier with Great Maneuvers,87.3865,1978-12-07,4.904,47
39,1280738,The Furious,106.3439,2026-06-10,7.3,285
40,931285,Mortal Kombat II,99.5231,2026-05-06,7.908,2257
41,1226863,The Super Mario Galaxy Movie,97.121,2026-04-01,8.262,3341
42,83533,Avatar: Fire and Ash,95.5319,2025-12-17,7.636,4031
43,1469342,Her Private Hell,85.3193,2026-07-23,5.0,26
44,1569947,The Priest: Thanksgiving Massacre,99.0936,2025-08-08,3.652,23
45,1430698,The Bay,86.0255,2026-07-02,6.5,17
46,1728704,Siping,94.488,2026-07-10,2.833,3
47,1307118,Soulm8te,89.4643,2026-07-31,6.284,37
48,1656061,Immortal Combat,85.9357,2026-04-24,4.853,17
49,1304313,Lee Cronin's The Mummy,79.4601,2026-04-15,7.942,2430
50,1382832,Hungry,77.0561,2026-06-03,7.231,195
51,1516698,The Last Sunrise,81.8402,2026-08-26,0.0,0
52,329505,Lola's Secret,81.8299,1984-05-04,7.049,71
53,1930,The Amazing Spider-Man,82.4019,2012-06-23,6.7,18778
54,299536,Avengers: Infinity War,83.8358,2018-04-25,8.24,32452
55,1439930,The Punisher: One Last Kill,80.6808,2026-05-12,8.301,1982
56,1318621,Descendants: Wicked Wonderland,71.0492,2026-07-16,7.6,137
57,102382,The Amazing Spider-Man 2,79.6107,2014-04-16,6.5,14467
58,1487861,Elize: Shadows of a Woman,78.0859,2026-07-22,7.387,119
59,278,The Shawshank Redemption,73.9571,1994-09-23,8.727,30924
60,1631506,The Hanged Woman,65.5772,2026-04-22,5.519,27
61,157336,Interstellar,75.6661,2014-11-05,8.484,40590
62,24428,The Avengers,73.4975,2012-04-25,8.062,39012
63,559,Spider-Man 3,72.0186,2007-05-01,6.469,15453
64,1290821,Shelter,70.4563,2026-01-28,7.771,1630
65,1007757,Swapped,65.4377,2026-05-01,8.893,2049
66,1003596,Avengers: Doomsday,65.0052,2026-12-16,0.0,0
67,755898,War of the Worlds,68.843,2025-07-29,4.076,1056
68,1327819,Hoppers,67.0007,2026-03-04,8.185,2092
69,652,Troy,62.816,2004-05-13,7.183,11300
70,324857,Spider-Man: Into the Spider-Verse,70.6052,2018-12-06,8.394,17533
71,569094,Spider-Man: Across the Spider-Verse,64.3963,2023-05-31,8.34,8900
72,44980,Zero Woman 2,77.8176,1995-09-05,5.0,8
73,1413976,Citizen Vigilante,56.341,2026-06-19,6.32,300
74,656908,Ramayana,60.1384,2026-11-08,0.0,0
75,1234821,Jurassic World Rebirth,59.5917,2025-06-23,6.273,3598
76,1084242,Zootopia 2,63.1069,2025-11-26,7.68,3194
77,155,The Dark Knight,60.8267,2008-07-16,8.534,36267
78,238,The Godfather,62.3851,1972-03-14,8.686,23261
79,822119,Captain America: Brave New World,60.3616,2025-02-12,5.961,3232
80,27205,Inception,59.7278,2010-07-15,8.372,39740
81,976912,Graphic Desires,53.1809,2023-08-31,7.074,135
82,1301421,The Sheep Detectives,55.6172,2026-04-30,7.921,1301
83,1419406,The Shadow's Edge,55.8319,2025-08-16,7.9,1058
84,271110,Captain America: Civil War,56.9967,2016-04-27,7.45,24264
85,1122573,In the Grey,54.3417,2026-05-13,7.556,644
86,617126,The Fantastic 4: First Steps,55.5106,2025-07-23,6.957,3608
87,1318447,Apex,52.1894,2026-04-24,6.877,1762
88,550,Fight Club,54.9333,1999-10-15,8.437,32518
89,286217,The Martian,50.4245,2015-09-30,7.705,21549
90,872585,Oppenheimer,53.9747,2023-07-19,8.024,12145
91,599335,OK! Madam,48.6735,2020-08-12,7.1,56
92,122,The Lord of the Rings: The Return of the King,54.2284,2003-12-17,8.502,26986
93,1307247,OK! Madam: Bon Voyage,51.4879,2026-08-12,0.0,0
94,671,Harry Potter and the Philosopher's Stone,51.4933,2001-11-16,7.901,29918
95,533535,Deadpool & Wolverine,50.3144,2024-07-24,7.583,9063
96,840464,Greenland 2: Migration,50.358,2026-01-07,6.429,1414
97,1368314,Passenger,44.8123,2026-05-20,7.311,673
98,532794,Sex Plate 17,47.1536,2017-11-13,5.786,14
99,98894,Jessica,47.8028,1962-04-19,4.294,17
100,68718,Django Unchained,42.8873,2012-12-25,8.193,28319
101,1567187,A Mother's Recall,43.0969,2025-10-21,5.0,1
102,862,Toy Story,49.4793,1995-11-22,7.984,20258
103,1305672,I Know Who You Are,47.7496,2026-06-19,6.2,5
104,1101412,Fall 2: Deadpoint,49.1113,2026-09-02,0.0,0
105,603,The Matrix,48.6068,1999-03-31,8.253,28333
106,19995,Avatar,41.1466,2009-12-16,7.61,34360
107,1726,Iron Man,48.4453,2008-04-30,7.7,28443
108,1599191,仙逆剧场版 弑仙之战,53.746,,0.0,0
109,391312,Mourning Wife,50.406,2001-09-28,3.0,4
110,1325734,The Drama,48.8726,2026-04-01,6.904,1454
111,1337148,Aisha Can't Fly Away,41.0189,2025-05-20,5.5,4
112,1061474,Superman,45.695,2025-07-09,7.323,5184
113,299534,Avengers: Endgame,48.872,2019-04-24,8.239,28186
114,1212763,Evil Dead Burn,43.8004,2026-07-07,6.8,226
115,986056,Thunderbolts*,48.324,2025-04-30,7.295,3783
116,1241982,Moana 2,44.6861,2024-11-21,6.987,3192
117,1368166,The Housemaid,41.4337,2025-12-18,7.269,2788
118,11,Star Wars,44.0799,1977-05-25,8.206,22589
119,120,The Lord of the Rings: The Fellowship of the Ring,46.8713,2001-12-18,8.44,27991
120,1212763,Evil Dead Burn,43.8004,2026-07-07,6.8,226
121,1265609,War Machine,43.5051,2026-02-12,7.44,2216
122,99861,Avengers: Age of Ultron,44.4862,2015-04-22,7.276,24712
123,5721,Vixen!,41.3936,1968-10-15,5.529,105
124,1361774,The Dink,35.5916,2026-07-23,6.265,83
125,350,The Devil Wears Prada,41.6951,2006-06-29,7.44,14012
126,385687,Fast X,42.3562,2023-05-17,7.0,6417
127,1272837,28 Years Later: The Bone Temple,41.9341,2026-01-14,7.11,1534
128,1305781,Blades of the Guardians,42.2152,2026-02-17,7.988,170
129,680,Pulp Fiction,42.8223,1994-09-10,8.5,30551
130,496243,Parasite,42.3945,2019-05-30,8.489,20996
131,233604,Women Hell Song,44.399,1970-12-01,4.9,8
132,1235877,Jana Nayagan,39.256,2026-07-22,5.4,9
133,1297842,GOAT,41.771,2026-02-11,8.105,951
134,14836,Coraline,39.952,2009-02-05,7.923,9214
135,597,Titanic,39.7146,1997-12-18,7.901,27464
136,1491920,Kung Fu Soccer,39.764,2026-07-11,6.2,17
137,121,The Lord of the Rings: The Two Towers,41.5668,2002-12-18,8.425,24260
138,10681,WALL·E,36.3037,2008-06-26,8.118,20577
139,98,Gladiator,41.7382,2000-05-04,8.23,21191
140,911430,F1,37.8664,2025-06-25,7.814,4372
141,687259,Ghost Stories,36.9463,1982-01-01,6.2,2
142,1723013,Hibla 2,39.1172,2026-06-30,3.0,1
143,453395,Doctor Strange in the Multiverse of Madness,40.1634,2022-05-04,7.232,10560
144,1198994,Send Help,35.3007,2026-01-22,7.043,2074
145,1233413,Sinners,36.4,2025-04-16,7.5,4908
146,361743,Top Gun: Maverick,39.934,2022-05-21,8.158,11271
147,1380291,Tom Clancy's Jack Ryan: Ghost War,38.3041,2026-05-20,6.959,710
148,1659155,The Truthers,33.6186,2026-07-24,5.965,57
149,200066,The Sparrow's Fluttering,46.4539,1988-01-01,4.2,12
150,1242898,Predator: Badlands,37.2378,2025-11-05,7.825,3422
151,558,Spider-Man 2,37.2842,2004-06-25,7.32,16607
152,448772,A Great Love,37.479,1995-01-01,5.0,5
153,572802,Aquaman and the Lost Kingdom,35.8734,2023-12-20,6.51,3593
154,1010581,My Fault,36.8291,2023-06-08,7.731,4151
155,1171145,Crime 101,38.3094,2026-02-11,7.015,1235
156,438631,Dune,36.0058,2021-09-15,7.784,15226
157,1101383,The End of Oak Street,36.4112,2026-08-12,0.0,0
158,1159559,Scream 7,36.272,2026-02-25,6.232,1198
159,1321008,Black Box,33.1182,2026-06-25,6.241,54
160,693134,Dune: Part Two,37.6051,2024-02-27,8.13,8286
161,1595852,Boulevard,34.0893,2026-04-10,7.475,157
162,177572,Big Hero 6,31.4714,2014-10-24,7.726,16758
163,672,Harry Potter and the Chamber of Secrets,37.8972,2002-11-13,7.707,23833
164,674,Harry Potter and the Goblet of Fire,37.0502,2005-11-16,7.802,22413
165,614945,Voicemails for Isabelle,34.8813,2026-06-20,8.363,735
166,497,The Green Mile,36.1336,1999-12-10,8.506,19542
167,1087192,How to Train Your Dragon,35.4872,2025-06-06,7.929,3008
168,13,Forrest Gump,37.1008,1994-06-23,8.464,30114
169,12445,Harry Potter and the Deathly Hallows: Part 2,37.08,2011-07-12,8.081,22211
170,1443894,Forgive Us All,29.5193,2025-05-08,5.694,54
171,414906,The Batman,38.1925,2022-03-01,7.664,12236
172,1301310,Zombies of the Third Reich,31.7409,2025-06-10,4.1,5
173,933260,The Substance,33.8203,2024-09-07,7.13,6259
174,1184918,The Wild Robot,41.8019,2024-09-12,8.311,6366
175,863,Toy Story 2,36.0552,1999-10-30,7.618,15160
176,502356,The Super Mario Bros. Movie,34.7376,2023-04-05,7.6,10964
177,950396,The Gorge,35.949,2025-02-13,7.7,4014
178,89657,Country Hooker,30.6621,1974-10-04,4.2,6
179,673,Harry Potter and the Prisoner of Azkaban,35.7786,2004-05-31,8.01,23402
180,673,Harry Potter and the Prisoner of Azkaban,35.7786,2004-05-31,8.01,23403
181,240,The Godfather Part II,35.9794,1974-12-20,8.57,14116
182,1306368,The Rip,36.5451,2026-01-13,7.086,1811
183,284053,Thor: Ragnarok,34.8413,2017-10-02,7.582,22234
184,585,"Monsters, Inc.",35.1859,2001-11-01,7.856,20026
185,12444,Harry Potter and the Deathly Hallows: Part 1,35.08,2010-11-17,7.734,20592
186,216919,Deseo,32.7905,2013-09-13,6.546,271
187,49026,The Dark Knight Rises,32.1221,2012-07-17,7.797,24642
188,244786,Whiplash,33.5903,2014-10-10,8.375,16868
189,574475,Final Destination Bloodlines,34.1109,2025-05-14,7.033,3001
190,272093,Maddalena,26.5332,1971-11-19,5.4,15
191,105,Back to the Future,35.2547,1985-07-03,8.328,22085
192,129,Spirited Away,32.2022,2001-07-20,8.534,18623
193,952079,Invited Delivery Man 2,33.2428,2022-03-11,7.0,1
194,1430077,Hokum,30.725,2026-04-29,6.938,640
195,76600,Avatar: The Way of Water,33.2096,2022-12-14,7.6,14442
196,122917,The Hobbit: The Battle of the Five Armies,34.9529,2014-12-10,7.339,15556
197,354912,Coco,33.257,2017-10-27,8.198,21199
198,1279493,The Get Out,31.2828,2026-06-18,6.4,50
199,260514,Cars 3,33.7276,2017-06-15,6.864,6492
200,10193,Toy Story 3,34.6526,2010-06-16,7.813,16002
201,8587,The Lion King,35.4759,1994-06-15,8.253,19919
202,12,Finding Nemo,35.5124,2003-05-30,7.821,20754
203,1288341,Seven Snipers,29.3267,2026-04-30,6.031,96
204,335984,Blade Runner 2049,30.5047,2017-10-04,7.599,15401
205,767,Harry Potter and the Half-Blood Prince,32.3766,2009-07-15,7.682,21000
206,2062,Ratatouille,32.4428,2007-06-28,7.845,18714
207,1218925,Chainsaw Man - The Movie: Reze Arc,31.6542,2025-09-19,8.5,1072
208,76341,Mad Max: Fury Road,31.4941,2015-05-13,7.636,24332
209,526024,Boy Undone,31.2146,2017-05-31,4.75,20
210,1124,The Prestige,31.7177,2006-10-19,8.211,17854
211,447365,Guardians of the Galaxy Vol. 3,34.7053,2023-05-03,7.931,8569
212,694,The Shining,31.2235,1980-05-23,8.201,19145
213,284054,Black Panther,30.4586,2018-02-13,7.364,23706
214,10195,Thor,31.063,2011-04-21,6.771,22550
215,798645,The Running Man,30.9479,2025-11-11,6.755,1812
216,564,The Mummy,30.8104,1999-04-16,6.989,10218
217,218,The Terminator,30.5931,1984-10-26,7.686,14852
218,950387,A Minecraft Movie,30.1359,2025-03-31,6.245,3169
219,489,Good Will Hunting,31.9613,1997-12-05,8.163,14071
220,1168190,The Wrecking Crew,31.9317,2026-01-28,7.076,1184
221,22,Pirates of the Caribbean: The Curse of the Black Pearl,31.3572,2003-07-09,7.832,22522
222,807,Se7en,31.2888,1995-09-22,8.381,23444
223,1422,The Departed,31.4019,2006-10-04,8.159,16426
224,68721,Iron Man 3,32.0065,2013-04-18,6.933,23639
225,11036,The Notebook,30.4766,2004-06-25,7.891,12711
226,552524,Lilo & Stitch,33.2161,2025-05-17,7.193,2228
227,1531018,Hot Night,27.9299,2025-08-29,7.0,3
228,1266127,Ready or Not: Here I Come,29.0328,2026-03-19,7.604,1423
229,324786,Hacksaw Ridge,30.6594,2016-10-07,8.193,15068
230,950028,The Invite,30.7755,2026-06-25,7.715,114
231,675,Harry Potter and the Order of the Phoenix,31.9983,2007-07-08,7.673,21018
232,1202033,Enola Holmes 3,30.4175,2026-06-30,6.9,553
233,424,Schindler's List,31.6526,1993-12-15,8.57,17685
234,713704,Evil Dead Rise,30.8196,2023-04-12,7.0,3851
235,39254,Real Steel,32.2059,2011-09-28,7.13,9393
236,1716513,Extreme Makeover: Homer Edition,29.1891,2026-06-17,7.203,59
237,475557,Joker,32.392,2019-10-01,8.121,28010
238,1054867,One Battle After Another,29.2262,2025-09-23,7.348,3992
239,744,Top Gun,29.7779,1986-05-16,7.071,9736
240,1408170,Lenin,27.526,2026-07-10,6.2,4
241,845781,Red One,31.6893,2024-10-31,6.971,3098
242,226674,The Adolescent,30.0281,1979-01-24,4.7,18
243,157209,Oedipus Orca,13.5103,1977-04-04,4.5,12
244,280,Terminator 2: Judgment Day,29.2079,1991-07-03,8.16,14571
245,641284,Carnal Excitation,29.4106,1978-03-22,4.0,4
246,575265,Mission: Impossible - The Final Reckoning,31.1708,2025-05-17,7.174,3001
247,1330021,Remarkably Bright Creatures,28.2141,2026-05-07,8.479,802
248,808,Shrek,28.5285,2001-05-18,7.775,19057
249,49013,Cars 2,28.5182,2011-06-11,6.187,8589
250,389,12 Angry Men,30.7453,1957-04-10,8.566,10191
251,293660,Deadpool,30.3106,2016-02-09,7.625,33012
252,106646,The Wolf of Wall Street,31.3829,2013-12-25,8.027,26218
253,769,GoodFellas,28.861,1990-09-12,8.451,14568
254,1156594,Our Fault,28.4561,2025-10-15,7.393,723
255,301528,Toy Story 4,31.8972,2019-06-19,7.464,10811
256,1698575,"Snoopy Presents: There's No Place Like Home, Snoopy",31.0786,2026-07-30,7.895,19
257,284052,Doctor Strange,31.3527,2016-10-25,7.424,23648
258,283995,Guardians of the Galaxy Vol. 2,31.0279,2017-04-25,7.6,23155
259,1724,The Incredible Hulk,31.3386,2008-06-12,6.2,12891
260,210577,Gone Girl,31.8412,2014-10-01,7.89,20173
261,37165,The Truman Show,28.4488,1998-06-04,8.155,20538
262,30471,Spiderbabe,31.5856,2003-10-14,4.6,40
263,1022789,Inside Out 2,25.3455,2024-06-11,7.543,6840
264,505642,Black Panther: Wakanda Forever,29.5723,2022-11-09,7.001,7613
265,68726,Pacific Rim,27.5407,2013-07-11,6.94,13602
266,194117,Woman in the Moon,31.0715,1988-03-31,5.6,8
267,802,Lolita,27.5391,1962-06-13,7.3,2271
268,39688,Like a Brother,28.0449,2005-04-17,4.3,25
269,102899,Ant-Man,29.2615,2015-07-14,7.067,21040
270,16869,Inglourious Basterds,26.4591,2009-08-02,8.217,24492
271,372058,Your Name.,27.5651,2016-07-01,8.482,12776
272,101,Léon: The Professional,26.5333,1994-09-14,8.293,16301
273,76338,Thor: The Dark World,29.2704,2013-10-30,6.512,18503
274,393392,Modori River,23.4615,1983-04-16,5.7,3
275,228150,Fury,29.2859,2014-10-15,7.547,13083
276,20352,Despicable Me,29.2534,2010-07-08,7.261,16221
277,1100988,28 Years Later,27.482,2025-06-18,6.603,2752
278,150540,Inside Out,29.8516,2015-06-17,7.907,23686
279,545611,Everything Everywhere All at Once,23.8994,2022-03-24,7.709,8204
280,11012,Damage,25.231,1992-12-02,6.607,714
281,76768,The Devil In The Flesh,27.3588,1991-06-11,2.8,4
282,857,Saving Private Ryan,23.9476,1998-07-24,8.231,17528
283,497698,Black Widow,30.1503,2021-07-07,7.16,11406
284,945961,Alien: Romulus,27.1944,2024-08-13,7.165,4730
285,432279,Melancoly Baby,23.5168,1979-08-29,6.333,3
286,38757,Tangled,28.5242,2010-11-24,7.615,12545
287,1432631,Idhayam Murali,24.4288,2026-07-10,7.7,3
288,11324,Shutter Island,27.6302,2010-02-14,8.198,26139
289,1062722,Frankenstein,27.5682,2025-10-17,7.62,3660
290,1250,Ghost Rider,27.3992,2007-01-15,5.616,6566
291,1057265,Peddi,24.8349,2026-06-03,5.871,62
292,198663,The Maze Runner,27.7481,2014-09-10,7.19,18289
293,1381027,Good Boy,24.9983,2026-03-06,7.154,192
294,207,Dead Poets Society,26.2039,1989-06-02,8.299,12779
295,1078605,Weapons,25.3998,2025-08-04,7.257,3701
296,1613798,Vengeance,25.4797,2026-02-26,7.495,289
297,562,Die Hard,25.3462,1988-07-15,7.8,12460
298,939243,Sonic the Hedgehog 3,26.927,2024-12-19,7.606,3379
299,272,Batman Begins,29.1017,2005-06-10,7.729,22888
300,77338,The Intouchables,26.7668,2011-11-02,8.273,18633
301,138843,The Conjuring,29.5058,2013-07-18,7.541,12892
302,425274,Now You See Me: Now You Don't,27.4999,2025-11-12,6.468,1715
303,447273,Snow White,29.0203,2025-03-19,4.28,1695
304,616037,Thor: Love and Thunder,27.9071,2022-07-06,6.365,8741
305,1541560,Stop! That! Train!,25.5417,2026-06-12,5.2,36
306,550988,Free Guy,26.7528,2021-08-11,7.444,9992
307,18,The Fifth Element,26.6352,1997-05-02,7.587,11947
308,1318413,Pressure,24.2441,2026-05-25,7.746,246
309,1480387,undertone,24.8586,2026-03-12,6.093,526
310,26466,Triangle,23.0781,2009-10-16,6.914,3065
311,12153,White Chicks,26.6195,2004-06-23,6.959,4647
312,558449,Gladiator II,28.1836,2024-11-13,6.603,4612
313,18785,The Hangover,27.4798,2009-06-02,7.337,18302
314,29154,Stand and Deliver,22.847,1988-03-11,7.752,467
315,1632181,Accidental Partners,24.9911,2026-03-12,8.944,338
316,1477317,Your Fault: London,25.099,2026-06-17,7.508,180
317,4247,Scary Movie,25.0447,2000-07-07,6.425,8010
318,1396749,Wild Sing,25.873,2026-06-03,6.0,15
319,246655,X-Men: Apocalypse,25.1372,2016-05-18,6.527,13921
320,508947,Turning Red,27.6155,2022-03-10,7.331,5965
321,419430,Get Out,27.2006,2017-02-24,7.624,19113
322,4935,Howl's Moving Castle,24.7974,2004-09-09,8.4,11257
323,181808,Star Wars: The Last Jedi,26.5177,2017-12-13,6.745,16501
324,78,Blade Runner,25.2592,1982-06-25,7.934,15189
325,425,Ice Age,25.8623,2002-03-14,7.381,14472
326,77,Memento,24.5041,2000-10-11,8.174,16498
327,615,The Passion of the Christ,25.4022,2004-02-25,7.545,5271
328,1038392,The Conjuring: Last Rites,24.822,2025-09-03,6.953,2022
329,315162,Puss in Boots: The Last Wish,25.0601,2022-12-07,8.212,9079
330,1227241,Maa Inti Bangaram,22.8553,2026-06-18,7.0,10
331,72190,World War Z,27.3032,2013-06-19,6.847,16821
332,299710,Being 14,21.6387,2015-02-25,4.1,65
333,346698,Barbie,25.2369,2023-07-19,6.915,11329
334,912649,Venom: The Last Dance,24.1672,2024-10-22,6.664,4372
335,109445,Frozen,27.3344,2013-11-20,7.249,17736
336,1497463,All That We Never Were,33.4773,2026-06-04,6.717,30
337,519182,Despicable Me 4,27.1502,2024-06-20,6.979,3301
338,330457,Frozen II,27.16,2019-11-20,7.228,10378
339,1197306,A Working Man,23.6199,2025-03-26,6.688,2026
340,1197306,A Working Man,23.6199,2025-03-26,6.688,2026
341,2105,American Pie,25.6499,1999-07-09,6.615,8435
342,667538,Transformers: Rise of the Beasts,25.1797,2023-06-06,7.2,5354
343,269149,Zootopia,25.872,2016-02-11,7.8,18338
344,348,Alien,25.3656,1979-05-25,8.171,16603
345,578,Jaws,25.4079,1975-06-20,7.683,11694
346,755679,Fast Forever,23.8914,2028-03-16,0.0,0
347,1363974,That Time I Got Reincarnated as a Slime the Movie: Tears of the Azure Sea,26.2916,2026-02-27,7.774,31
348,345940,The Meg,26.3449,2018-08-09,6.252,8283
349,1309083,Dolly,23.1374,2026-03-06,5.822,188
350,106,Predator,23.5221,1987-06-12,7.573,9331
351,38365,Grown Ups,24.8149,2010-06-24,6.431,6790
352,383498,Deadpool 2,25.9613,2018-05-15,7.49,19436
353,10867,Malena,23.7035,2000-10-27,7.545,2753
354,567609,Ready or Not,25.1358,2019-08-21,7.095,5711
355,603692,John Wick: Chapter 4,24.1105,2023-03-21,7.709,8132
356,429,"The Good, the Bad and the Ugly",25.7572,1966-12-23,8.464,9801
357,637649,Wrath of Man,24.8646,2021-04-22,7.574,6202
358,1509599,Gatta Kusthi 2,25.2498,2026-07-03,2.8,3
359,533533,TRON: Ares,24.5828,2025-10-08,6.5,1542
360,77429,Chechu and Family,19.7235,1992-06-25,5.35,10
361,1656220,23 000 Lives,22.429,2026-07-02,5.726,62
362,299537,Captain Marvel,24.9895,2019-03-06,6.8,16930
363,1236153,Mercy,24.0173,2026-01-19,7.094,1540
364,1317288,Marty Supreme,23.6786,2025-12-19,7.374,2025
365,696506,Mickey 17,24.9393,2025-02-28,6.837,3750
366,298618,The Flash,24.8913,2023-06-13,6.619,5131
367,1292415,Beast,24.4196,2026-04-10,6.353,85
368,426063,Nosferatu,25.8484,2024-12-25,6.711,3830
369,604079,The Long Walk,24.578,2025-09-10,6.868,1764
370,920,Cars,22.9946,2006-06-08,7.043,15315
371,58,Pirates of the Caribbean: Dead Man's Chest,24.1915,2006-07-06,7.4,17390
372,975511,The Return,22.1167,2024-11-28,6.542,485
373,539972,Kraven the Hunter,26.1998,2024-12-11,6.43,2419
374,566525,Shang-Chi and the Legend of the Ten Rings,25.124,2021-09-01,7.491,10553
375,1260649,Jumanji: Open World,22.6055,2026-12-23,0.0,0
376,512200,Jumanji: The Next Level,24.5804,2019-12-04,6.872,9489
377,29039,The Arena,22.4664,1974-03-13,5.4,50
378,181812,Star Wars: The Rise of Skywalker,24.2469,2019-12-18,6.261,10985
379,1234731,Anaconda,23.4354,2025-12-24,5.826,1330
380,593643,The Menu,23.8303,2022-11-17,7.177,6433
381,1232569,Pinocchio: Unstrung,23.2779,2026-07-22,8.6,14
382,546554,Knives Out,26.8224,2019-11-27,7.84,14252
383,809,Shrek 2,22.8719,2004-05-19,7.3,13615
384,127585,X-Men: Days of Future Past,23.1208,2014-05-15,7.534,16445
385,1003598,Avengers: Secret Wars,23.0454,2027-09-15,0.0,0
386,14160,Up,25.8963,2009-05-28,7.961,21890
387,762509,Mufasa: The Lion King,24.2199,2024-12-18,7.297,2727
388,11770,Shaolin Soccer,19.8665,2001-07-05,7.199,2605
389,313369,La La Land,23.5532,2016-12-01,7.897,18289
390,140607,Star Wars: The Force Awakens,23.3024,2015-12-15,7.247,20715
391,823219,Flow,23.5244,2024-08-29,8.077,2956
392,9806,The Incredibles,24.5647,2004-10-27,7.728,19090
393,1084199,Companion,23.1407,2025-01-22,7.009,2466
394,329865,Arrival,23.3143,2016-11-10,7.631,19628
395,8363,Superbad,22.4476,2007-08-17,7.269,8228
396,1340206,Tuner,22.8011,2026-05-21,7.1,213
397,49521,Man of Steel,25.018,2013-06-12,6.656,16409
398,363088,Ant-Man and the Wasp,23.8667,2018-07-04,6.901,14324
399,1315303,Primate,22.5474,2026-01-01,6.51,785
400,1315303,Primate,22.5474,2026-01-01,6.512,784
401,1317149,I Swear,22.6219,2025-09-22,8.224,418
402,1468683,Heartstopper Forever,21.2886,2026-07-14,7.301,206
403,1645603,Night of the Living Dead,19.9931,2026-07-03,4.985,68
404,24,Kill Bill: Vol. 1,23.6013,2003-10-10,7.971,19182
405,269955,Obsessed,22.0781,2014-05-14,6.6,82
406,1242705,One More Shot,21.6836,2025-12-12,5.348,23
407,1064213,Anora,21.8916,2024-10-14,7.074,3308
408,679,Aliens,23.6083,1986-07-18,7.967,11013
409,1100782,Smile 2,23.7112,2024-10-16,6.585,2256
410,228794,Provocation,23.3013,1995-12-15,5.4,24
411,858024,Hamnet,22.8346,2025-11-26,7.712,1488
412,337167,Fifty Shades Freed,23.0256,2018-01-17,6.67,8402
413,6977,No Country for Old Men,20.8572,2007-11-09,7.948,13550
414,1091,The Thing,22.8851,1982-06-25,8.072,8093
415,205596,The Imitation Game,21.6185,2014-11-14,7.983,18245
416,1397385,Little Brother,21.1779,2026-06-18,6.461,304
417,670,Oldboy,21.1421,2003-11-21,8.234,10026
418,812583,Wake Up Dead Man: A Knives Out Mystery,21.3221,2025-11-26,7.207,2708
419,701387,Bugonia,22.6029,2025-10-23,7.303,2183
420,1390300,Over Your Dead Body,21.5101,2026-03-14,6.488,490
421,9769,Lolita,19.5522,1997-09-27,7.105,1997
422,785084,The Whale,23.6834,2022-12-09,7.76,4785
423,1175942,The Bad Guys 2,20.3793,2025-07-24,7.613,855
424,402431,Wicked,25.0565,2024-10-16,6.9,3144
425,507086,Jurassic World Dominion,22.0731,2022-06-01,6.602,7181
426,111,Scarface,24.6815,1983-12-09,8.153,13239
427,921711,Tamil Rockers,18.6916,2021-12-31,4.75,4
428,577922,Tenet,21.4136,2020-08-22,7.173,11311
429,285,Pirates of the Caribbean: At World's End,22.9651,2007-05-19,7.3,15663
430,991494,The SpongeBob Movie: Search for SquarePants,20.9654,2025-12-16,6.8,330
431,49051,The Hobbit: An Unexpected Journey,22.5826,2012-12-12,7.38,19847
432,396535,Train to Busan,21.816,2016-07-20,7.753,8545
433,424711,Poppea's Hot Nights,15.0325,1969-01-01,4.7,5
434,436969,The Suicide Squad,23.0342,2021-07-28,7.5,9732
435,263115,Logan,22.0487,2017-02-28,7.821,20603
436,976573,Elemental,21.5416,2023-06-14,7.591,5450
437,801335,Girl in the Basement,22.1269,2021-02-27,7.569,882
438,70981,Prometheus,21.5525,2012-05-30,6.603,13419
439,8966,Twilight,21.5655,2008-11-20,6.28,14534
440,70981,Prometheus,21.5525,2012-05-30,6.603,13420
441,436270,Black Adam,24.1838,2022-10-19,6.785,7140
442,466272,Once Upon a Time... in Hollywood,21.3862,2019-07-24,7.421,15042
443,1144107,The Legend of Hei 2,18.5393,2025-07-18,8.532,62
444,214756,Ted 2,22.6775,2015-06-25,6.324,8072
445,1633056,All Wishes Come True!,21.4416,2026-07-10,8.2,13
446,1641319,Sniper: No Nation,20.2783,2026-03-13,6.613,84
447,1321491,The Banished,18.7998,2025-07-18,4.771,24
448,1397485,Girls Like Girls,19.7028,2026-06-18,7.1,27
449,8358,Cast Away,23.838,2000-12-22,7.667,12410
450,490132,Green Book,20.94,2018-11-16,8.225,13055
451,680493,Return to Silent Hill,21.2443,2026-01-21,5.399,764
452,62,2001: A Space Odyssey,21.3839,1968-04-02,8.048,12767
453,1495,Kingdom of Heaven,21.9694,2005-05-03,7.076,5110
454,1573,Die Hard 2,22.6201,1990-07-03,6.972,6496
455,829557,365 Days: This Day,21.3796,2022-04-26,5.95,1860
456,345,Eyes Wide Shut,21.5606,1999-07-16,7.485,7168
457,1011985,Kung Fu Panda 4,20.7941,2024-03-02,7.004,3616
458,36647,Blade,21.6873,1998-08-21,6.849,6842
459,1522126,1000 Men and Me: The Bonnie Blue Story,19.4582,2025-07-29,5.2,26
460,36647,Blade,21.6873,1998-08-21,6.849,6841
461,1522126,1000 Men and Me: The Bonnie Blue Story,19.4582,2025-07-29,5.25,26
462,1156593,Your Fault,22.4189,2024-12-26,7.092,1602
463,744275,After We Fell,20.8935,2021-09-01,6.997,2761
464,168259,Furious 7,20.3994,2015-04-01,7.216,11394
465,135397,Jurassic World,20.9266,2015-06-06,6.703,21756
466,1891,The Empire Strikes Back,22.075,1980-05-20,8.393,18625
467,1341041,A Haunted Romance,15.3912,1985-05-24,10.0,1
468,541671,Ballerina,23.5962,2025-06-04,7.276,2835
469,13475,Star Trek,21.9278,2009-05-06,7.437,10609
470,103,Taxi Driver,20.6826,1976-02-09,8.124,13612
471,353486,Jumanji: Welcome to the Jungle,21.4117,2017-12-09,6.822,14661
472,156022,The Equalizer,21.3976,2014-09-24,7.292,10073
473,259693,The Conjuring 2,21.1198,2016-06-08,7.293,9304
474,297802,Aquaman,25.4874,2018-12-07,6.867,15059
475,460465,Mortal Kombat,21.0683,2021-04-07,7.048,6939
476,118,Charlie and the Chocolate Factory,22.0081,2005-07-13,7.039,16257
477,7220,The Punisher,21.1769,2004-04-15,6.379,3214
478,1734,The Mummy Returns,21.0253,2001-05-04,6.411,7799
479,1064028,Subservience,20.4617,2024-08-15,6.627,1061
480,3933,Corpse Bride,22.1562,2005-09-12,7.592,10312
481,1367220,Karuppu,18.0309,2026-05-14,6.7,23
482,964849,Nightborn,23.0329,2026-07-01,6.524,21
483,772,Home Alone 2: Lost in New York,21.5235,1992-11-15,6.8,10756
484,28,Apocalypse Now,20.5062,1979-05-19,8.264,9231
485,320288,Dark Phoenix,20.2763,2019-06-05,5.966,7173
486,216015,Fifty Shades of Grey,21.9125,2015-02-11,5.866,12479
487,109428,Evil Dead,20.0413,2013-04-05,6.6,5173
488,615656,Meg 2: The Trench,22.8377,2023-08-02,6.375,4041
489,1440050,The Breadwinner,19.9879,2026-05-29,7.421,63
490,786892,Furiosa: A Mad Max Saga,21.8854,2024-05-22,7.443,5040
491,270303,It Follows,21.1533,2015-02-04,6.58,7038
492,85,Raiders of the Lost Ark,20.6402,1981-06-12,7.926,13810
493,1193501,Whistle,21.0289,2026-01-20,6.347,623
494,1669051,Kesong Puti,20.4113,2026-04-24,3.8,4
495,539,Psycho,21.6854,1960-06-22,8.41,11118
496,1539104,JUJUTSU KAISEN: Execution,20.9349,2025-11-07,6.05,111
497,1242332,Normal,18.2565,2026-04-16,7.182,426
498,6479,I Am Legend,23.2189,2007-12-12,7.22,17075
499,360920,The Grinch,21.2738,2018-11-08,6.864,4480
500,360920,The Grinch,21.2738,2018-11-08,6.864,4480
501,146233,Prisoners,18.8985,2013-09-19,8.106,13291
502,630,The Wizard of Oz,19.286,1939-08-21,7.582,6191
503,854,The Mask,20.2286,1994-07-29,6.995,11436
504,787,Mr. & Mrs. Smith,20.4333,2005-06-07,6.693,11354
505,137,Groundhog Day,21.835,1993-02-11,7.635,9028
506,9487,A Bug's Life,21.2531,1998-11-25,6.982,9827
507,438148,Minions: The Rise of Gru,20.7925,2022-06-29,7.257,4073
508,359410,Road House,21.5186,2024-03-08,6.94,3138
509,337404,Cruella,19.1871,2021-05-26,7.971,10185
510,1620682,Love in Slow Motion,18.1211,2026-07-23,5.083,12
511,1359,American Psycho,18.8056,2000-04-13,7.401,12491
512,637,Life Is Beautiful,21.49,1997-12-20,8.438,14121
513,1316092,"""Wuthering Heights""",21.0667,2026-02-11,6.658,1240
514,1865,Pirates of the Caribbean: On Stranger Tides,20.8748,2011-05-15,6.6,15108
515,1402,The Pursuit of Happyness,20.5465,2006-12-14,7.886,10734
516,949,Heat,20.0052,1995-12-15,7.94,8521
517,510,One Flew Over the Cuckoo's Nest,18.6389,1975-11-19,8.407,11597
518,1389748,Het Laatste Fluitsignaal,16.2465,2024-10-06,0.0,0
519,934433,Scream VI,20.9834,2023-03-08,6.936,3276
520,1387382,Hunting Season,17.6804,2025-12-05,7.391,395
521,72105,Ted,20.8803,2012-06-29,6.454,13316
522,77429,Chechu and Family,19.7235,1992-06-25,5.3,10
523,1458215,The Gentleman Thief,19.2918,2026-07-31,5.625,12
524,38,Eternal Sunshine of the Spotless Mind,19.5319,2004-03-19,8.1,16523
525,929590,Civil War,20.7007,2024-04-10,6.853,4438
526,12155,Alice in Wonderland,20.8065,2010-03-03,6.645,14941
527,2251,Unfaithful,18.7686,2002-05-10,6.709,1763
528,1724981,The Kings of None,14.8334,2027-10-07,0.0,0
529,113344,The American Scream,18.3328,1988-01-01,4.643,14
530,875828,Peaky Blinders: The Immortal Man,19.3841,2026-03-05,7.227,1118
531,568,Apollo 13,18.9219,1995-06-30,7.462,6019
532,1579,Apocalypto,18.3674,2006-12-07,7.655,6539
533,766507,Prey,18.9762,2022-08-02,7.655,7864
534,73861,A Serbian Film,18.919,2010-01-06,5.453,2242
535,35,The Simpsons Movie,19.5601,2007-07-25,7.023,8634
536,1771,Captain America: The First Avenger,20.89,2011-07-22,7.01,22957
537,1694978,Chum,18.5106,2026-05-27,4.606,33
538,9502,Kung Fu Panda,25.0521,2008-06-04,7.332,12831
539,607,Men in Black,20.2496,1997-07-02,7.226,15007
540,718930,Bullet Train,20.5685,2022-08-03,7.411,7721
541,71676,Ghost Rider: Spirit of Vengeance,18.7884,2011-12-10,5.025,4136
542,296096,Me Before You,20.767,2016-06-01,7.929,13431
543,791373,Zack Snyder's Justice League,19.7621,2021-03-18,8.083,10986
544,1472951,Infiltrate,18.5304,2026-07-09,0.0,0
545,629,The Usual Suspects,18.1458,1995-07-19,8.166,11569
546,1246049,Dracula,18.2545,2025-07-30,7.238,1395
547,917496,Beetlejuice Beetlejuice,18.6408,2024-09-04,6.927,3217
548,10674,Mulan,19.1897,1998-06-18,7.903,10565
549,254128,San Andreas,20.7393,2015-05-27,6.249,9112
550,10625,Mean Girls,20.7334,2004-04-30,7.227,9567
551,10191,How to Train Your Dragon,21.4011,2010-03-18,7.865,14552
552,36586,Blade II,19.9739,2002-03-22,6.568,5307
553,260346,Taken 3,22.5212,2014-12-16,6.268,6219
554,115,The Big Lebowski,19.3227,1998-03-06,7.8,12337
555,1033462,Bureau 749,18.2895,2024-10-01,6.402,112
556,64690,Drive,18.1898,2011-09-15,7.583,13808
557,609681,The Marvels,20.4127,2023-11-08,5.931,3513
558,290098,The Handmaiden,19.6832,2016-06-01,8.2,4411
559,866398,The Beekeeper,22.2936,2024-01-08,7.28,4394
560,1228246,Five Nights at Freddy's 2,20.0979,2025-12-03,6.623,1085
561,41387,From Beijing with Love,18.5915,1994-10-13,7.0,241
562,281957,The Revenant,20.2613,2015-12-25,7.541,19516
563,1363387,Saccharine,18.8807,2026-05-22,6.699,88
564,823464,Godzilla x Kong: The New Empire,20.3914,2024-03-27,7.047,4782
565,259316,Fantastic Beasts and Where to Find Them,18.6841,2016-11-16,7.309,19839
566,118340,Guardians of the Galaxy,19.8176,2014-07-30,7.907,30005
567,18239,The Twilight Saga: New Moon,19.1163,2009-11-18,5.988,9825
568,943315,Taste of shellfish,13.4626,2021-11-21,4.0,1
569,493922,Hereditary,18.089,2018-06-07,7.294,8757
570,49530,In Time,18.8134,2011-10-27,7.0,12286
571,974576,Conclave,17.1048,2024-10-25,7.188,3504
572,10144,The Little Mermaid,19.3709,1989-11-17,7.352,8487
573,1087891,The Amateur,18.913,2025-04-09,6.924,1687
574,20526,TRON: Legacy,19.1048,2010-12-14,6.546,8042
575,1119449,"Good Luck, Have Fun, Don't Die",17.7557,2026-02-13,7.065,781
576,1097549,Babygirl,20.5572,2024-12-25,5.716,1253
577,150689,Cinderella,20.682,2015-03-06,6.825,7468
578,1185806,PAW Patrol: The Dino Movie,20.2675,2026-07-23,7.0,7
579,131631,The Hunger Games: Mockingjay - Part 1,20.4491,2014-11-19,6.818,16863
580,161,Ocean's Eleven,19.3404,2001-12-07,7.464,12715
581,333339,Ready Player One,19.2957,2018-03-28,7.589,17153
582,953,Madagascar,19.1858,2005-05-25,6.927,11865
583,2109,Rush Hour,19.7324,1998-09-18,7.083,5785
584,398818,Call Me by Your Name,20.0654,2017-10-01,8.084,12861
585,733573,My Missing Valentine,14.7727,2020-09-18,6.9,43
586,1598766,Crayon Shin-chan the Movie: Very Bizarre! My Yokai Vacation,19.2108,2026-07-31,0.0,0
587,640,Catch Me If You Can,19.3426,2002-12-16,7.979,17323
588,26827,Who's That Girl,22.9732,1987-08-07,5.488,254
589,311,Once Upon a Time in America,19.848,1984-05-23,8.373,6130
590,1159831,The Bride!,18.2862,2026-03-04,6.091,602
591,640146,Ant-Man and the Wasp: Quantumania,19.7331,2023-02-15,6.2,5958
592,1086268,Three,17.5716,2023-03-01,6.5,2
593,82023,Hotel Desire,21.7312,2011-12-07,6.186,153
594,549509,The Brutalist,21.0733,2024-12-20,6.951,1718
595,4348,Pride & Prejudice,21.0,2005-09-16,8.1,8851
596,792307,Poor Things,18.6972,2023-12-07,7.6,5609
597,137051,Midnight Matinee,15.0498,1988-10-12,5.4,7
598,47971,xXx: Return of Xander Cage,19.3866,2017-01-13,6.131,9286
599,170,28 Days Later,22.3702,2002-10-31,7.244,8684
600,170,28 Days Later,22.3702,2002-10-31,7.244,8684
601,508442,Soul,19.1074,2020-12-25,8.1,11579
602,335983,Venom,19.742,2018-09-28,6.825,17409
603,11688,The Emperor's New Groove,18.245,2000-12-15,7.565,7385
604,1893,Star Wars: Episode I - The Phantom Menace,18.6322,1999-05-19,6.583,16031
605,57800,Ice Age: Continental Drift,19.9802,2012-06-27,6.392,8202
606,57158,The Hobbit: The Desolation of Smaug,20.1184,2013-12-11,7.583,14392
607,100402,Captain America: The Winter Soldier,18.4307,2014-03-20,7.7,20225
608,4234,Scream 3,18.3564,2000-02-04,6.007,4128
609,635302,Demon Slayer -Kimetsu no Yaiba- The Movie: Mugen Train,18.9195,2020-10-16,8.225,4612
610,1292695,They Will Kill You,19.1093,2026-03-25,6.953,1007
611,282035,The Mummy,18.5964,2017-06-06,5.52,7724
612,93456,Despicable Me 2,19.6864,2013-06-26,6.947,12120
613,500,Reservoir Dogs,18.2503,1992-09-02,8.112,15648
614,568124,Encanto,18.5589,2021-10-13,7.566,10304
615,1084187,Pretty Lethal,19.258,2026-03-13,6.795,461
616,1895,Star Wars: Episode III - Revenge of the Sith,18.6459,2005-05-17,7.474,15127
617,242582,Nightcrawler,18.4948,2014-10-23,7.708,11879
618,1711175,Summerween,15.9994,2026-06-26,5.7,3
619,245891,John Wick,18.8733,2014-10-16,7.46,21086
620,27,9 Songs,17.5717,2004-07-16,5.547,590
621,1477712,Ice Cream Man,18.0197,2026-08-03,2.333,3
622,1242265,Fuze,18.0084,2026-03-23,7.0,270
623,197,Braveheart,18.5201,1995-05-24,7.946,11276
624,1732097,Euphoria: A Look Back,18.0148,2026-07-24,3.214,7
625,270946,Penguins of Madagascar,19.2723,2014-11-22,6.5,4534
626,10020,Beauty and the Beast,18.935,1991-10-22,7.726,10786
627,493529,Dungeons & Dragons: Honor Among Thieves,19.3021,2023-03-23,7.358,4797
628,1294203,My Fault: London,18.6111,2025-02-12,7.388,615
629,50014,The Help,18.3683,2011-08-09,8.205,9159
630,76,Before Sunrise,17.8666,1995-01-27,7.968,4773
631,698687,Transformers One,18.6991,2024-09-11,7.975,1705
632,11852,The Hot Chick,18.4832,2002-12-13,6.363,2216
633,1151031,Bring Her Back,17.7225,2025-05-19,7.336,1821
634,1545621,Detective Conan: Fallen Angel of the Highway,16.9844,2026-04-10,7.8,13
635,810,Shrek the Third,18.7767,2007-05-17,6.313,9896
636,482706,Oligosaccharide The Movie,16.82,2017-06-15,4.5,11
637,381284,Hidden Figures,19.2055,2016-12-10,8.046,10551
638,128,Princess Mononoke,18.3406,1997-07-12,8.321,9140
639,1368,First Blood,17.8829,1982-10-22,7.511,6983
640,629542,The Bad Guys,20.4384,2022-03-17,7.51,2629
641,1288059,I Want Your Sex,18.7952,2026-07-29,6.0,12
642,43947,I Spit on Your Grave,18.1091,2010-06-17,6.507,2626
643,1585,It's a Wonderful Life,19.0338,1946-12-20,8.275,4977
644,373571,Godzilla: King of the Monsters,17.9725,2019-05-29,6.689,6810
645,62177,Brave,20.4305,2012-06-21,7.033,14321
646,69733,The Man-Eater,23.4623,1999-08-26,4.977,43
647,1007734,Nobody 2,18.3932,2025-08-13,6.913,1726
648,207703,Kingsman: The Secret Service,17.6616,2015-01-24,7.619,17969
649,120467,The Grand Budapest Hotel,18.1262,2014-02-26,8.026,16303
650,812,Aladdin,17.6439,1992-11-25,7.657,12145
651,1448560,Wildcat,18.6858,2025-11-19,6.131,202
652,967941,Wicked: For Good,18.9167,2025-11-19,6.6,1084
653,1398,Stalker,13.7891,1979-05-25,8.086,2543
654,1138194,Heretic,16.1752,2024-10-31,6.97,2770
655,9480,Daredevil,17.5552,2003-02-14,5.301,5527
656,14161,2012,17.5515,2009-10-10,5.89,12880
657,915935,Anatomy of a Fall,16.1359,2023-08-23,7.515,3387
658,615777,Babylon,17.8171,2022-12-22,7.342,3842
659,752,V for Vendetta,18.1409,2006-02-23,7.902,15747
660,1367642,Reminders of Him,17.398,2026-03-11,7.78,372
661,745,The Sixth Sense,18.2177,1999-08-06,7.954,13060
662,1383731,Protector,18.354,2026-02-20,8.473,489
663,374720,Dunkirk,17.3504,2017-07-19,7.45,17754
664,1542877,Assassination Classroom the Movie: Our Time,17.3006,2026-03-20,7.2,9
665,44214,Black Swan,19.0201,2010-12-03,7.7,15703
666,530385,Midsommar,19.7195,2019-07-03,7.147,8257
667,402,Basic Instinct,17.7479,1992-03-20,6.947,4449
668,36557,Casino Royale,18.8085,2006-11-14,7.575,11844
669,997907,Princess Lotus,12.0902,1992-06-01,0.0,0
670,74,War of the Worlds,17.9863,2005-06-28,6.56,9357
671,75656,Now You See Me,17.284,2013-05-29,7.327,16966
672,861,Total Recall,15.2879,1990-06-01,7.324,6575
673,573435,Bad Boys: Ride or Die,17.5634,2024-06-05,7.316,3409
674,406997,Wonder,15.319,2017-11-13,8.103,8327
675,1005331,Carry-On,17.5056,2024-12-05,6.883,2837
676,1601243,Oscar Shaw,15.2256,2026-01-09,6.684,38
677,1710886,Sugar Mommy,16.5804,2026-06-09,0.0,0
678,1892,Return of the Jedi,17.1668,1983-05-25,7.911,17110
679,169,Predator 2,17.8659,1990-11-21,6.306,3904
680,454626,Sonic the Hedgehog,17.3301,2020-02-12,7.278,10485
681,1241436,Warfare,17.3437,2025-04-09,7.077,1544
682,1245859,Savage House,15.7121,2026-06-05,6.5,22
683,423108,The Conjuring: The Devil Made Me Do It,18.9382,2021-05-25,7.344,6629
684,87101,Terminator Genisys,17.5872,2015-06-23,5.96,9077
685,338953,Fantastic Beasts: The Secrets of Dumbledore,18.4562,2022-04-06,6.626,5168
686,1223601,Sisu: Road to Revenge,17.2426,2025-10-21,7.314,861
687,756999,The Black Phone,17.4943,2022-06-16,7.513,5956
688,4232,Scream,16.6107,1996-12-20,7.433,8111
689,764,The Evil Dead,18.3827,1982-05-25,7.272,4591
690,8077,Alien³,17.0873,1992-05-22,6.39,6472
691,598,City of God,20.0971,2002-08-30,8.429,8311
692,439079,The Nun,19.4048,2018-09-05,5.909,7244
693,604,The Matrix Reloaded,18.0564,2003-05-15,7.085,12132
694,561,Constantine,17.7216,2005-02-08,7.192,8362
695,377,A Nightmare on Elm Street,17.6559,1984-11-09,7.35,5832
696,767036,The Choice,15.9727,2020-11-15,0.0,0
697,466420,Killers of the Flower Moon,17.6803,2023-10-18,7.392,4239
698,105825,Erotic Ghost Story III,14.784,1992-03-05,5.6,32
699,653346,Kingdom of the Planet of the Apes,18.2091,2024-05-08,7.055,4361
700,5559,Bee Movie,18.0094,2007-10-28,6.049,5354
701,82702,How to Train Your Dragon 2,18.779,2014-06-05,7.685,10572
702,418578,The Quest of the Sex: A Holly Hole,17.1254,2005-08-03,4.0,1
703,49519,The Croods,19.4868,2013-03-15,6.944,7626
704,1632812,Nothing Between Us,15.4829,2026-05-21,5.333,21
705,2501,The Bourne Identity,16.4559,2002-06-14,7.484,10235
706,1198984,We Bury the Dead,15.9313,2026-01-01,6.043,337
707,1442396,Nagabandham: The Secret Treasure,14.2319,2026-07-02,4.5,4
708,855,Black Hawk Down,18.5591,2001-12-28,7.397,6473
709,634492,Madame Web,16.9208,2024-02-14,5.285,2637
710,1167307,David,17.2108,2025-12-14,7.962,171
711,1271,300,17.0276,2007-03-07,7.209,14922
712,1308553,Hai Jawani Toh Ishq Hona Hai,17.3171,2026-06-04,5.625,24
713,11544,Lilo & Stitch,19.683,2002-06-21,7.56,7173
714,524047,Greenland,17.4112,2020-07-29,7.126,5442
715,324552,John Wick: Chapter 2,17.5828,2017-02-08,7.3,14436
716,5876,The Mist,17.2066,2007-11-21,6.949,5966
717,81774,Exploits of a Young Don Juan,16.9479,1986-11-04,6.129,326
718,441168,From Straight A's to XXX,18.2824,2017-02-11,5.919,167
719,1002398,Virgin,16.6538,2024-10-29,6.3,27
720,254,King Kong,16.7429,2005-12-12,6.896,8601
721,1141970,Morte Cucina,14.8067,2026-07-02,3.8,3
722,7512,Idiocracy,16.5295,2006-09-01,6.381,3689
723,843527,The Idea of You,16.9476,2024-05-02,7.3,1991
724,951491,Saw X,16.775,2023-09-27,7.154,2424
725,7451,xXx,16.9661,2002-08-09,5.989,4979
726,4951,10 Things I Hate About You,17.7453,1999-03-30,7.597,9041
727,273481,Sicario,17.105,2015-09-17,7.424,9713
728,9737,Bad Boys,16.4068,1995-04-07,6.832,7046
729,1433367,One Night Only,16.7068,2026-07-28,6.7,6
730,414419,Kill Bill: The Whole Bloody Affair,16.9424,2011-03-27,8.1,1363
731,91314,Transformers: Age of Extinction,17.4562,2014-06-25,5.971,8860
732,8689,Cannibal Holocaust,19.0058,1980-02-07,6.249,1904
733,601,E.T. the Extra-Terrestrial,16.2486,1982-06-11,7.519,12125
734,1284016,Power Ballad,16.5344,2026-05-18,6.967,76
735,359724,Ford v Ferrari,17.7214,2019-11-13,8.007,9142
736,639988,No Other Choice,17.4807,2025-09-24,7.512,1187
737,605,The Matrix Revolutions,16.6479,2003-11-05,6.756,10969
738,10494,Perfect Blue,19.0464,1998-02-28,8.302,3277
739,61791,Rise of the Planet of the Apes,18.2322,2011-08-03,7.349,12905
740,28322,Madness,16.5951,1980-03-20,5.265,34
741,87513,Motor City,16.5743,2026-07-23,5.6,13
742,1018,Mulholland Drive,14.7616,2001-06-06,7.798,7156
743,101299,The Hunger Games: Catching Fire,17.4983,2013-11-15,7.428,18608
744,393,Kill Bill: Vol. 2,16.5384,2004-04-16,7.876,15256
745,11649,Masters of the Universe,15.3478,1987-08-07,5.894,1130
746,8681,Taken,18.1829,2008-02-18,7.409,12233
747,321612,Beauty and the Beast,17.8152,2017-03-16,6.967,16093
748,940721,Godzilla Minus One,14.8485,2023-11-03,7.585,3285
749,1654313,Unanswered//butterfly,16.5914,2026-05-09,8.0,1
750,746036,The Fall Guy,18.9759,2024-04-24,6.953,3914
751,140300,Kung Fu Panda 3,16.305,2016-01-23,6.933,6687
752,1242011,Together,15.8157,2025-07-14,6.906,1261
753,1259102,Eternity,16.8564,2025-11-10,7.085,768
754,1572,Die Hard: With a Vengeance,16.4415,1995-05-19,7.284,6758
755,119450,Dawn of the Planet of the Apes,18.0909,2014-07-08,7.341,12356
756,514847,The Hunt,17.4553,2020-03-11,6.647,3739
757,15121,The Sound of Music,15.9798,1965-03-29,7.73,3671
758,1196470,Survive,17.3168,2024-06-19,5.886,404
759,1735,The Mummy: Tomb of the Dragon Emperor,17.1145,2008-07-01,5.521,4869
760,1735,The Mummy: Tomb of the Dragon Emperor,17.1145,2008-07-01,5.521,4869
761,930564,Saltburn,15.0369,2023-11-16,6.943,3021
762,293167,Kong: Skull Island,16.9264,2017-03-08,6.556,11248
763,9479,The Nightmare Before Christmas,16.1092,1993-10-09,7.833,10456
764,137113,Edge of Tomorrow,16.2807,2014-05-27,7.642,15294
765,11224,Cinderella,16.7847,1950-02-22,7.051,7221
766,1417,Pan's Labyrinth,16.7009,2006-10-11,7.767,11601
767,116745,The Secret Life of Walter Mitty,16.0295,2013-12-18,7.227,8378
768,176,Saw,16.2048,2004-10-01,7.425,10201
769,38575,The Karate Kid,16.4108,2010-06-10,6.567,6643
770,82690,Wreck-It Ralph,17.479,2012-11-01,7.361,13198
771,9802,The Rock,16.0915,1996-06-07,7.153,5273
772,18240,The Proposal,16.253,2009-06-02,7.176,7663
773,54138,Star Trek Into Darkness,17.0439,2013-05-05,7.323,9774
774,438695,Sing 2,17.7099,2021-12-01,7.832,4843
775,670292,The Creator,20.4936,2023-09-27,7.031,4058
776,11836,The SpongeBob SquarePants Movie,16.5623,2004-11-19,7.094,3256
777,11970,Hercules,16.5138,1997-06-13,7.499,8019
778,4248,Scary Movie 2,16.7189,2001-07-04,5.845,5316
779,339403,Baby Driver,17.3555,2017-06-28,7.443,17008
780,585534,Morning Moon Is Cruel,15.124,1981-06-21,4.3,3
781,675353,Sonic the Hedgehog 2,14.1102,2022-03-30,7.425,5945
782,999136,Do Not Enter,15.779,2026-03-19,6.322,286
783,420818,The Lion King,17.7254,2019-07-12,7.095,10826
784,335,Once Upon a Time in the West,15.8486,1968-12-21,8.271,4974
785,1084577,Balls Up,18.7948,2026-04-15,5.829,296
786,131304,Firehouse,15.2152,1987-08-01,3.9,19
787,1257009,Primitive War,15.1595,2025-08-21,6.67,426
788,1571101,Evolution,21.4949,2026-02-06,5.8,6
789,467905,How to Make a Killing,15.5856,2026-02-16,6.954,637
790,1357633,Solo Leveling -ReAwakening-,16.0375,2024-11-26,7.2,276
791,1650558,Abot Langit,15.9248,2026-03-13,5.0,1
792,11216,Cinema Paradiso,16.0268,1988-11-17,8.4,4901
793,346,Seven Samurai,15.6444,1954-04-26,8.45,4298
794,351286,Jurassic World: Fallen Kingdom,16.9847,2018-06-06,6.531,12892
795,260513,Incredibles 2,17.5762,2018-06-14,7.454,13813
796,580489,Venom: Let There Be Carnage,17.3213,2021-09-30,6.738,11287
797,1630423,My Dearest Assassin,17.0191,2026-05-06,8.579,278
798,75780,Jack Reacher,17.0964,2012-12-20,6.674,7752
799,73723,The Lorax,16.8873,2012-03-01,6.536,3936
800,73723,The Lorax,16.8873,2012-03-01,6.536,3936
801,458156,John Wick: Chapter 3 - Parabellum,17.1275,2019-05-15,7.4,11910
802,1032823,Trap,15.7804,2024-07-31,6.234,2936
803,7131,Van Helsing,16.0022,2004-05-03,6.425,6767
804,1035259,The Naked Gun,15.2391,2025-07-30,6.37,1873
805,8355,Ice Age: Dawn of the Dinosaurs,16.5587,2009-06-26,6.774,8976
806,1451078,Raakaasa,13.5221,2026-04-03,6.5,16
807,1924,Superman,15.3637,1978-12-14,7.163,4348
808,9340,The Goonies,18.4964,1985-06-07,7.517,6311
809,331482,Little Women,18.1222,2019-12-25,7.8,6921
810,4588,"Lust, Caution",16.1962,2007-09-24,7.283,821
811,399579,Alita: Battle Angel,14.9488,2019-01-31,7.269,10216
812,405746,Door,17.5053,1988-05-14,6.047,32
813,122906,About Time,17.3278,2013-09-04,7.904,9385
814,36648,Blade: Trinity,16.899,2004-12-08,5.862,4390
815,524434,Eternals,17.6572,2021-11-03,6.8,9272
816,49444,Kung Fu Panda 2,16.6097,2011-05-25,7.077,8022
817,1114513,Speak No Evil,13.8268,2024-09-11,7.11,2227
818,587807,Tom & Jerry,17.855,2021-02-10,6.721,2596
819,752623,The Lost City,15.7436,2022-03-23,6.45,4061
820,587807,Tom & Jerry,17.855,2021-02-10,6.721,2596
821,752623,The Lost City,15.7436,2022-03-23,6.45,4061
822,1252309,Tell Me What You Want,14.6569,2024-11-29,6.098,305
823,335787,Uncharted,16.9449,2022-02-10,6.88,7022
824,1115544,Mike & Nick & Nick & Alice,15.1484,2026-03-14,6.693,414
825,1116201,Iron Lung,14.91,2026-01-30,6.911,375
826,109418,Grown Ups 2,16.092,2013-07-11,6.187,4766
827,1106739,Juror #2,16.0493,2024-10-30,6.892,2545
828,408,Snow White and the Seven Dwarfs,15.7238,1938-01-22,7.127,8052
829,114,Pretty Woman,15.9053,1990-03-23,7.445,9076
830,10198,The Princess and the Frog,16.5361,2009-12-08,7.231,6210
831,1489187,You Drive Me Crazy,15.0832,2025-10-09,7.526,19
832,853033,Adultery Alumni Association 2,16.0525,2019-02-18,4.7,41
833,252522,The Happy Life of Debbie,11.4496,2012-01-26,6.5,1
834,378064,A Silent Voice: The Movie,16.004,2016-09-17,8.392,4595
835,665,Ben-Hur,14.6264,1959-11-18,7.891,3197
836,257344,Pixels,15.3328,2015-07-16,5.784,8123
837,1327862,Regretting You,15.0726,2025-10-22,7.108,509
838,185,A Clockwork Orange,14.592,1971-10-28,8.173,13967
839,1927,Hulk,15.6034,2003-06-19,5.6,6354
840,947,Lawrence of Arabia,15.2942,1962-12-11,7.999,3502
841,88,Dirty Dancing,16.1332,1987-08-21,7.323,6587
842,1242419,Roofman,14.4558,2025-10-06,7.068,919
843,1089791,The Trace of Your Lips,13.6383,2023-06-17,5.3,10
844,188927,Star Trek Beyond,16.1067,2016-07-07,6.792,7186
845,447332,A Quiet Place,16.5058,2018-04-03,7.396,15529
846,215,Saw II,16.0638,2005-10-28,6.607,5970
847,2048,"I, Robot",16.5302,2004-07-15,6.969,12824
848,9509,Man on Fire,15.0729,2004-04-23,7.467,5791
849,278154,Ice Age: Collision Course,16.4382,2016-06-23,6.12,4935
850,10591,The Girl Next Door,15.9048,2004-04-09,6.753,4105
851,370172,No Time to Die,18.3504,2021-09-29,7.339,7261
852,8835,Legally Blonde,15.2486,2001-07-13,6.821,4633
853,38055,Megamind,15.6372,2010-10-28,7.034,7577
854,1584215,The Internship,14.6692,2026-01-13,6.585,129
855,87,Indiana Jones and the Temple of Doom,14.9596,1984-05-23,7.311,10233
856,10830,Matilda,16.1087,1996-08-02,7.179,4871
857,440,Aliens vs Predator: Requiem,16.034,2007-12-25,5.163,3381
858,1813,The Devil's Advocate,14.939,1997-10-17,7.48,6922
859,615457,Nobody,16.4516,2021-03-18,7.872,8526
860,1894,Star Wars: Episode II - Attack of the Clones,15.4947,2002-05-15,6.598,14526
861,1479832,DC,14.0736,2026-08-07,0.0,0
862,73,American History X,15.302,1998-07-01,8.327,12741
863,37799,The Social Network,15.6391,2010-10-01,7.375,13326
864,9738,Fantastic Four,16.5117,2005-06-29,5.809,10098
865,1241983,Train Dreams,14.868,2025-11-05,7.308,1100
866,716273,Just A Bite,12.5331,2020-06-11,0.0,0
867,194,Amélie,15.3112,2001-04-25,7.92,12522
868,696393,Cold Storage,17.2207,2026-01-22,6.806,671
869,399566,Godzilla vs. Kong,15.6225,2021-03-24,7.529,10733
870,14,American Beauty,15.823,1999-09-15,7.999,13192
871,602,Independence Day,15.1904,1996-07-02,6.918,10593
872,8392,My Neighbor Totoro,15.1565,1988-04-16,8.1,8945
873,1426776,STRAW,14.4708,2025-06-05,7.693,988
874,508943,Luca,15.5623,2021-06-17,7.778,9032
875,18491,Neon Genesis Evangelion: The End of Evangelion,15.8768,1997-07-19,8.258,1902
876,11423,Memories of Murder,15.1591,2003-04-25,8.059,4704
877,89,Indiana Jones and the Last Crusade,15.3115,1989-05-24,7.855,11205
878,890825,14 Peaks: Nothing Is Impossible,14.8877,2021-11-12,7.4,384
879,754,Face/Off,15.0247,1997-06-27,7.059,6001
880,1366,Rocky,15.8314,1976-12-03,7.799,8757
881,9470,Kung Fu Hustle,14.0945,2004-02-10,7.508,3265
882,1098006,Fountain of Youth,16.8639,2025-05-19,6.247,975
883,453,A Beautiful Mind,15.4609,2001-12-14,7.854,11223
884,76492,Hotel Transylvania,15.3618,2012-09-20,6.968,9277
885,4561,The Story of O,15.3982,1975-08-27,5.497,185
886,1376434,Predator: Killer of Killers,15.2565,2025-06-05,7.785,1274
887,588228,The Tomorrow War,15.3333,2021-09-03,7.522,4334
888,1556616,Summer House,15.004,2026-06-06,7.0,21
889,308266,War Dogs,16.2124,2016-08-18,6.947,5587
890,1724816,Helena,18.5269,2026-07-03,4.0,1
891,467377,Crazy Lake,10.0953,2017-07-20,4.737,19
892,36955,True Lies,14.4668,1994-07-15,7.099,4657
893,8656,Deep Impact,15.4224,1998-05-08,6.242,3386
894,274857,King Arthur: Legend of the Sword,15.4708,2017-05-10,6.558,6125
895,840705,Blink Twice,17.0575,2024-08-21,6.68,1976
896,1424435,Wings of Dread,13.6428,2026-07-03,6.4,7
897,297762,Wonder Woman,17.2707,2017-05-30,7.207,21054
898,2649,The Game,15.3074,1997-09-12,7.575,7451
899,242,The Godfather Part III,15.8848,1990-12-25,7.42,6952
900,530915,1917,16.2747,2019-12-25,7.985,13716
901,575264,Mission: Impossible - Dead Reckoning Part One,16.4776,2023-07-08,7.504,5242
902,420634,Terrifier,15.6625,2018-01-25,6.312,3021
903,330459,Rogue One: A Star Wars Story,15.1947,2016-12-14,7.5,16579
904,18823,Clash of the Titans,13.0804,2010-03-26,5.925,6766
905,50620,The Twilight Saga: Breaking Dawn - Part 2,14.3909,2012-11-13,6.453,9441
906,937287,Challengers,15.354,2024-04-18,6.9,2755
907,162,Edward Scissorhands,14.6163,1990-12-07,7.721,13908
908,281338,War for the Planet of the Apes,16.1144,2017-07-11,7.222,9837
909,166428,How to Train Your Dragon: The Hidden World,16.2727,2019-01-03,7.754,7209
910,9820,The Parent Trap,16.4175,1998-07-28,7.215,4586
911,1317672,Love Me Love Me,15.0792,2026-02-12,6.039,292
912,44896,Rango,15.2998,2011-03-02,6.912,7220
913,329,Jurassic Park,17.4808,1993-06-11,7.976,18122
914,676,Pearl Harbor,15.4478,2001-05-21,6.934,7093
915,318846,The Big Short,15.8863,2015-12-11,7.369,9949
916,1398655,Blue Film,14.6487,2026-05-08,7.389,9
917,613868,Cousins,13.9863,2019-12-10,7.718,363
918,105864,The Good Dinosaur,14.7437,2015-11-14,6.748,6089
919,235,Stand by Me,15.854,1986-08-08,7.835,6625
920,180,Minority Report,15.4608,2002-06-20,7.356,9778
921,1592,Primal Fear,14.9734,1996-04-03,7.659,4052
922,23168,The Town,14.2121,2010-09-15,7.227,5743
923,405871,On the Beach,15.8613,1985-08-24,5.571,21
924,926393,The Equalizer 3,14.3384,2023-08-30,7.298,3815
925,102651,Maleficent,16.6134,2014-05-28,7.088,13837
926,166426,Pirates of the Caribbean: Dead Men Tell No Tales,15.2447,2017-05-23,6.662,12946
927,8467,Dumb and Dumber,13.854,1994-12-16,6.662,6829
928,1701,Con Air,14.559,1997-06-05,6.784,4784
929,567,Rear Window,15.862,1954-08-01,8.337,7257
930,1124566,Sentimental Value,14.5402,2025-08-20,7.5,1003
931,770,Gone with the Wind,13.6297,1939-12-15,7.906,4425
932,7485,Shooter,14.9931,2007-03-22,7.129,5542
933,760104,X,14.4602,2022-03-17,6.712,4053
934,9323,Ghost in the Shell,14.5849,1995-11-18,7.925,3966
935,950,Ice Age: The Meltdown,16.4032,2006-03-29,6.724,10450
936,10719,Elf,14.8797,2003-11-07,6.666,4623
937,433,Mary Poppins,14.2458,1964-12-17,7.547,5055
938,508,Love Actually,14.3487,2003-09-07,7.1,7470
939,1421155,Ikatan Darah,13.597,2026-04-30,7.0,8
940,348084,Beasts Cage,16.8322,2008-02-29,3.0,2
941,1214931,Nuremberg,14.562,2025-11-06,7.592,1279
942,497582,Enola Holmes,14.2098,2020-09-22,7.224,6724
943,365177,Borderlands,14.8568,2024-08-07,5.565,1534
944,80321,Madagascar 3: Europe's Most Wanted,15.0584,2012-06-06,6.647,6657
945,141052,Justice League,18.5726,2017-11-15,6.07,13797
946,615173,The Witch: Part 2. The Other One,14.9431,2022-06-15,7.425,461
947,32657,Percy Jackson & the Olympians: The Lightning Thief,14.8322,2010-02-01,6.216,7893
948,21484,Possession,14.0355,1981-05-27,7.314,1377
949,646315,The Legendary Lighter,12.9711,2019-10-29,6.5,6
950,1020278,Drop Out,15.2745,2022-10-05,8.0,1
951,384018,Fast & Furious Presents: Hobbs & Shaw,16.0046,2019-07-31,6.826,7852
952,302946,The Accountant,14.6578,2016-10-13,7.138,7479
953,249397,Nymphomaniac: Vol. II,14.4218,2013-12-25,6.713,3230
954,11631,Mamma Mia!,14.4752,2008-07-03,6.964,7091
955,450182,Grandma Maria,13.1119,2011-04-02,6.5,2
956,321,Mambo Italiano,17.9819,2003-06-06,5.942,95
957,9876,Stop! Or My Mom Will Shoot,14.7623,1992-02-21,5.346,1141
958,600,Full Metal Jacket,13.7276,1987-06-26,8.118,11606
959,537915,After,14.5464,2019-04-11,7.104,8546
960,600,Full Metal Jacket,13.7276,1987-06-26,8.118,11606
961,537915,After,14.5464,2019-04-11,7.104,8546
962,507089,Five Nights at Freddy's,15.6438,2023-10-25,7.299,5112
963,1136867,Materialists,13.679,2025-06-12,6.28,1382
964,788,Mrs. Doubtfire,15.6236,1993-11-24,7.2,6707
965,19404,Dilwale Dulhania Le Jayenge,14.8639,1995-10-20,8.507,4607
966,980489,Gran Turismo,14.7405,2023-08-09,7.699,3492
967,762441,A Quiet Place: Day One,15.2901,2024-06-26,6.646,3460
968,381288,Split,15.4001,2017-01-19,7.341,18480
969,187,Sin City,13.5265,2005-04-01,7.465,8955
970,41446,Scream 4,14.9435,2011-04-13,6.5,4251
971,10601,Peter Pan,14.7451,2003-12-18,7.133,2792
972,141,Donnie Darko,13.3829,2001-01-19,7.76,13572
973,661539,A Complete Unknown,12.3327,2024-12-25,7.065,1497
974,7345,There Will Be Blood,14.2918,2007-12-26,8.065,7580
975,56292,Mission: Impossible - Ghost Protocol,14.9019,2011-12-07,7.115,10886
976,50646,"Crazy, Stupid, Love.",14.4547,2011-07-29,7.277,9393
977,46195,Rio,14.2857,2011-04-03,6.8,7258
978,61930,Bagnomaria,14.9297,1999-02-12,5.9,116
979,1593,Night at the Museum,15.4407,2006-12-20,6.6,11073
980,95,Armageddon,14.0985,1998-07-01,6.834,8710
981,3782,Ikiru,14.2354,1952-10-09,8.304,1372
982,695721,The Hunger Games: The Ballad of Songbirds & Snakes,15.2453,2023-11-15,6.969,3589
983,1153714,Death of a Unicorn,13.6403,2025-03-17,6.399,876
984,107,Snatch,14.7097,2000-09-01,7.827,10118
985,1043197,Dust Bunny,13.9947,2025-12-11,6.672,361
986,142,Brokeback Mountain,14.3486,2005-10-22,7.786,7642
987,1719326,The Cheating Wife,14.1924,2026-06-26,3.0,1
988,37724,Skyfall,14.8022,2012-10-24,7.264,16254
989,942,Lethal Weapon 2,15.8299,1989-07-07,7.044,3804
990,264660,Ex Machina,14.2306,2015-01-21,7.571,14430
991,2493,The Princess Bride,14.1644,1987-09-25,7.706,5198
992,44264,True Grit,13.9409,2010-12-22,7.306,5836
993,20453,3 Idiots,14.1784,2009-12-23,8.006,2776
994,1411773,The Last Stand of Ellen Cole,13.1503,2024-10-18,8.205,62
995,588,Silent Hill,14.7919,2006-04-21,6.644,5003
996,1933,The Others,13.8977,2001-08-02,7.618,7309
997,509,Notting Hill,13.543,1999-05-21,7.266,6803
998,335988,Transformers: The Last Knight,13.9562,2017-06-16,6.06,6819
999,516729,Paddington in Peru,14.9575,2024-11-08,6.802,724
1000,516729,Paddington in Peru,14.9575,2024-11-08,6.802,724
1001,758330,"Good Luck to You, Leo Grande",14.658,2022-06-16,6.987,697
1002,625119,The Spring Outside the Fence,13.7971,1985-08-10,6.0,1
1003,8961,Bad Boys II,14.8685,2003-07-18,6.656,6027
1004,18334,Guinea Pig: Devil's Experiment,11.9486,1985-09-04,4.813,163
1005,1170608,Dune: Part Three,15.192,2026-12-16,0.0,0
1006,5825,National Lampoon's Christmas Vacation,14.5874,1989-11-30,7.232,2745
1007,420817,Aladdin,15.0538,2019-05-22,7.081,10717
1008,50619,The Twilight Saga: Breaking Dawn - Part 1,13.8439,2011-11-16,6.186,9347
1009,353081,Mission: Impossible - Fallout,14.2794,2018-07-25,7.451,9250
1010,63,Twelve Monkeys,15.3716,1995-12-29,7.61,9254
1011,1072790,Anyone but You,15.1923,2023-12-21,6.76,3151
1012,646385,Scream,15.4019,2022-01-12,6.7,3954
1013,1278,The Dreamers,14.8737,2003-10-10,7.2,3127
1014,22538,Scott Pilgrim vs. the World,14.0951,2010-08-12,7.484,8733
1015,697843,Extraction 2,15.7276,2023-06-09,7.394,2986
1016,613504,After We Collided,15.3085,2020-09-02,7.15,5483
1017,87827,Life of Pi,16.0983,2012-11-20,7.413,13884
1018,1183166,Vjeran Tomic: The Spider-Man of Paris,12.747,2023-10-20,7.015,67
1019,748783,The Garfield Movie,14.0614,2024-04-30,6.974,1469
1020,1195506,Novocaine,13.7466,2025-03-03,6.777,1679
1021,297761,Suicide Squad,14.8664,2016-08-03,5.917,22257
1022,526896,Morbius,14.8694,2022-03-30,5.894,4886
1023,10192,Shrek Forever After,15.0096,2010-05-16,6.408,8050
1024,451156,Infidelity in Suburbia,14.3352,2017-02-25,6.21,162
1025,7518,Over the Hedge,14.4691,2006-05-17,6.6,4920
1026,214,Saw III,14.6689,2006-10-26,6.419,5018
1027,172385,Rio 2,13.7156,2014-03-19,6.517,3814
1028,411088,The Invisible Guest,13.1767,2017-01-06,8.076,5071
1029,1124620,The Monkey,13.1575,2025-02-10,5.973,1405
1030,62211,Monsters University,14.5363,2013-06-19,7.055,11446
1031,947891,My Old Ass,13.3098,2024-09-13,6.758,500
1032,204407,Bosco d'amore,14.2528,1981-09-08,4.667,6
1033,49046,All Quiet on the Western Front,15.3161,2022-10-07,7.739,4808
1034,4327,Charlie's Angels,14.1157,2000-11-02,5.853,4569
1035,1739320,Racing Heart,14.5187,2026-07-28,0.0,0
1036,10882,Sleeping Beauty,14.6023,1959-02-17,6.946,5530
1037,787699,Wonka,13.9062,2023-12-06,7.037,4471
1038,447277,The Little Mermaid,14.6326,2023-05-18,6.262,3363
1039,948,Halloween,15.6332,1978-10-24,7.562,6259
1040,447277,The Little Mermaid,14.6326,2023-05-18,6.262,3363
1041,948,Halloween,15.6332,1978-10-24,7.562,6259
1042,1146058,The Pout-Pout Fish,13.0084,2026-01-01,5.1,15
1043,661374,Glass Onion: A Knives Out Mystery,13.62,2022-11-23,7.028,6991
1044,316029,The Greatest Showman,13.9271,2017-12-20,7.856,10145
1045,941109,Play Dirty,16.1474,2025-09-30,6.56,663
1046,124905,Godzilla,13.6178,2014-05-14,6.364,9908
1047,800158,The Killer,14.6154,2023-10-25,6.576,2894
1048,240832,Lucy,13.917,2014-07-25,6.475,17222
1049,22804,Saw VI,13.9764,2009-10-22,6.294,3561
1050,483411,Ladies in Black,13.6958,2018-10-18,6.727,192
1051,979,Irreversible,13.542,2002-05-22,7.174,3369
1052,2756,The Abyss,11.9811,1989-08-09,7.357,3515
1053,27578,The Expendables,13.9741,2010-08-07,6.253,8379
1054,744653,The Thursday Murder Club,13.814,2025-08-22,6.577,1076
1055,24086,The Boy Who Could Fly,13.246,1986-08-15,6.313,147
1056,1291335,Solo Mio,13.4183,2026-02-05,7.5,231
1057,84892,The Perks of Being a Wallflower,13.9731,2012-09-20,7.804,11339
1058,7191,Cloverfield,13.1542,2008-01-15,6.722,7979
1059,1408208,Exit 8,14.0594,2025-08-29,7.002,656
1060,310131,The Witch,14.4246,2016-02-19,7.0,7765
1061,634,Bridget Jones's Diary,13.6092,2001-04-13,6.742,5562
1062,1089,Point Break,14.0226,1991-07-12,7.155,4058
1063,343611,Jack Reacher: Never Go Back,13.7058,2016-10-19,6.029,5417
1064,1949,Zodiac,14.6489,2007-03-02,7.533,11707
1065,616,The Last Samurai,14.4528,2003-12-05,7.613,7664
1066,14574,The Boy in the Striped Pyjamas,13.9027,2008-05-07,7.823,7759
1067,594,The Terminal,14.6787,2004-06-17,7.357,8830
1068,11362,The Count of Monte Cristo,13.0172,2002-01-23,7.685,2068
1069,96721,Rush,13.0574,2013-09-02,7.744,7934
1070,10693,Peter Pan,13.7264,1953-02-05,7.193,5801
1071,412117,The Secret Life of Pets 2,14.6768,2019-05-24,6.952,3375
1072,563,Starship Troopers,12.6898,1997-11-07,7.114,5603
1073,346364,It,13.8326,2017-09-06,7.24,20500
1074,273248,The Hateful Eight,15.498,2015-12-25,7.757,15450
1075,17654,District 9,14.673,2009-08-05,7.475,10491
1076,893723,PAW Patrol: The Mighty Movie,13.4394,2023-09-21,6.922,573
1077,2454,The Chronicles of Narnia: Prince Caspian,13.9562,2008-05-15,6.636,6852
1078,41439,Saw 3D,13.3235,2010-10-22,5.977,3349
1079,2024,The Patriot,15.0711,2000-06-28,7.213,4410
1080,13345,A Chinese Odyssey Part One: Pandora's Box,12.2724,1995-01-21,7.5,315
1081,5503,The Fugitive,14.2651,1993-08-06,7.486,4868
1082,1008042,Talk to Me,14.0397,2023-07-26,7.141,3861
1083,949536,Kill Code,13.267,2026-04-16,4.735,17
1084,774752,The Guardians of the Galaxy Holiday Special,13.9848,2022-11-24,7.086,2418
1085,9902,Wrong Turn,15.0029,2003-05-30,6.404,3065
1086,1207162,Rise of the Conqueror,13.3982,2026-04-09,6.2,18
1087,79,Hero,12.6418,2002-12-19,7.505,2547
1088,1220564,The Secret Agent,14.4469,2025-07-23,7.186,794
1089,4638,Hot Fuzz,13.7461,2007-02-14,7.567,8469
1090,23483,Kick-Ass,13.0201,2010-03-26,7.122,12509
1091,1621,Trading Places,12.606,1983-06-07,7.231,3714
1092,296,Terminator 3: Rise of the Machines,12.9043,2003-07-02,6.2,7370
1093,882569,Guy Ritchie's The Covenant,14.1919,2023-04-19,7.719,3266
1094,235271,Addicted,12.5785,2014-10-10,5.931,455
1095,152601,Her,13.7212,2013-12-18,7.835,15459
1096,335977,Indiana Jones and the Dial of Destiny,15.6317,2023-06-25,6.508,4252
1097,1671541,Three Kingdoms: The Beginning,13.1959,2026-06-27,6.5,2
1098,1084736,The Count of Monte Cristo,12.5581,2024-06-28,7.9,2085
1099,181533,Night at the Museum: Secret of the Tomb,15.5277,2014-12-17,6.225,6277
1100,181533,Night at the Museum: Secret of the Tomb,15.5277,2014-12-17,6.225,6277
1101,682507,Where the Crawdads Sing,14.7971,2022-07-14,7.521,2354
1102,9532,Final Destination,13.2913,2000-03-17,6.642,6819
1103,1268127,Humint,13.4713,2026-02-11,7.467,168
1104,2668,Sleepy Hollow,13.5252,1999-11-19,7.195,7468
1105,277217,Descendants,13.524,2015-07-31,7.177,2546
1106,974262,Descendants: The Rise of Red,13.5439,2024-07-11,6.755,510
1107,1022787,Elio,11.3198,2025-06-18,6.905,1065
1108,1598,Cape Fear,14.0098,1991-11-13,7.263,3955
1109,804150,Cocaine Bear,14.4418,2023-02-22,5.987,2486
1110,290250,The Nice Guys,12.3079,2016-05-15,7.132,8785
1111,1489931,Suzzanna: Witchcraft,11.1249,2026-03-18,7.2,5
1112,268,Batman,14.5505,1989-06-21,7.234,8676
1113,474350,It Chapter Two,11.2542,2019-09-04,6.835,9744
1114,225886,Sex Tape,14.7504,2014-07-17,5.403,4246
1115,158852,Tomorrowland,13.7824,2015-05-19,6.304,7429
1116,400535,Sicario: Day of the Soldado,16.2603,2018-06-27,6.948,4121
1117,9072,Little Man,13.247,2006-08-31,5.947,1942
1118,206647,Spectre,12.3398,2015-10-26,6.571,11362
1119,941,Lethal Weapon,14.7225,1987-03-06,7.301,5121
1120,153518,The Angry Birds Movie,13.2028,2016-05-11,6.285,4077
1121,335797,Sing,13.6697,2016-11-23,7.125,8504
1122,1723460,A Toxic Love Story,12.5352,2026-07-22,6.526,39
1123,1635,The Island,14.3397,2005-07-21,6.7,5959
1124,9334,The Scorpion King,13.5978,2002-04-18,5.59,3421
1125,579974,RRR,13.8884,2022-03-24,7.71,1648
1126,531309,Brightburn,13.572,2019-05-09,6.154,3528
1127,1011477,Karate Kid: Legends,13.6278,2025-05-08,6.972,1250
1128,15512,Monsters vs Aliens,13.5038,2009-03-19,6.263,5054
1129,843,In the Mood for Love,12.9577,2000-09-29,8.085,3316
1130,968051,The Nun II,14.7202,2023-09-06,6.634,2529
1131,75,Mars Attacks!,13.1406,1996-12-13,6.427,5950
1132,257211,The Intern,14.5117,2015-09-23,7.227,7411
1133,1191876,From the Ashes,11.68,2027-06-01,0.0,0
1134,683420,Border Pursuit,11.5632,2019-01-01,0.0,0
1135,310,Bruce Almighty,15.0498,2003-05-23,6.729,11607
1136,49529,John Carter,14.7215,2012-03-07,6.379,6196
1137,937278,A Man Called Otto,11.1277,2022-12-28,7.746,3674
1138,12092,Alice in Wonderland,13.2685,1951-08-09,7.188,6330
1139,413114,L’orgia,11.356,1978-11-26,4.167,6
1140,1358005,Office Romance,13.4913,2026-06-04,6.379,339
1141,404368,Ralph Breaks the Internet,12.9915,2018-11-20,7.158,8192
1142,193756,Lone Survivor,13.517,2013-12-24,7.433,4817
1143,9426,The Fly,13.7312,1986-08-15,7.438,5043
1144,1288445,Mutiny,14.4771,2026-08-19,0.0,0
1145,13494,Red Sonja,13.4819,2025-07-31,5.645,258
1146,898704,Desert Warrior,12.9182,2026-04-23,5.8,25
1147,974635,Hit Man,13.4119,2024-05-16,6.782,1692
1148,8055,The Reader,13.3709,2008-12-10,7.464,3434
1149,2034,Training Day,13.6927,2001-10-05,7.527,6710
1150,870028,The Accountant²,15.528,2025-04-23,7.077,1864
1151,799882,The Bluff,14.4795,2026-02-17,6.712,191
1152,940551,Migration,13.7926,2023-12-06,7.355,2287
1153,8413,Event Horizon,13.1785,1997-08-15,6.595,3386
1154,11619,Flushed Away,14.9215,2006-10-22,6.334,4149
1155,1562,28 Weeks Later,14.5906,2007-04-26,6.598,5708
1156,251,Ghost,12.8865,1990-07-13,7.241,6122
1157,420809,Maleficent: Mistress of Evil,15.4608,2019-10-16,7.297,6556
1158,184315,Hercules,13.8402,2014-07-23,5.804,4399
1159,1327688,One Mile: Chapter One,13.8075,2026-02-20,6.931,108
1160,45243,The Hangover Part II,13.037,2011-05-25,6.512,11403
1161,9637,Scooby-Doo,12.2859,2002-06-14,6.113,4834
1162,814,An American Werewolf in London,13.2635,1981-08-21,7.394,2748
1163,662723,Danur: The Last Chapter,13.7044,2026-03-18,6.5,4
1164,10201,Yes Man,13.5903,2008-12-09,6.694,7490
1165,5174,Rush Hour 3,14.3491,2007-08-08,6.501,3787
1166,286687,Love Lesson,12.7371,2013-12-05,6.81,42
1167,37135,Tarzan,12.8624,1999-06-17,7.409,7415
1168,621,Grease,12.8889,1978-06-16,7.367,7739
1169,137106,The Lego Movie,13.8822,2014-02-06,7.431,8596
1170,527774,Raya and the Last Dragon,14.6661,2021-03-03,7.796,7362
1171,461542,Letter to God,11.0119,2014-10-12,6.0,1
1172,753342,Napoleon,16.7377,2023-11-22,6.303,3178
1173,44833,Battleship,13.5436,2012-04-11,5.926,6075
1174,949423,Pearl,11.3123,2022-09-16,7.2,2669
1175,777443,The Electric State,14.0967,2025-02-24,6.481,1734
1176,956,Mission: Impossible III,13.319,2006-04-25,6.768,7728
1177,2502,The Bourne Supremacy,13.037,2004-07-23,7.334,8277
1178,339846,Baywatch,13.6826,2017-05-25,6.08,8575
1179,1414413,Brothers Under Fire,12.9077,2026-04-15,5.763,38
1180,1197137,Black Phone 2,13.6899,2025-10-15,6.659,1254
1181,198184,Chappie,13.4316,2015-03-04,6.79,8571
1182,4011,Beetlejuice,11.2489,1988-03-30,7.371,8551
1183,2503,The Bourne Ultimatum,13.2503,2007-08-03,7.441,8477
1184,12405,Slumdog Millionaire,13.1838,2008-11-12,7.731,11457
1185,446354,The Post,14.2608,2017-12-22,7.005,4964
1186,718833,Bokshi,11.2226,2026-10-09,0.0,0
1187,1404791,Dollhouse,12.4499,2025-06-13,7.57,122
1188,287598,A Rose Garden of Six Acres,12.0654,1970-08-18,10.0,1
1189,10483,Death Race,13.9277,2008-08-22,6.315,4209
1190,5175,Rush Hour 2,13.6691,2001-08-03,6.775,4686
1191,871,Planet of the Apes,12.5461,1968-02-07,7.7,4026
1192,964980,Air,12.6694,2023-04-05,7.281,2380
1193,519465,Queen of Hearts,12.9987,2019-03-27,6.918,384
1194,395834,Wind River,13.5625,2017-08-03,7.439,5863
1195,45612,Source Code,14.2384,2011-03-30,7.314,9259
1196,48650,Room in Rome,12.4329,2010-05-07,6.4,839
1197,211672,Minions,13.3904,2015-06-17,6.422,11203
1198,9880,The Princess Diaries,14.204,2001-08-03,7.0,5312
1199,338952,Fantastic Beasts: The Crimes of Grindelwald,13.0832,2018-11-14,6.833,11567
1200,57214,Project X,14.6188,2012-03-01,6.921,6954
1201,926,Galaxy Quest,13.2981,1999-12-25,7.09,2582
1202,591,The Da Vinci Code,14.3721,2006-05-17,6.733,10184
1203,177677,Mission: Impossible - Rogue Nation,13.5318,2015-07-28,7.225,9823
1204,1290417,Thrash,12.4883,2026-04-10,6.06,719
1205,1071585,M3GAN 2.0,14.1652,2025-06-25,7.17,1417
1206,13186,Wrong Turn 2: Dead End,12.8368,2007-08-25,6.174,1586
1207,345887,The Equalizer 2,12.4564,2018-07-19,6.796,6071
1208,1033148,Die My Love,13.0424,2025-10-06,6.1,590
1209,1582770,Dhurandhar: The Revenge,11.2761,2026-03-18,7.341,135
1210,336843,Maze Runner: The Death Cure,13.0563,2018-01-10,7.08,8498
1211,686,Contact,12.7902,1997-07-11,7.448,5084
1212,417859,Puss in Boots,14.3135,2011-10-27,6.612,4674
1213,41513,The Smurfs,13.8595,2011-07-29,5.757,4043
1214,163,Ocean's Twelve,12.9649,2004-12-09,6.566,8014
1215,646,Dr. No,12.5271,1962-10-07,6.984,4115
1216,190859,American Sniper,14.0393,2014-12-25,7.411,13770
1217,50359,Hop,12.5062,2011-03-30,5.792,1409
1218,10527,Madagascar: Escape 2 Africa,14.1392,2008-10-30,6.529,7517
1219,294254,Maze Runner: The Scorch Trials,13.8744,2015-09-09,6.731,11150
1220,294254,Maze Runner: The Scorch Trials,13.8744,2015-09-09,6.731,11150
1221,1607,A Bronx Tale,12.9355,1993-10-01,7.9,2942
1222,10066,House of Wax,14.337,2005-05-05,6.038,3407
1223,894205,Werewolf by Night,12.7148,2022-09-25,6.967,1568
1224,565,The Ring,13.0972,2002-10-18,6.708,6780
1225,841,Dune,13.7372,1984-12-14,6.188,3474
1226,22794,Cloudy with a Chance of Meatballs,14.7683,2009-09-17,6.663,6540
1227,13053,Bolt,13.8511,2008-11-21,6.553,6581
1228,1029575,The Family Plan,12.3724,2023-12-14,7.212,1942
1229,424694,Bohemian Rhapsody,13.4273,2018-10-24,7.955,17901
1230,749170,Heads of State,15.2121,2025-06-24,6.8,1103
1231,1149504,Honey Don't!,12.316,2025-08-21,5.52,448
1232,1088434,Hellfire,12.1543,2026-05-14,5.167,12
1233,402900,Ocean's Eight,13.6848,2018-06-07,6.952,8897
1234,804095,The Fabelmans,13.9729,2022-11-11,7.562,2825
1235,324852,Despicable Me 3,13.7003,2017-06-15,6.471,7716
1236,1327886,Freek de Jonge - De Laatste Lach,10.4805,2008-12-26,0.0,0
1237,7443,Chicken Run,13.2342,2000-06-23,6.849,5465
1238,522627,The Gentlemen,13.4423,2020-01-01,7.659,6732
1239,11917,Saw V,12.6062,2008-10-23,6.174,3860
1240,291805,Now You See Me 2,13.3752,2016-06-02,6.825,11700
1241,1119878,Ice Road: Vengeance,13.3521,2025-06-27,6.246,650
1242,16859,Kiki's Delivery Service,12.9535,1989-07-29,7.839,4650
1243,1291608,Dhurandhar,11.176,2025-12-05,7.287,334
1244,512195,Red Notice,15.2642,2021-11-04,6.727,6535
1245,1417285,The Stain,12.4819,2026-02-26,4.0,2
1246,1616674,Me Before Me,11.5714,2026-07-11,6.528,18
1247,9408,Surf's Up,12.6297,2007-06-08,6.514,2795
1248,9947,Elektra,12.6062,2005-01-13,5.052,2708
1249,5082,The Traveling Companion,11.1673,1981-01-03,4.625,12
1250,9982,Chicken Little,13.392,2005-11-04,5.919,4213
1251,1369,Rambo: First Blood Part II,12.2045,1985-05-21,6.662,4389
1252,1291595,Insidious: Out of the Further,10.7351,2026-08-19,0.0,0
1253,250546,Annabelle,13.0313,2014-10-01,5.789,6601
1254,39514,RED,13.8435,2010-10-13,6.706,7219
1255,9655,She's the Man,13.4058,2006-03-17,6.81,3336
1256,662707,Starbright,11.9966,2026-02-27,5.675,20
1257,966,The Magnificent Seven,13.4461,1960-10-12,7.5,2019
1258,467244,The Zone of Interest,14.8159,2023-12-15,7.0,2677
1259,297090,The Torture Club,11.604,2014-07-19,5.235,51
1260,297090,The Torture Club,11.604,2014-07-19,5.235,51
1261,9928,Robots,12.2886,2005-03-10,6.5,4992
1262,127380,Finding Dory,13.2121,2016-06-16,7.042,12757
1263,322,Mystic River,12.7165,2003-10-08,7.744,7573
1264,217,Indiana Jones and the Kingdom of the Crystal Skull,13.4909,2008-05-21,6.03,9129
1265,740985,Borat Subsequent Moviefilm: Delivery of Prodigious Bribe to American Regime for Make Benefit Once Glorious Nation of Kazakhstan,13.0877,2020-10-23,6.429,2910
1266,396422,Annabelle: Creation,13.6001,2017-08-03,6.608,6040
1267,289,Casablanca,12.8002,1943-01-15,8.138,6131
1268,534,Terminator Salvation,13.1877,2009-05-20,6.099,7142
1269,46738,Incendies,13.2047,2010-09-17,8.108,3380
1270,9659,Mad Max,10.6194,1979-04-12,6.683,5034
1271,1991,Death Proof,11.9281,2007-05-22,6.838,5718
1272,4257,Scary Movie 4,13.0891,2006-04-12,5.496,3681
1273,10764,Quantum of Solace,10.4159,2008-10-29,6.341,8655
1274,13056,Punisher: War Zone,13.0294,2008-12-05,5.872,1347
1275,619725,Thievery,10.7092,2018-09-04,0.0,0
1276,520763,A Quiet Place Part II,13.0244,2021-05-21,7.431,7518
1277,1034541,Terrifier 3,12.433,2024-10-09,6.8,1997
1278,644,A.I. Artificial Intelligence,12.4265,2001-06-29,7.067,6758
1279,138832,We're the Millers,12.7089,2013-08-07,6.842,9556
1280,70160,The Hunger Games,13.1416,2012-03-12,7.224,23513
1281,380,Rain Man,12.204,1988-12-12,7.753,7203
1282,415,Batman & Robin,12.1012,1997-06-20,4.395,5477
1283,9336,Police Academy,11.8459,1984-03-22,6.717,3040
1284,1284120,The Ugly Stepsister,12.0343,2025-03-07,7.3,1253
1285,364,Batman Returns,12.3451,1992-06-19,6.95,7180
1286,49018,Insidious,13.0789,2011-03-31,6.946,7430
1287,1390382,Couture,13.4178,2026-02-18,6.176,51
1288,339964,Valerian and the City of a Thousand Planets,11.4319,2017-07-19,6.654,8127
1289,9836,Happy Feet,13.1518,2006-11-16,6.23,5526
1290,813,Airplane!,12.4855,1980-06-27,7.303,5146
1291,646380,Don't Look Up,13.3026,2021-12-08,7.059,9505
1292,829560,The Next 365 Days,13.8876,2022-08-18,6.38,1332
1293,645710,The Voyeurs,12.8151,2021-08-25,6.542,1240
1294,1575337,Cosmic Princess Kaguya!,12.3169,2026-01-22,8.361,97
1295,4922,The Curious Case of Benjamin Button,12.6252,2008-12-25,7.601,13878
1296,1231767,Exchange Wife 2,11.9343,2023-02-03,6.0,1
1297,19913,(500) Days of Summer,12.4817,2009-07-17,7.305,11162
1298,1248226,Playdate,12.6499,2025-11-04,6.134,640
1299,454640,The Angry Birds Movie 2,13.0606,2019-08-02,7.046,1928
1300,1130276,Succubus,12.2413,2024-10-06,8.49,256
1301,14001,Dead Silence,13.3534,2007-03-16,6.452,2478
1302,405818,Door II: Tokyo Diary,11.7468,1991-04-25,6.2,15
1303,9495,The Crow,11.9238,1994-05-11,7.529,4600
1304,9383,Hollow Man,13.2218,2000-08-04,5.97,2864
1305,929204,Wallace & Gromit: Vengeance Most Fowl,11.3444,2024-12-18,7.455,684
1306,1217584,Torrente for President,12.0717,2026-03-13,6.137,139
1307,400155,Hotel Transylvania 3: Summer Vacation,13.0671,2018-06-28,6.847,4754
1308,10555,Shark Tale,13.466,2004-09-20,6.045,6779
1309,1224182,Mourning Wife: Shallow and Deep,15.47,1994-04-22,4.333,3
1310,75612,Oblivion,12.7038,2013-04-10,6.688,11666
1311,13183,Watchmen,12.774,2009-03-04,7.355,10132
1312,333484,The Magnificent Seven,10.4406,2016-09-14,6.495,6491
1313,4233,Scream 2,14.9871,1997-12-12,6.518,4825
1314,131634,The Hunger Games: Mockingjay - Part 2,13.3818,2015-11-18,6.902,13467
1315,1954,The Butterfly Effect,11.5688,2004-01-17,7.579,8366
1316,974950,Emilia Pérez,13.4006,2024-08-21,6.441,2004
1317,630940,Jokyoshi Nikki 2 Abakareta Sei,11.4811,1996-06-13,9.3,6
1318,913290,Barbarian,11.0905,2022-09-08,6.873,3378
1319,1265,Bridge to Terabithia,13.1863,2007-02-15,7.347,5383
1320,4192,Death on the Nile,11.6131,1978-09-29,7.145,926
1321,8871,How the Grinch Stole Christmas,12.1087,2000-11-17,6.781,8370
1322,454,Romeo + Juliet,12.9585,1996-11-01,6.781,5396
1323,24021,The Twilight Saga: Eclipse,12.7893,2010-06-23,6.191,9320
1324,762504,Nope,14.2702,2022-07-20,6.823,5036
1325,505026,Death on the Nile,13.289,2022-02-09,6.411,4284
1326,338970,Tomb Raider,13.3143,2018-03-05,6.365,8432
1327,4982,American Gangster,12.4762,2007-11-02,7.593,6135
1328,9928,Robots,12.2886,2005-03-10,6.492,4992
1329,64682,The Great Gatsby,12.518,2013-05-09,7.349,13052
1330,678229,Rising Storm,11.0802,1966-01-01,0.0,0
1331,159824,Hotel Transylvania 2,12.5214,2015-09-21,6.764,6197
1332,899294,Frank and Penelope,10.1339,2022-06-03,7.306,139
1333,5548,RoboCop,11.1046,1987-07-17,7.364,5836
1334,1047041,Detective Conan: Black Iron Submarine,12.0096,2023-04-14,7.0,142
1335,6477,Alvin and the Chipmunks,12.035,2007-12-13,5.845,4788
1336,1239134,Bhooth Bangla,11.5358,2026-04-16,5.554,56
1337,882598,Smile,11.6774,2022-09-23,6.674,4163
1338,28178,Hachi: A Dog's Tale,12.1576,2009-06-08,8.007,7255
1339,426889,Le Clitoris,17.1101,2017-08-24,6.761,44
1340,9023,Spirit: Stallion of the Cimarron,12.4442,2002-05-24,7.705,4971
1341,8321,In Bruges,12.678,2008-02-08,7.499,5869
1342,1669057,Check-In,11.8358,2026-05-01,6.25,4
1343,59967,Looper,12.4494,2012-09-26,6.911,11047
1344,1592768,One Gram of Life,11.5612,2025-11-14,0.0,0
1345,80278,The Impossible,12.6195,2012-09-09,7.374,6765
1346,9702,Bound by Honor,12.3257,1993-02-05,8.197,1585
1347,1637,Speed,12.4849,1994-06-09,7.158,6947
1348,984249,Ruthless,10.293,2023-12-14,6.424,145
1349,2300,Space Jam,12.0315,1996-11-15,6.808,6485
1350,837881,She Said,13.3341,2022-11-17,7.163,730
1351,307081,Southpaw,11.945,2015-07-22,7.365,5886
1352,1370,Rambo III,12.4233,1988-05-24,6.203,3531
1353,189,Sin City: A Dame to Kill For,11.0372,2014-08-20,6.405,4221
1354,425909,Ghostbusters: Afterlife,12.0184,2021-11-18,7.314,5239
1355,480530,Creed II,14.0892,2018-11-21,7.0,5857
1356,185664,Nun in Rope Hell,12.2813,1984-05-25,6.3,37
1357,22744,Jane Eyre,10.3009,1943-12-24,6.929,154
1358,447404,Pokémon Detective Pikachu,12.0874,2019-05-03,6.902,7433
1359,624860,The Matrix Resurrections,12.8569,2021-12-16,6.321,6596
1360,293670,The Wailing,10.8192,2016-05-12,7.375,2112
1361,30497,The Texas Chain Saw Massacre,12.1148,1974-10-11,7.291,3886
1362,1538,Collateral,11.1683,2004-08-04,7.245,6378
1363,319,True Romance,12.102,1993-09-09,7.541,3122
1364,297,Meet Joe Black,12.5783,1998-11-12,7.37,5849
1365,414287,Trót Yêu,10.8633,2015-10-16,0.0,0
1366,1624,Liar Liar,13.025,1997-03-21,6.716,6315
1367,495764,Birds of Prey (and the Fantabulous Emancipation of One Harley Quinn),11.9801,2020-02-05,6.868,10903
1368,391713,Lady Bird,14.1906,2017-09-01,7.251,9091
1369,76493,The Dictator,12.1954,2012-05-15,6.241,6535
1370,10054,Spy Kids,12.2674,2001-03-18,5.818,3758
1371,1010755,The Strangers: Chapter 3,11.4706,2026-02-05,5.924,256
1372,398978,The Irishman,11.846,2019-11-01,7.573,7608
1373,9392,The Descent,12.2085,2005-07-08,6.986,4497
1374,9016,Treasure Planet,13.7025,2002-11-26,7.576,4683
1375,8909,Wanted,11.7071,2008-06-19,6.529,7694
1376,664,Twister,11.7297,1996-05-10,6.564,3919
1377,9325,The Jungle Book,12.3681,1967-10-18,7.288,6725
1378,387,Das Boot,12.2147,1981-09-17,8.083,2565
1379,1372,Blood Diamond,12.4624,2006-12-08,7.562,8434
1380,1372,Blood Diamond,12.4624,2006-12-08,7.562,8434
1381,64688,21 Jump Street,12.7134,2012-03-14,6.885,11158
1382,976893,Perfect Days,12.115,2023-11-10,7.806,1980
1383,20943,The Ugly Truth,13.0305,2009-07-24,6.509,3809
1384,4964,Knocked Up,11.6826,2007-06-01,6.3,4358
1385,9732,The Lion King II: Simba's Pride,12.7374,1998-10-24,6.944,4713
1386,1195803,Wicker,11.6775,2026-10-21,0.0,0
1387,9714,Home Alone 3,12.9845,1997-12-12,5.3,3326
1388,581528,"The Gangster, the Cop, the Devil",11.4597,2019-05-15,7.878,1535
1389,275,Fargo,11.2271,1996-03-08,7.851,9219
1390,531428,Portrait of a Lady on Fire,12.2581,2019-09-06,8.092,2979
1391,165,Back to the Future Part II,11.8818,1989-11-22,7.8,14100
1392,4824,The Jackal,12.2283,1997-11-14,6.408,2169
1393,9297,Monster House,12.8617,2006-06-30,6.7,4388
1394,666277,Past Lives,13.1059,2023-06-02,7.698,2385
1395,110415,Snowpiercer,12.4631,2013-08-01,6.906,10540
1396,22803,Law Abiding Citizen,11.3379,2009-10-15,7.395,5767
1397,464052,Wonder Woman 1984,12.1619,2020-12-16,6.362,9156
1398,1272149,Bridget Jones: Mad About the Boy,11.3778,2025-02-12,6.366,558
1399,19994,Jennifer's Body,11.7909,2009-09-18,5.998,4316
1400,819,Sleepers,11.3282,1996-10-18,7.599,3962
1401,1903,Vanilla Sky,10.2997,2001-12-14,6.827,4742
1402,957,Spaceballs,11.5795,1987-06-24,6.887,3484
1403,972809,The Qing Palace's Secret Affairs 5,11.3244,2002-01-01,0.0,0
1404,585083,Hotel Transylvania: Transformania,12.3408,2022-01-31,7.027,3061
1405,1824,50 First Dates,13.3033,2004-02-13,6.873,7825
1406,840430,The Holdovers,11.5677,2023-10-27,7.6,2581
1407,405774,Bird Box,12.4047,2018-12-13,6.825,10704
1408,19908,Zombieland,14.6226,2009-10-02,7.261,13331
1409,324668,Jason Bourne,12.332,2016-07-27,6.382,6284
1410,206487,Predestination,11.8061,2014-08-28,7.416,7201
1411,10315,Fantastic Mr. Fox,12.2305,2009-10-14,7.823,6213
1412,370663,Below Her Mouth,10.6222,2017-02-10,6.8,1309
1413,388,Inside Man,12.0438,2006-03-17,7.411,6459
1414,9693,Children of Men,12.3502,2006-09-22,7.613,7978
1415,157350,Divergent,12.2702,2014-03-14,6.903,13596
1416,89492,This Is 40,12.645,2012-12-20,5.897,2369
1417,930094,"Red, White & Royal Blue",11.0473,2023-07-27,7.929,1600
1418,852257,Seven Lacs,10.5269,1957-10-11,0.0,0
1419,626332,Flamin' Hot,13.563,2023-03-11,7.94,839
1420,626332,Flamin' Hot,13.563,2023-03-11,7.94,839
1421,627,Trainspotting,13.5033,1996-02-23,7.958,10515
1422,766,Army of Darkness,12.2277,1992-10-31,7.257,3594
1423,2164,Stargate,10.9926,1994-10-28,7.035,3894
1424,1013850,A Real Pain,12.1387,2024-11-01,6.779,1456
1425,287947,Shazam!,13.6324,2019-03-29,6.974,10326
1426,343668,Kingsman: The Golden Circle,12.5383,2017-09-20,6.945,11247
1427,7555,Rambo,9.9275,2008-01-24,6.699,4336
1428,587,Big Fish,11.2364,2003-12-10,7.751,7858
1429,1290879,The Woman in Cabin 10,11.423,2025-10-09,6.187,1087
1430,460458,Resident Evil: Welcome to Raccoon City,12.5482,2021-11-24,5.928,2744
1431,639933,The Northman,13.0748,2022-04-07,7.025,5164
1432,415541,My Pussy is the Best,11.7369,1982-10-10,5.0,10
1433,529203,The Croods: A New Age,12.3917,2020-11-25,7.438,4193
1434,2666,Dark City,12.82,1998-02-27,7.324,3268
1435,9654,The Italian Job,11.307,2003-05-30,6.798,6107
1436,1515729,Blast,11.604,2026-05-28,6.871,31
1437,1885,The Karate Kid,12.9392,1984-06-22,7.229,4792
1438,1359685,El mal,10.4407,2026-01-16,5.9,5
1439,65,8 Mile,11.9703,2002-11-08,7.146,7905
1440,10196,The Last Airbender,11.3366,2010-06-30,4.647,4313
1441,1196067,Worldbreaker,11.3521,2025-10-30,6.039,254
1442,12230,One Hundred and One Dalmatians,12.1669,1961-01-25,7.176,6721
1443,436565,A Bull for Mounts,13.1169,1976-01-01,4.429,7
1444,273477,Scouts Guide to the Zombie Apocalypse,11.0758,2015-10-23,6.6,2160
1445,747,Shaun of the Dead,11.5879,2004-04-09,7.544,9489
1446,241259,Alice Through the Looking Glass,10.947,2016-05-25,6.565,6836
1447,5879,In the Realm of the Senses,11.6831,1976-09-15,6.596,743
1448,46853,Playing with Love,10.3432,1977-05-06,5.3,87
1449,1181678,¿Quieres ser mi hijo?,10.3387,2023-09-21,8.457,362
1450,488143,Laboratory Conditions,11.4424,2018-10-13,7.214,42
1451,11635,Old School,12.4107,2003-02-21,6.624,2155
1452,774370,Dog Man,13.494,2025-01-24,7.412,380
1453,83542,Cloud Atlas,13.6595,2012-10-26,6.896,7598
1454,10895,Pinocchio,11.796,1940-02-23,7.114,6308
1455,1669,The Hunt for Red October,11.409,1990-03-02,7.384,3682
1456,10528,Sherlock Holmes,12.6505,2009-12-23,7.222,14906
1457,7446,Tropic Thunder,12.1721,2008-08-09,6.722,7087
1458,298250,Jigsaw,12.374,2017-10-25,6.211,4012
1459,1401093,Silver Spoon 10 Years,11.0136,2024-12-21,0.0,0
1460,51828,One Day,11.285,2011-03-02,7.419,4565
1461,1483614,Renegade Immortal: Battle of Gods,11.5951,2025-05-30,9.6,5
1462,895954,母女汽车中心,11.5204,2021-01-01,4.0,1
1463,283366,Miss Peregrine's Home for Peculiar Children,11.5255,2016-09-28,6.841,10556
1464,524,Casino,11.4592,1995-11-22,7.996,6639
1465,725201,The Gray Man,12.1143,2022-07-13,6.917,4348
1466,300668,Annihilation,11.4658,2018-02-22,6.445,9483
1467,64635,Total Recall,13.2281,2012-08-02,6.033,5941
1468,1380316,Is God Is,11.489,2026-05-14,5.94,92
1469,515001,Jojo Rabbit,12.6733,2019-10-18,7.979,10552
1470,696806,The Adam Project,12.5377,2022-03-11,6.989,5044
1471,43347,Love & Other Drugs,11.8595,2010-11-22,7.044,5666
1472,145135,Dark Skies,11.7786,2013-02-21,6.362,1994
1473,50546,Just Go with It,12.6746,2011-02-10,6.706,6182
1474,314,Catwoman,11.3437,2004-07-22,4.638,3654
1475,346910,The Predator,12.6502,2018-09-05,5.621,5213
1476,136799,Trolls,10.9327,2016-10-13,6.626,3861
1477,2005,Sister Act,11.3669,1992-05-28,6.832,3486
1478,158015,The Purge,12.5735,2013-05-31,6.249,8926
1479,884605,No Hard Feelings,11.504,2023-06-15,6.676,3943
1480,205587,The Judge,12.8246,2014-10-08,7.329,4477
1481,268896,Pacific Rim: Uprising,11.1013,2018-03-21,6.124,5421
1482,82693,Silver Linings Playbook,11.2676,2012-11-16,7.153,12740
1483,496,Borat: Cultural Learnings of America for Make Benefit Glorious Nation of Kazakhstan,13.6114,2006-11-01,6.788,6070
1484,1542261,Doraemon the Movie: New Nobita and the Castle of the Undersea Devil,11.2718,2026-02-27,7.3,10
1485,1034716,People We Meet on Vacation,10.228,2026-01-06,6.974,679
1486,82675,Taken 2,12.5446,2012-09-27,6.37,7194
1487,53182,300: Rise of an Empire,12.1249,2014-03-05,6.124,7034
1488,81188,Rise of the Guardians,12.0601,2012-11-21,7.38,7226
1489,267935,The BFG,12.697,2016-06-01,6.287,3672
1490,320,Insomnia,10.4503,2002-05-24,6.955,5411
1491,675445,PAW Patrol: The Movie,12.2555,2021-08-09,7.32,1279
1492,1580803,Susana and Elvira: No Plan B,10.6026,2026-05-28,6.375,12
1493,103663,The Hunt,10.7616,2012-10-25,8.093,4873
1494,348350,Solo: A Star Wars Story,11.3523,2018-05-15,6.557,9384
1495,4108,The Transporter,11.7862,2002-10-02,6.731,5914
1496,2059,National Treasure,11.4115,2004-11-19,6.654,6962
1497,1240889,Teenage Sex and Death at Camp Miasma,11.1576,2026-08-06,9.8,2
1498,278927,The Jungle Book,11.9583,2016-04-07,6.877,8572
1499,194662,Birdman or (The Unexpected Virtue of Ignorance),12.2731,2014-10-17,7.438,13693
1500,1581,The Holiday,12.0515,2006-12-05,7.101,5687
1501,1408162,Vishwanath & Sons,13.8858,2026-08-14,0.0,0
1502,153,Lost in Translation,10.7454,2003-09-18,7.379,8203
1503,832964,Lee,12.3234,2024-09-12,6.97,660
1504,1995,Lara Croft: Tomb Raider,10.2841,2001-06-15,5.918,6592
1505,602269,The Little Things,11.2602,2021-01-28,6.356,2871
1506,1422096,Good Boy,10.596,2025-10-01,6.622,679
1507,585032,Sa Bang-ji,10.2363,1988-10-29,6.6,5
1508,1428990,This Is Not a Test,10.6023,2026-02-20,5.444,71
1509,1102883,Mother Mary,11.1031,2026-04-16,5.4,112
1510,1725116,Simpsley,9.9222,2026-07-03,7.897,63
1511,72784,The Loft,11.7318,2014-10-14,6.4,1593
1512,1023656,Latente,10.3606,2021-10-04,8.0,1
1513,1522333,Carry On Jatta 4,10.382,2026-06-26,8.0,1
1514,13448,Angels & Demons,13.4447,2009-04-20,6.725,7409
1515,8337,They Live,12.0913,1988-11-04,7.304,3546
1516,61979,Three Steps Above Heaven,11.4303,2010-12-03,7.732,3256
1517,718821,Twisters,11.6751,2024-07-10,6.769,3079
1518,9358,Final Destination 2,11.3803,2003-01-31,6.314,4934
1519,288987,That Malicious Age,11.4942,1975-03-11,6.4,87
1520,11969,Tombstone,11.4742,1993-12-25,7.589,2503
1521,290859,Terminator: Dark Fate,11.6354,2019-10-23,6.418,5767
1522,168,Star Trek IV: The Voyage Home,11.9278,1986-11-26,7.181,1678
1523,2108,The Breakfast Club,11.0441,1985-02-15,7.719,8623
1524,755,From Dusk Till Dawn,12.3717,1996-01-19,7.047,6588
1525,220289,Coherence,10.2726,2014-04-06,7.208,3513
1526,10585,Child's Play,11.8262,1988-11-09,6.8,3418
1527,45269,The King's Speech,12.1736,2010-11-26,7.733,9406
1528,508883,The Boy and the Heron,12.2318,2023-07-14,7.39,2716
1529,1160360,If I Had Legs I'd Kick You,10.8292,2025-10-10,6.313,376
1530,6114,Bram Stoker's Dracula,12.2347,1992-11-13,7.449,5844
1531,1321179,The King's Warden,11.0938,2026-02-04,7.1,25
1532,321258,The Boy,12.1941,2016-01-22,5.972,3992
1533,632856,Spirited,9.5312,2022-11-10,6.841,776
1534,677179,Creed III,13.3988,2023-03-01,7.09,2923
1535,776503,CODA,11.8623,2021-08-13,7.887,2648
1536,782,Gattaca,10.9016,1997-07-09,7.568,7022
1537,792,Platoon,12.2011,1986-12-19,7.749,5194
1538,348893,Boyka: Undisputed IV,10.8838,2016-08-01,7.212,1484
1539,776797,The Sadness,11.5539,2021-01-22,6.844,1196
1540,414947,Assume Yourself,10.1878,1975-02-20,8.5,2
1541,9475,Scent of a Woman,11.9283,1992-12-23,7.79,4014
1542,34851,Predators,12.0074,2010-07-07,6.305,4711
1543,40345,Delirium,11.4033,1972-07-05,4.776,29
1544,435,The Day After Tomorrow,11.4168,2004-05-26,6.562,9000
1545,252,Willy Wonka & the Chocolate Factory,10.3715,1971-06-29,7.486,4004
1546,967847,Ghostbusters: Frozen Empire,10.7994,2024-03-20,6.4,2228
1547,648878,Eddington,11.2692,2025-07-16,6.465,880
1548,793,Blue Velvet,11.5744,1986-09-19,7.605,3880
1549,187017,22 Jump Street,11.0058,2014-06-05,6.827,8625
1550,293982,Warsaw 44,14.002,2014-09-19,6.666,292
1551,238615,Self/less,13.9901,2015-07-10,6.423,3332
1552,7840,"10,000 BC",10.8815,2008-03-04,5.509,3221
1553,1515615,Kissing Is the Easy Part,11.0089,2026-02-13,7.282,55
1554,19976,The Exterminating Angels,12.1949,2006-09-13,5.3,78
1555,397243,The Autopsy of Jane Doe,9.8093,2016-12-21,6.841,4811
1556,10009,Brother Bear,12.7305,2003-10-23,7.3,5817
1557,43074,Ghostbusters,11.6333,2016-07-14,5.342,6845
1558,59961,Safe House,11.8517,2012-02-08,6.491,3974
1559,427641,Rampage,13.6379,2018-04-11,6.469,7646
1560,1267,Meet the Robinsons,10.9124,2007-03-23,6.948,3191
1561,9477,King Arthur,11.0943,2004-07-07,6.309,2961
1562,639720,IF,13.4414,2024-05-08,6.942,1660
1563,1226578,Longlegs,9.7804,2024-07-10,6.516,2774
1564,459151,The Boss Baby: Family Business,12.2412,2021-07-01,7.3,2710
1565,81005,Jack the Giant Slayer,11.3129,2013-02-27,5.902,5305
1566,392044,Murder on the Orient Express,12.804,2017-11-03,6.707,10636
1567,14784,The Fall,12.5978,2006-09-09,7.623,1575
1568,10545,The Hunchback of Notre Dame,11.3333,1996-06-21,7.134,5422
1569,835113,Woman of the Hour,10.5522,2024-10-03,6.387,1062
1570,3176,Battle Royale,9.4077,2000-12-16,7.266,3890
1571,421892,Shrek 5,11.0006,2027-06-30,0.0,0
1572,473033,Uncut Gems,11.9747,2019-08-30,7.168,5475
1573,9614,Happy Gilmore,12.1627,1996-02-16,6.678,3407
1574,49047,Gravity,11.968,2013-10-03,7.172,16498
1575,665760,Mare,10.6061,2020-02-23,5.176,17
1576,4256,Scary Movie 3,11.7298,2003-10-24,5.981,4588
1577,6947,The Village,12.2134,2004-07-30,6.496,4658
1578,60898,Erotic Ghost Story,10.8778,1990-05-19,6.2,95
1579,381138,Political Animal,10.2224,2017-05-31,4.692,13
1580,9739,Demolition Man,11.3308,1993-10-08,6.759,4181
1581,82507,Sinister,11.2899,2012-10-04,6.875,6130
1582,1427,Perfume: The Story of a Murderer,11.7458,2006-09-13,7.371,5087
1583,851644,20th Century Girl,11.0336,2022-10-06,8.172,841
1584,37257,Witness for the Prosecution,11.1512,1957-12-17,8.2,1732
1585,33,Unforgiven,11.5467,1992-08-07,7.913,5029
1586,262500,Insurgent,13.2117,2015-03-18,6.359,10518
1587,2118,L.A. Confidential,10.4315,1997-09-19,7.806,5635
1588,879,Hook,11.94,1991-04-10,6.847,5813
1589,11690,Bloodsport,10.886,1988-02-26,7.1,2219
1590,9286,Final Destination 3,11.5963,2006-02-09,6.2,4649
1591,298094,Hidden Desire,12.3213,1991-11-15,5.278,27
1592,1352874,The Crucifix: Blood of the Exorcist,9.7994,2025-01-09,5.429,63
1593,299054,Expend4bles,12.7667,2023-09-15,6.0,1932
1594,4258,Scary Movie 5,13.0013,2013-04-11,4.795,3109
1595,109439,The Hangover Part III,11.7679,2013-05-23,6.213,9329
1596,1540365,Hippo's Revenge,9.5428,2025-09-05,3.75,4
1597,881,A Few Good Men,11.5661,1992-12-11,7.554,4239
1598,476669,The King's Man,12.2779,2021-12-22,6.71,5128
1599,570670,The Invisible Man,11.9185,2020-02-26,7.09,6367
1600,40807,50/50,9.8791,2011-09-30,7.184,4168
1601,936108,Smurfs,11.2039,2025-06-30,5.754,278
1602,945937,Fast Charlie,11.8705,2023-12-08,6.18,317
1603,508642,Gonjiam: Haunted Asylum,9.6832,2018-03-28,7.26,975
1604,312221,Creed,11.2257,2015-11-25,7.408,8045
1605,1020006,Priscilla,10.2951,2023-10-27,6.701,1118
1606,9595,Hot Shots!,11.6088,1991-07-31,6.586,2493
1607,57165,Wrath of the Titans,10.8522,2012-03-28,5.768,4555
1608,426,Vertigo,11.4509,1958-05-09,8.136,6416
1609,287649,Scarlet Innocence,11.3849,2014-10-02,6.113,71
1610,581,Dances with Wolves,11.8738,1990-11-09,7.844,4757
1611,70,Million Dollar Baby,11.272,2004-12-05,7.954,10469
1612,614930,Teenage Mutant Ninja Turtles: Mutant Mayhem,11.1225,2023-07-31,7.222,1638
1613,17578,The Adventures of Tintin,11.4902,2011-10-24,6.927,5895
1614,957452,The Crow,11.4007,2024-08-21,5.784,1311
1615,384261,Operación Palace,10.2026,2014-02-23,6.2,4
1616,2567,The Aviator,11.8333,2004-12-17,7.217,5927
1617,2675,Signs,10.9707,2002-08-02,6.728,6424
1618,324849,The Lego Batman Movie,11.9742,2017-02-08,7.3,5501
1619,10995,The Lover,11.1647,1992-01-22,7.0,770
1620,292047,Tokyo Noir,9.5598,2004-09-24,9.0,3
1621,763215,Damsel,11.3873,2024-03-07,6.984,2863
1622,3981,What Women Want,10.3174,2000-12-15,6.456,4454
1623,10999,Commando,10.3668,1985-10-03,6.707,3196
1624,43949,Flipped,10.4387,2010-08-06,8.0,3368
1625,1363123,The Family Plan 2,11.6458,2025-11-11,6.533,618
1626,337401,Mulan,11.6685,2020-09-04,6.822,7105
1627,663,Saw IV,10.1396,2007-10-25,6.167,4172
1628,664413,365 Days,10.211,2020-02-07,6.992,9564
1629,7484,Open Season,11.7772,2006-09-27,6.195,3042
1630,149,Akira,12.3601,1988-06-10,7.936,4869
1631,926670,Henry Danger: The Movie,10.3587,2025-01-17,7.62,267
1632,38700,Bad Boys for Life,11.6476,2020-01-15,7.111,8817
1633,9276,The Faculty,11.1367,1998-12-25,6.574,2311
1634,133980,Dog Lay Afternoon,8.845,1976-11-15,4.5,25
1635,258489,The Legend of Tarzan,11.0447,2016-06-29,5.922,6573
1636,970450,Werewolves,10.7721,2024-12-04,5.797,512
1637,11460,Red Eye,11.0776,2005-08-10,6.391,2578
1638,16664,All About Lily Chou-Chou,9.5192,2001-10-06,7.4,303
1639,9335,Transporter 2,11.9521,2005-08-03,6.3,4023
1640,9602,Coming to America,9.5253,1988-06-29,6.883,4805
1641,37735,Easy A,12.1713,2010-09-16,6.804,7462
1642,2292,Clerks,11.1351,1994-10-19,7.371,2809
1643,1979,Fantastic Four: Rise of the Silver Surfer,11.2043,2007-06-13,5.634,8493
1644,1000837,I'm Still Here,11.4771,2024-09-19,7.892,1098
1645,239124,Investigación policial,9.8768,2013-11-14,5.9,7
1646,655,"Paris, Texas",13.0226,1984-07-16,8.076,2263
1647,11023,Thirteen,11.6231,2003-08-20,6.695,1787
1648,22881,The Blind Side,12.0295,2009-11-20,7.666,6909
1649,68507,Jan Dara,9.6931,2001-09-28,5.917,54
1650,2832,Identity,9.777,2003-04-25,7.182,4449
1651,504172,The Mule,10.7465,2018-12-14,6.869,5415
1652,9341,The Core,11.6076,2003-03-28,5.839,2211
1653,13510,Eden Lake,10.4085,2008-09-12,6.825,2136
1654,8810,Mad Max 2,12.6719,1981-12-24,7.391,4241
1655,41733,Due Date,11.3863,2010-11-03,6.396,5898
1656,127690,Iska's Journey,9.6806,2007-11-22,5.6,5
1657,1028196,Nickel Boys,11.6096,2024-12-13,6.623,357
1658,424783,Bumblebee,10.9607,2018-11-22,6.721,6723
1659,1245993,Caught Stealing,10.2985,2025-08-26,6.841,1064
1660,300671,13 Hours: The Secret Soldiers of Benghazi,11.3165,2016-01-14,7.3,4009
1661,33337,Dear Inspector,12.4778,1978-01-18,5.856,87
1662,227,The Outsiders,10.2632,1983-03-25,7.175,1577
1663,1082195,The Order,11.8433,2024-12-05,6.561,927
1664,503919,The Lighthouse,11.4769,2019-10-18,7.5,5646
1665,916224,Suzume,11.1863,2022-11-11,7.891,1796
1666,911916,Spider-Man: Beyond the Spider-Verse,10.8206,2027-06-17,0.0,0
1667,68734,Argo,10.9174,2012-10-11,7.286,9065
1668,1287729,Незримое,9.7283,2007-01-01,0.0,0
1669,199,Star Trek: First Contact,11.9302,1996-11-22,7.307,1991
1670,138697,Don Jon,11.1886,2013-09-12,6.016,4631
1671,274862,The Lego Ninjago Movie,10.9695,2017-09-21,6.49,1190
1672,9387,Conan the Barbarian,11.3048,1982-03-16,6.803,2854
1673,501929,The Mitchells vs. the Machines,11.6238,2021-04-22,7.832,3429
1674,22970,The Cabin in the Woods,12.0553,2012-04-12,6.654,8690
1675,37094,Falling Down,11.4406,1993-02-26,7.398,4165
1676,1233506,The Shrinking Man,10.2378,2025-10-22,5.99,156
1677,608,Men in Black II,11.9145,2002-07-03,6.39,10770
1678,2907,The Addams Family,10.6511,1991-11-22,7.072,5112
1679,8009,Highlander,11.6401,1986-03-07,6.869,2963
1680,8009,Highlander,11.6401,1986-03-07,6.869,2963
1681,395,AVP: Alien vs. Predator,11.2402,2004-08-12,5.951,5044
1682,1088166,Relay,11.779,2025-08-21,7.0,479
1683,829280,Enola Holmes 2,10.3815,2022-11-03,7.411,3096
1684,1514125,Saigon Sunset,9.7663,2025-04-30,5.5,2
1685,353491,The Dark Tower,10.8934,2017-08-03,5.803,5599
1686,2022,Mr. Deeds,10.6413,2002-06-28,5.922,2564
1687,1452,Superman Returns,10.6484,2006-06-28,5.821,4640
1688,1249213,Drop,11.4434,2025-04-07,6.315,915
1689,641490,The Graduation of Edison,9.761,2019-11-30,0.0,0
1690,770156,Lucy Shimmers and the Prince of Peace,10.3106,2020-10-19,8.367,369
1691,76203,12 Years a Slave,10.7989,2013-10-18,7.929,12104
1692,64686,47 Ronin,12.0638,2013-12-06,6.21,4203
1693,8536,Superman II,10.5553,1980-12-04,6.764,2563
1694,600354,The Father,12.1492,2020-12-23,8.091,3703
1695,277,Underworld,10.0581,2003-09-19,6.9,6689
1696,9651,Supergirl,9.5816,1984-07-01,5.395,719
1697,1535392,Malaikat Malam,10.4094,2026-03-26,7.3,3
1698,7551,Déjà Vu,10.9528,2006-11-22,6.89,5374
1699,628,Interview with the Vampire,11.3661,1994-11-11,7.389,6515
1700,1511057,Roommates,9.8985,2026-04-13,6.483,149
1701,11395,The Santa Clause,10.8821,1994-11-11,6.531,2334
1702,496450,"Miraculous: Ladybug & Cat Noir, The Movie",11.5258,2023-07-05,7.605,970
1703,8867,The Punisher,10.6386,1989-10-05,5.767,698
1704,599,Sunset Boulevard,10.4011,1950-08-10,8.3,2976
1705,228161,Home,11.2067,2015-03-18,6.79,4276
1706,311324,The Great Wall,11.0801,2016-12-16,6.034,5614
1707,9757,Norbit,11.1073,2007-02-08,5.729,2666
1708,11778,The Deer Hunter,10.6733,1978-12-08,8.0,4316
1709,1647508,Winter: Battleground,10.3777,2026-04-07,3.5,2
1710,445571,Game Night,11.5565,2018-02-15,6.844,6378
1711,537971,Mia,11.0997,2017-12-17,6.2,33
1712,10530,Pocahontas,9.8757,1995-06-16,6.914,6133
1713,337772,Until It's Too Late...,9.8902,1957-02-07,0.0,0
1714,359940,"Three Billboards Outside Ebbing, Missouri",10.1825,2017-12-01,8.052,11044
1715,560210,My Student's Mom 3,9.698,2018-02-05,4.0,3
1716,1354959,Stand Up My Husband!,10.19,2024-06-21,9.0,1
1717,1079091,It Ends with Us,10.1295,2024-08-07,6.95,2008
1718,1531028,Todo Kayod,9.1747,2025-09-16,7.0,3
1719,619979,Deep Water,11.2158,2022-03-17,5.838,1684
1720,4513,30 Days of Night,10.231,2007-10-17,6.438,3124
1721,315837,Ghost in the Shell,11.1696,2017-03-29,6.11,8651
1722,1239655,Friendship,10.0938,2025-05-09,6.393,303
1723,1337562,Splitsville,10.0353,2025-08-21,6.298,233
1724,414,Batman Forever,10.8455,1995-06-16,5.459,5659
1725,762,Monty Python and the Holy Grail,11.3982,1975-04-03,7.803,6496
1726,44912,Green Lantern,12.1473,2011-06-14,5.187,7732
1727,431693,Spies in Disguise,13.3086,2019-12-04,7.543,3016
1728,37136,The Naked Gun: From the Files of Police Squad!,9.7238,1988-12-02,7.285,4585
1729,9360,Anaconda,10.3675,1997-04-11,5.281,2861
1730,1517772,Unknown Number: The High School Catfish,10.1963,2025-08-28,6.761,226
1731,1233728,Seven-day Swapping,8.8301,2023-05-23,0.0,0
1732,1712439,Behind the Screens,10.292,2026-07-23,3.0,1
1733,790,The Fog,9.2754,1980-02-01,6.739,1786
1734,9277,The Sting,10.6832,1973-12-25,8.014,3032
1735,826510,Harold and the Purple Crayon,11.7782,2024-07-31,6.577,377
1736,1628071,Ip Man: Kung Fu Legend,9.6394,2026-07-22,5.5,4
1737,11247,A Cinderella Story,10.5117,2004-07-16,6.594,3411
1738,889737,Joker: Folie à Deux,10.7501,2024-10-01,5.404,2991
1739,114150,Pitch Perfect,10.7817,2012-09-28,7.265,6937
1740,889737,Joker: Folie à Deux,10.7501,2024-10-01,5.404,2990
1741,114150,Pitch Perfect,10.7817,2012-09-28,7.265,6937
1742,1425122,A Very Jonas Christmas Movie,9.6139,2025-11-10,6.2,116
1743,1400837,Other Mommy,10.2518,2026-10-08,0.0,0
1744,298,Ocean's Thirteen,10.0498,2007-06-05,6.728,6983
1745,594767,Shazam! Fury of the Gods,10.4796,2023-03-15,6.411,3713
1746,55685,To Be Twenty,11.7088,1978-07-14,5.815,92
1747,41154,Men in Black 3,11.2719,2012-05-23,6.547,11092
1748,254320,The Lobster,10.762,2015-10-15,7.022,6982
1749,11104,Chungking Express,11.6298,1994-07-14,7.974,2237
1750,1393326,Ghost in the Cell,10.561,2026-04-16,7.9,19
1751,1213243,Toxic,10.471,2026-08-15,0.0,0
1752,57212,War Horse,11.0129,2011-12-25,7.307,3734
1753,76163,The Expendables 2,10.227,2012-08-15,6.354,7252
1754,5255,The Polar Express,10.7109,2004-11-10,6.722,6956
1755,634429,Shin Ultraman,10.0487,2022-05-13,7.5,251
1756,79871,Crazy Love,9.539,1993-04-17,6.4,46
1757,2294,Jay and Silent Bob Strike Back,10.525,2001-08-22,6.44,1767
1758,68,Brazil,11.2187,1985-02-20,7.655,3770
1759,565770,Blue Beetle,13.2916,2023-08-16,6.625,3187
1760,11459,Sky High,10.2381,2005-07-29,6.261,2500
1761,969492,Land of Bad,10.593,2024-02-09,7.281,1550
1762,10033,Just Friends,11.1406,2005-11-23,6.207,1825
1763,10112,The Aristocats,10.8365,1970-12-24,7.304,5418
1764,9482,Judge Dredd,11.3521,1995-06-30,5.9,2785
1765,1571,Live Free or Die Hard,10.4776,2007-06-20,6.644,6434
1766,4347,Atonement,11.4982,2007-02-27,7.633,4766
1767,117263,Olympus Has Fallen,10.7694,2013-03-20,6.415,7135
1768,567604,Once Upon a Deadpool,11.2499,2018-12-11,7.111,859
1769,1254896,Beware the Boogeyman,9.3344,2024-03-05,4.2,7
1770,13223,Gran Torino,10.9814,2008-12-12,7.991,11696
1771,831815,Saving Bikini Bottom: The Sandy Cheeks Movie,11.0127,2024-10-01,6.149,185
1772,163011,Lala the Magician,9.0585,1981-12-24,9.0,1
1773,9342,The Mask of Zorro,9.5695,1998-07-16,6.586,4389
1774,153104,Wicked Minds,9.0978,2003-03-01,6.34,53
1775,2667,The Blair Witch Project,10.6023,1999-07-14,6.366,5551
1776,36463,Miami Exposé,9.8572,1956-09-01,6.0,7
1777,9792,The Hills Have Eyes,10.1128,2006-03-10,6.481,3414
1778,72545,Journey 2: The Mysterious Island,11.193,2012-01-19,6.144,4566
1779,1368881,Ladies First,10.4571,2026-05-21,6.009,450
1780,1261825,Oh. What. Fun.,10.6996,2025-12-03,5.638,257
1781,12222,Horton Hears a Who!,11.1502,2008-03-03,6.529,3598
1782,37233,The Firm,10.5993,1993-06-30,6.743,2346
1783,10386,The Iron Giant,10.8812,1999-08-06,7.96,6272
1784,341174,Fifty Shades Darker,10.5663,2017-02-08,6.472,7983
1785,698343,I Don't Like Younger Men 5,9.7852,2020-04-23,7.1,9
1786,1128879,Mil Kilómetros,10.9363,,0.0,0
1787,54065,Bambola,8.9432,1996-09-01,4.484,64
1788,147441,Exodus: Gods and Kings,11.9629,2014-12-03,5.885,4896
1789,86331,Desire,9.9592,2011-10-06,6.314,1384
1790,1966,Alexander,11.336,2004-11-21,5.957,3559
1791,2293,Mallrats,9.9358,1995-10-20,6.753,1412
1792,638,Lost Highway,10.115,1997-01-15,7.5,2988
1793,372962,Mai-chan's Daily Life,9.715,2014-11-29,4.9,20
1794,27582,The Mechanic,11.0813,2011-01-13,6.5,3660
1795,80274,Ender's Game,11.8507,2013-10-24,6.596,6340
1796,82695,Les Misérables,11.5779,2012-12-18,7.3,5630
1797,2978,Ghostbusters II,10.4637,1989-06-16,6.601,4917
1798,421186,Almoço Executivo,9.7475,1996-01-01,7.0,1
1799,924,Dawn of the Dead,10.3934,2004-03-19,7.08,4606
1800,23823,Wrong Turn 3: Left for Dead,11.2848,2009-10-08,5.706,1304
1801,10068,Nine 1/2 Weeks,9.9035,1986-02-09,6.127,1148
1802,840326,Sisu,10.9356,2022-09-09,7.4,2900
1803,71672,Wrong Turn 4: Bloody Beginnings,10.3776,2011-10-17,5.748,1243
1804,765,Evil Dead II,11.4327,1987-03-13,7.54,3574
1805,955555,The Roundup: No Way Out,9.6291,2023-05-31,7.217,555
1806,614479,Insidious: The Red Door,11.9302,2023-07-05,6.511,2027
1807,10096,13 Going on 30,11.4686,2004-04-13,6.777,5602
1808,1584,The School of Rock,10.8028,2003-10-03,7.088,6273
1809,1374,Rocky IV,11.3566,1985-11-21,7.099,4892
1810,6844,The Ten Commandments,10.2156,1956-10-05,7.786,1899
1811,65754,The Girl with the Dragon Tattoo,10.1843,2011-12-14,7.386,7703
1812,365045,Heidi,10.2534,2015-12-10,7.2,442
1813,13811,Knowing,10.5336,2009-03-19,6.268,5917
1814,76025,Shame,9.8098,2011-10-02,6.935,3454
1815,1341137,A Great Awakening,10.2204,2026-04-03,6.941,17
1816,10588,The Cat in the Hat,10.4893,2003-11-21,5.35,1841
1817,200,Star Trek: Insurrection,10.3825,1998-12-11,6.449,1373
1818,587792,Palm Springs,8.894,2020-07-10,7.338,3789
1819,136400,2 Guns,10.9451,2013-08-02,6.536,4563
1820,451048,Jungle Cruise,11.4842,2021-07-28,7.28,6239
1821,389015,"I, Tonya",11.2732,2017-12-07,7.468,6244
1822,9801,Bridget Jones: The Edge of Reason,10.4468,2004-11-10,6.227,3052
1823,14537,Harakiri,10.8118,1962-09-15,8.445,1246
1824,346648,Paddington 2,10.9049,2017-11-09,7.479,2850
1825,1173559,Insidious Inferno,9.1973,2024-11-29,5.296,27
1826,6637,National Treasure: Book of Secrets,9.6851,2007-12-19,6.381,5619
1827,688,The Bridges of Madison County,9.8845,1995-06-02,7.71,2397
1828,154400,The Drop,10.2395,2014-09-12,6.825,2463
1829,615453,Ne Zha,10.453,2019-07-26,7.9,910
1830,658,Goldfinger,10.5396,1964-09-20,7.361,4032
1831,710,GoldenEye,10.1501,1995-11-16,6.907,4407
1832,400928,Gifted,10.4285,2017-04-07,7.995,6010
1833,13179,Tinker Bell,11.1448,2008-09-11,6.933,1591
1834,663604,Crazy Nights,6.7784,1978-04-20,3.4,10
1835,136753,The Scent of Burning Grass,9.6883,2012-04-24,7.8,5
1836,516486,Greyhound,11.5393,2020-07-09,7.414,3380
1837,376867,Moonlight,11.2978,2016-10-21,7.355,7605
1838,82,Miami Vice,9.885,2006-07-27,6.028,2015
1839,404009,Una storia ambigua,11.9649,1986-05-15,4.375,8
1840,333371,10 Cloverfield Lane,10.0069,2016-03-10,7.0,8801
1841,9362,Tremors,9.6255,1990-01-19,6.936,3634
1842,397469,New Folder 2,9.3462,2015-10-23,5.1,5
1843,575824,Men of Hard Skin,10.1593,2019-06-20,6.0,44
1844,1232546,Until Dawn,10.9127,2025-04-23,6.268,1513
1845,1289936,Downton Abbey: The Grand Finale,10.4785,2025-09-10,7.037,282
1846,184,Jackie Brown,10.0123,1997-12-25,7.356,7026
1847,39857,The Untold Story,9.6965,1993-05-13,6.3,150
1848,617,Wild Things,10.803,1998-03-20,6.377,2013
1849,410119,Yu Pui Tsuen II,10.5385,1987-10-15,5.4,28
1850,16996,17 Again,11.6153,2009-03-11,6.318,5482
1851,337339,The Fate of the Furious,10.9501,2017-04-12,6.851,10899
1852,2322,Sneakers,8.8112,1992-09-09,6.912,1073
1853,617463,In the Dawn,9.1977,2017-05-10,0.0,0
1854,1252037,The Tank,10.9523,2025-09-18,7.149,468
1855,41630,No Strings Attached,11.0326,2011-01-21,6.294,5033
1856,1182047,The Apprentice,10.7058,2024-10-09,6.854,996
1857,1013482,Borderline,9.1292,2025-03-14,5.718,181
1858,287414,Tersine Dünya,9.3758,1994-01-07,5.6,8
1859,387848,Buddy's Mom,9.6066,2015-11-12,5.7,15
1860,387848,Buddy's Mom,9.6066,2015-11-12,5.7,15
1861,11674,101 Dalmatians,10.592,1996-11-27,5.943,3684
1862,205584,Gods of Egypt,11.2679,2016-02-25,5.697,4405
1863,332567,The Shallows,10.577,2016-06-24,6.356,5385
1864,493416,Troy: The Odyssey,9.9342,2017-10-15,3.919,31
1865,109451,Cloudy with a Chance of Meatballs 2,10.7713,2013-09-26,6.454,3524
1866,35796,Lawn Dogs,8.5023,1997-11-21,7.115,113
1867,9339,Click,10.9675,2006-06-23,6.311,7660
1868,446893,Trolls World Tour,12.2252,2020-03-11,7.233,2292
1869,12244,9,11.5972,2009-08-19,6.957,3952
1870,342473,Ballerina,10.2889,2016-12-14,7.203,2006
1871,5915,Into the Wild,11.2315,2007-09-21,7.793,10238
1872,840,Close Encounters of the Third Kind,11.1092,1977-12-14,7.359,4771
1873,58008,Night Nurse,9.0963,1979-02-07,5.2,54
1874,1050035,Monster,10.8539,2023-06-02,7.927,922
1875,203801,The Man from U.N.C.L.E.,10.3468,2015-08-13,7.079,6947
1876,9837,The Prince of Egypt,11.51,1998-12-16,7.317,4365
1877,663712,Terrifier 2,10.6686,2022-10-06,6.674,2535
1878,13597,Labyrinth,9.833,1986-06-27,7.29,2798
1879,1433568,The Rope Curse 4: Kuntilanak,10.0397,2026-08-27,0.0,0
1880,279,Amadeus,10.0593,1984-09-19,8.025,4832
1881,416477,The Big Sick,11.2887,2017-03-30,7.323,2666
1882,371893,The Classic,9.544,2015-10-17,4.5,5
1883,938,For a Few Dollars More,9.9149,1965-12-18,8.024,4535
1884,544,There's Something About Mary,10.0985,1998-07-15,6.634,5426
1885,1499071,Cold War 1994,8.528,2026-05-01,6.313,16
1886,1205110,ANNA ASTI. Path of the Phoenix,9.0654,2023-10-20,0.0,0
1887,12094,Jackass Number Two,10.4074,2006-09-22,6.584,1297
1888,1397201,Golden Kamuy -The Abashiri Prison Raid-,9.9043,2026-03-13,7.74,25
1889,13027,Eagle Eye,11.0016,2008-09-25,6.495,3172
1890,10330,Freaky Friday,11.0019,2003-08-05,6.588,4321
1891,628847,Trap House,11.8056,2025-11-14,6.7,303
1892,406,La Haine,10.6501,1995-05-31,8.081,4618
1893,700391,65,11.2216,2023-03-02,5.946,2903
1894,172,Star Trek V: The Final Frontier,10.4897,1989-06-09,5.733,1324
1895,90,Beverly Hills Cop,10.774,1984-12-05,7.211,4660
1896,9798,Enemy of the State,9.3044,1998-11-20,7.077,4344
1897,21208,Orphan,10.1184,2009-07-24,6.99,5710
1898,9741,Unbreakable,10.2898,2000-11-22,7.145,10025
1899,39513,Paul,9.8752,2011-02-14,6.747,6386
1900,11886,Robin Hood,9.7614,1973-11-08,7.311,4694
1901,9331,Clear and Present Danger,9.9486,1994-08-03,6.653,1713
1902,846,The X-Files,11.0117,1998-06-19,6.906,1842
1903,929219,O Que as Mulheres Querem?,9.9948,2019-11-02,0.0,0
1904,630586,Wrong Turn,10.2766,2021-01-26,5.954,1361
1905,1519414,松山之殇,8.7255,2025-09-03,0.0,0
1906,726209,Leave the World Behind,10.4562,2023-11-22,6.382,3329
1907,104894,A Garden Without Birds,9.2662,1992-12-01,4.9,9
1908,399404,Darkest Hour,12.4982,2017-11-22,7.355,5579
1909,3049,Ace Ventura: Pet Detective,10.5506,1994-02-04,6.583,6482
1910,870270,My Wife's Sister 3,9.8579,2019-08-08,3.5,2
1911,6957,The 40 Year Old Virgin,8.4566,2005-08-11,6.429,7327
1912,530907,Friends,9.5361,1934-01-01,2.0,1
1913,5689,The Blue Lagoon,9.3358,1980-07-05,6.141,2054
1914,1287141,Pillion,8.4449,2025-11-28,6.42,294
1915,500664,Upgrade,10.0116,2018-05-31,7.508,5122
1916,4523,Enchanted,10.5944,2007-11-20,6.847,5767
1917,1441804,Na Sombra do Medo,8.4261,2025-01-24,0.0,0
1918,447543,A Batalha dos Aflitos - Os Bastidores de um Dia Inesquecível,9.638,2006-09-18,8.0,1
1919,463570,Lisbon-Province,8.8466,2010-06-26,5.0,2
1920,447543,A Batalha dos Aflitos - Os Bastidores de um Dia Inesquecível,9.638,2006-09-18,8.0,1
1921,463570,Lisbon-Province,8.8466,2010-06-26,5.0,2
1922,1137350,The Phoenician Scheme,10.0431,2025-05-23,6.51,982
1923,27098,All Things Fair,9.9954,1995-03-08,6.4,176
1924,8247,Jumper,9.6661,2008-02-13,6.17,6326
1925,379686,Space Jam: A New Legacy,10.8967,2021-07-08,6.636,4255
1926,8914,Deep Blue Sea,10.5084,1999-07-28,5.998,2701
1927,390043,The Hitman's Bodyguard,9.6995,2017-08-16,6.894,6744
1928,927,Gremlins,10.8919,1984-06-08,7.144,7062
1929,853,Enemy at the Gates,10.8104,2001-02-28,7.425,4115
1930,370576,Dead Silence,8.7734,1991-08-26,6.3,13
1931,16290,Jackass 3D,10.1205,2010-10-15,6.613,1491
1932,76757,Jupiter Ascending,11.827,2015-02-04,5.471,7178
1933,13207,Friday the 13th,10.3971,2009-02-11,5.772,2905
1934,818647,Through My Window,9.5896,2022-02-04,7.349,3364
1935,77950,Turbo,9.7616,2013-07-11,6.279,3737
1936,1791,The Piano Teacher,10.7607,2001-09-05,7.255,1304
1937,2295,Clerks II,10.4365,2006-07-21,6.902,1518
1938,263688,Mugaraasi,9.5236,1966-08-18,0.0,0
1939,1254786,The Life List,10.5536,2025-03-27,6.952,621
1940,10501,The Road to El Dorado,10.1868,2000-03-31,7.299,4171
1941,698779,Room Salon College Girls 3,9.8203,2020-04-17,4.9,7
1942,177723,Paris by Night 76: Spring Away From Home,9.5505,2004-10-30,0.0,0
1943,11013,Secretary,9.6486,2002-09-20,6.798,1967
1944,633604,Yummy,11.5984,2019-12-13,6.321,363
1945,293863,The Age of Adaline,9.513,2015-04-16,7.467,7144
1946,1052280,It's What's Inside,9.6102,2024-01-19,6.475,833
1947,350031,Harvesting the Wasteland,8.5701,2008-03-03,0.0,0
1948,1371,Rocky III,10.7303,1982-05-28,6.907,4562
1949,957119,Sidelined: The QB and Me,9.4778,2025-02-06,6.286,245
1950,6557,27 Dresses,10.7655,2008-01-10,6.454,3463
1951,502012,A Quiet Little Town,8.9559,1986-01-30,9.0,1
1952,9352,EuroTrip,10.3797,2004-02-20,6.621,3028
1953,718789,Lightyear,10.7618,2022-06-15,6.866,3876
1954,4614,The Sum of All Fears,9.5609,2002-05-31,6.373,1994
1955,10340,Lady and the Tramp,10.2622,1955-06-22,7.129,5696
1956,201,Star Trek: Nemesis,10.1997,2002-12-13,6.3,1614
1957,458376,Neo Chinpira 2: Zoom Goes the Bullet,9.8542,1991-04-12,0.0,0
1958,872,Singin' in the Rain,9.6502,1952-04-10,8.133,3557
1959,1384216,The Dog Stars,10.7977,2026-08-26,0.0,0
1960,12242,Mulan II,10.2691,2004-11-03,6.531,2537
1961,1509579,Gayong 2,9.314,2026-04-09,7.0,1
1962,817,Austin Powers: The Spy Who Shagged Me,10.9973,1999-06-08,6.317,3731
1963,1324842,Lucky the Superstar,6.6903,2026-02-20,2.3,3
1964,9919,How to Lose a Guy in 10 Days,12.8125,2003-02-07,6.9,4529
1965,1627824,Rocky's Cat-astrophe,9.4304,2026-02-27,7.818,22
1966,1817,Phone Booth,9.6002,2003-01-06,6.873,4243
1967,18360,Night at the Museum: Battle of the Smithsonian,10.8283,2009-05-20,6.2,7364
1968,807356,Watcher,10.5598,2022-06-03,6.488,1188
1969,9377,Ferris Bueller's Day Off,9.9381,1986-06-11,7.563,5465
1970,228165,The SpongeBob Movie: Sponge Out of Water,11.3857,2015-01-28,6.109,2572
1971,619264,The Platform,12.4739,2019-11-08,7.0,7913
1972,1097311,Echo Valley,9.7317,2025-06-13,6.446,397
1973,451915,Beautiful Boy,9.801,2018-10-12,7.6,2907
1974,310307,The Founder,11.4618,2016-11-24,7.15,5453
1975,4547,Panic Room,9.9576,2002-03-29,6.793,5487
1976,1363979,The Dangers in My Heart: The Movie,9.1626,2026-02-13,7.9,9
1977,81,Warriors of the Wind,10.7435,1984-03-11,7.9,4135
1978,2280,Big,9.6432,1988-06-03,7.193,4102
1979,37247,The Graduate,10.3774,1967-12-21,7.631,3735
1980,914,The Great Dictator,10.3426,1940-10-15,8.28,3752
1981,345922,Fist Fight,10.7649,2017-02-16,6.035,1327
1982,865,The Running Man,10.1485,1987-11-13,6.539,2904
1983,1399525,Rose of Nevada,10.2565,2026-04-24,6.6,15
1984,3134,Baise-moi,10.1479,2000-06-28,4.847,491
1985,1330421,Bone Lake,10.116,2025-10-02,5.891,225
1986,1367,Rocky II,9.9085,1979-06-15,7.302,4881
1987,277216,Straight Outta Compton,8.3395,2015-08-11,7.773,4242
1988,522938,Rambo: Last Blood,11.181,2019-09-18,6.534,4278
1989,9604,Red Heat,8.8878,1988-06-17,6.225,1643
1990,49849,Cowboys & Aliens,10.5097,2011-07-29,5.697,5532
1991,709817,Amidst Boundaries,8.4395,2019-11-22,0.0,0
1992,9471,Charlie's Angels: Full Throttle,9.529,2003-06-25,5.486,3333
1993,37686,Super 8,9.3825,2011-06-09,6.781,7177
1994,8916,Antz,10.0419,1998-10-02,6.192,4801
1995,338803,The Treacherous,9.3636,2015-05-21,6.104,91
1996,26389,From Paris with Love,9.7058,2010-02-04,6.432,2384
1997,146216,RED 2,10.6162,2013-07-18,6.532,4374
1998,19912,The Final Destination,9.7937,2009-08-26,5.6,3972
1999,14324,Virgin Territory,10.2611,2007-12-17,5.0,380
2000,6282,Coyote Ugly,9.3036,2000-07-30,6.257,2300
2001,9889,Shallow Hal,10.8252,2001-11-01,6.184,3211
2002,238636,The Purge: Anarchy,9.3824,2014-07-17,6.618,6771
2003,11954,Lifeforce,9.6316,1985-06-21,6.228,747
2004,369972,First Man,10.2215,2018-10-10,7.042,5732
2005,58574,Sherlock Holmes: A Game of Shadows,9.8661,2011-11-22,7.146,11045
2006,2057,Original Sin,10.2533,2001-05-08,6.145,914
2007,1598785,Milky☆Subway: The Galactic Limited Express - the Movie,9.0842,2026-02-06,8.923,39
2008,115290,Blue Lagoon: The Awakening,9.5701,2012-06-16,6.455,1514
2009,3170,Bambi,9.2725,1942-08-14,7.015,6079
2010,9804,Waterworld,10.6301,1995-07-28,6.242,4154
2011,458723,Us,11.0358,2019-03-14,6.942,8186
2012,68724,Elysium,9.7952,2013-08-07,6.524,9692
2013,9904,The Wild,10.0812,2006-04-06,5.551,1152
2014,696026,Nice Sister-In-Law,10.0803,2019-06-05,8.0,2
2015,34544,The A-Team,11.1446,2010-06-09,6.419,5058
2016,5723,Once,8.3898,2007-03-23,7.425,1477
2017,449443,Den of Thieves,11.3059,2018-01-18,6.871,3460
2018,52449,Bad Teacher,9.8434,2011-05-16,5.609,4993
2019,265208,Wild Card,12.2582,2015-01-14,5.7,1962
2020,215607,Almas,9.33,1936-12-25,5.4,5
2021,277685,Unfriended,10.0249,2014-06-18,5.553,3564
2022,93685,Swingers,8.7562,2002-10-01,5.974,78
2023,1111873,Abigail,9.2201,2024-04-16,6.655,2140
2024,399055,The Shape of Water,10.4908,2017-12-01,7.236,12964
2025,576004,Porno,8.2482,2019-06-28,6.0,427
2026,9543,Prince of Persia: The Sands of Time,9.9887,2010-05-19,6.309,7249
2027,138363,Fotbollskrönikan EM 1992,9.9377,1992-12-01,0.0,0
2028,622,The Ninth Gate,11.0075,1999-08-25,6.495,3398
2029,9705,Swordfish,9.5887,2001-06-08,6.271,3007
2030,1487,Hellboy,9.5035,2004-04-02,6.7,7527
2031,14869,G.I. Joe: The Rise of Cobra,10.6053,2009-08-03,5.788,4972
2032,11153,National Lampoon's Vacation,9.441,1983-07-29,7.105,1771
2033,137104,Fotbollskrönikan EM 2000,9.0968,2000-12-01,0.0,0
2034,1180879,Soul Mates,10.1552,2023-10-20,5.9,14
2035,132232,Mama,9.3302,2013-01-17,6.294,4474
2036,7980,The Lovely Bones,9.7191,2009-12-26,7.056,5015
2037,171085,Escoriandoli,15.4581,1996-09-07,6.8,12
2038,448119,Dolittle,10.0865,2020-01-02,6.575,3925
2039,1213898,Border 2,9.239,2026-01-23,7.419,31
2040,1213898,Border 2,9.239,2026-01-23,7.419,31
2041,95610,Bridget Jones's Baby,9.8985,2016-09-14,6.402,3105
2042,504949,The King,9.6911,2019-10-11,7.158,3609
2043,9522,Wedding Crashers,9.9853,2005-07-13,6.502,4775
2044,397837,Before I Fall,8.1165,2017-03-02,6.964,3561
2045,109424,Captain Phillips,9.1119,2013-10-10,7.542,7594
2046,550205,Wish Dragon,10.5273,2021-01-15,7.84,1530
2047,146889,The Factory,8.7799,2011-09-19,5.979,24
2048,391,A Fistful of Dollars,9.77,1964-09-12,7.821,4781
2049,717852,Cuộc Chiến Với Chằn Tinh,9.3056,2014-01-29,0.0,0
2050,1022796,Wish,10.2108,2023-11-13,6.218,1804
2051,949734,Hādo reipu,9.0934,1987-01-05,0.0,0
2052,592695,Pleasure,9.2806,2021-10-08,6.274,806
2053,1541,Thelma & Louise,9.9604,1991-05-24,7.602,3935
2054,9078,The Sword in the Stone,11.4707,1963-12-25,7.227,4142
2055,1466115,Even If This Love Disappears Tonight,8.3383,2025-12-24,8.46,212
2056,5176,3:10 to Yuma,10.8102,2007-09-06,7.228,4109
2057,913673,Nefarious,9.1173,2023-04-14,6.704,515
2058,888,The Flintstones,9.2773,1994-05-27,5.377,2652
2059,55,Amores Perros,10.9054,2000-06-16,7.645,2967
2060,55,Amores Perros,10.9054,2000-06-16,7.645,2967
2061,9100,The Craft,10.1634,1996-05-03,6.784,2089
2062,73454,X,10.16,2011-11-23,6.401,324
2063,274855,Geostorm,11.101,2017-10-12,6.125,5265
2064,1308767,Young Washington,8.09,2026-07-02,8.186,35
2065,1208348,Rental Family,8.9698,2025-11-20,7.725,948
2066,559969,El Camino: A Breaking Bad Movie,9.8869,2019-10-11,7.047,5735
2067,545609,Extraction,10.7333,2020-04-23,7.289,6700
2068,786,Almost Famous,12.2598,2000-09-15,7.499,3161
2069,479455,Men in Black: International,10.4229,2019-06-12,5.891,5431
2070,1055432,camrip,9.8249,2022-11-30,10.0,1
2071,55779,Final Destination 5,10.3255,2011-08-12,6.2,4157
2072,858017,I Saw the TV Glow,10.4515,2024-05-03,6.16,749
2073,305470,Power Rangers,8.4059,2017-03-23,6.244,4682
2074,10607,Don't Be a Menace to South Central While Drinking Your Juice in the Hood,9.889,1996-01-12,7.1,1545
2075,9476,A Knight's Tale,10.5536,2001-05-11,6.885,3438
2076,522016,The 355,10.9259,2022-01-05,6.0,1163
2077,405671,It's Not the Time of My Life,8.773,2016-10-01,6.154,13
2078,2758,Addams Family Values,8.9791,1993-11-19,6.976,3355
2079,631843,Old,10.9424,2021-07-21,6.323,4963
2080,375588,Robin Hood,10.6856,2018-11-03,5.911,3185
2081,8204,The Spiderwick Chronicles,9.9907,2008-02-14,6.708,2914
2082,10137,Stuart Little,9.199,1999-12-17,6.08,4708
2083,599,Sunset Boulevard,10.4011,1950-08-10,8.3,2976
2084,10661,You Don't Mess with the Zohan,9.2966,2008-06-05,5.7,4120
2085,965150,Aftersun,9.4574,2022-10-21,7.6,1906
2086,10911,The Guns of Navarone,8.8755,1961-04-27,7.294,885
2087,313534,New Dubai,10.1969,2014-10-23,6.167,12
2088,27581,The Other Guys,10.4016,2010-08-06,6.333,4635
2089,868937,Elephants In The City,9.6052,2021-09-01,0.0,0
2090,8845,Under Siege,10.3458,1992-10-08,6.311,1768
2091,62213,Dark Shadows,9.5591,2012-05-09,6.106,7670
2092,87428,That's My Boy,11.4157,2012-06-14,5.8,2172
2093,513310,Boss Level,10.3069,2021-02-19,6.9,1970
2094,15,Citizen Kane,10.5953,1941-04-17,7.967,6132
2095,2019,Hard Target,10.0715,1993-04-27,6.505,1370
2096,1484913,Ikka,8.8323,2026-07-10,5.5,15
2097,456327,The Last Mountain Pass,8.5527,1971-07-18,1.0,2
2098,1353926,Keep Real,9.662,2026-07-03,1.8,2
2099,37169,The Human Centipede (First Sequence),10.1059,2009-10-31,5.181,2437
2100,37169,The Human Centipede (First Sequence),10.1059,2009-10-31,5.181,2437
2101,1061699,The Six Triple Eight,9.5603,2024-12-06,7.557,702
2102,1140535,Presence,9.5206,2025-01-17,6.107,777
2103,1299655,Blue Moon,8.691,2025-10-17,6.623,305
2104,1560681,Colors of Evil: Black,8.9434,2026-06-10,6.899,139
2105,212261,Fotbollskrönikan EM 2012,9.0581,2012-08-05,0.0,0
2106,9603,Clueless,10.5629,1995-07-19,7.249,4857
2107,134,"O Brother, Where Art Thou?",9.5962,2000-08-30,7.325,4678
2108,36669,Die Another Day,9.756,2002-11-17,6.0,3942
2109,794,The Omen,9.1421,1976-06-25,7.403,2447
2110,376659,Bad Moms,10.4802,2016-07-28,6.483,4293
2111,7340,Carrie,8.8174,1976-11-03,7.335,4368
2112,34584,The NeverEnding Story,9.3223,1984-04-06,7.225,4439
2113,196,Back to the Future Part III,10.852,1990-05-25,7.5,11663
2114,223702,Sausage Party,10.2357,2016-07-11,5.753,7779
2115,340933,Agontimé,8.3089,2019-01-01,0.0,0
2116,9374,Death Becomes Her,8.5339,1992-07-30,6.781,3014
2117,1248832,Digger,10.3141,2026-09-30,0.0,0
2118,1014590,Upgraded,9.2863,2024-02-07,7.186,1039
2119,239,Some Like It Hot,9.4838,1959-03-19,8.077,3940
2120,620249,The Legend of Hei,10.1556,2019-08-27,8.37,523
2121,11220,Fallen Angels,9.1799,1995-09-06,7.7,1334
2122,1423191,Resident Evil,9.8181,2026-09-16,0.0,0
2123,1083433,I Know What You Did Last Summer,9.3011,2025-07-16,5.643,833
2124,929,Godzilla,9.3771,1998-05-20,5.7,4293
2125,810693,Jujutsu Kaisen 0,9.4319,2021-12-24,8.103,1797
2126,1029529,Powerless King,9.0069,1981-08-29,6.5,2
2127,1090596,Bravehearts,8.8759,2023-04-01,0.0,0
2128,392301,"Adéu, Barcelona",8.5044,2016-05-27,0.0,0
2129,9946,End of Days,9.8762,1999-11-24,6.1,2103
2130,53064,Midori,9.2676,1992-05-02,6.0,174
2131,1400940,Clayface,8.8229,2026-10-21,0.0,0
2132,724495,The Woman King,9.8504,2022-09-16,7.574,2401
2133,352549,Coração Azul,8.5718,2015-01-01,0.0,0
2134,9645,Ghost Ship,10.1083,2002-10-25,6.004,2715
2135,619,The Bodyguard,9.9503,1992-11-25,6.701,3295
2136,3082,Modern Times,10.2002,1936-02-05,8.281,4131
2137,166424,Fantastic Four,9.9924,2015-08-05,4.436,6474
2138,60304,Hansel & Gretel: Witch Hunters,9.7588,2013-01-17,6.107,7169
2139,795,City of Angels,9.1342,1998-04-10,6.8,2394
2140,33217,Diary of a Wimpy Kid,9.741,2010-03-19,6.287,1796
2141,1511675,Kingdom 5: The Clash of Souls,9.4441,2026-07-17,8.0,1
2142,9489,You've Got Mail,8.3463,1998-12-18,6.709,3693
2143,20504,The Book of Eli,10.4837,2010-01-14,6.805,6786
2144,239563,St. Vincent,9.8214,2014-10-09,7.133,2101
2145,401981,Red Sparrow,11.133,2018-02-28,6.534,6411
2146,13187,A Charlie Brown Christmas,9.1153,1965-12-09,7.682,792
2147,570595,Russian Nymphet: Temptation,10.2527,2004-11-28,5.6,27
2148,11774,Lemony Snicket's A Series of Unfortunate Events,8.9081,2004-12-16,6.823,5344
2149,796185,The Three Musketeers: D'Artagnan,10.0588,2023-04-05,6.916,1434
2150,363676,Sully,10.2337,2016-09-07,7.204,7791
2151,1688652,Gary,8.7214,2026-05-05,6.481,53
2152,9390,Jerry Maguire,9.8739,1996-12-13,7.0,3797
2153,927254,The Twits,9.7545,2025-10-17,5.88,117
2154,107827,Dreams Of Eroticism,8.159,1977-11-18,4.643,7
2155,710295,Wolf Man,8.0354,2025-01-15,6.154,1022
2156,341013,Atomic Blonde,9.6571,2017-07-26,6.437,6699
2157,585511,Luck,10.9603,2022-08-05,7.765,2061
2158,2698,Evan Almighty,10.5157,2007-06-09,5.588,4615
2159,1180831,Troll 2,8.8911,2025-11-30,6.362,508
2160,212259,Fotbollskrönikan EM 1988,9.0429,1988-08-05,0.0,0
2161,10515,Castle in the Sky,9.5153,1986-08-02,8.0,4735
2162,263472,Knock Knock,10.4202,2015-06-26,5.387,3534
2163,1379963,Tell Me Softly,10.0606,2025-12-11,6.2,195
2164,693,Meet the Fockers,9.1396,2004-12-22,6.254,5235
2165,536554,M3GAN,10.3441,2022-12-28,7.018,4915
2166,673593,Mean Girls,11.8206,2024-01-10,5.87,745
2167,227159,Horrible Bosses 2,8.7864,2014-11-12,6.18,4440
2168,87818,Movie 43,9.7575,2013-01-24,4.661,2535
2169,894753,Narrow Nambul,9.1693,2020-01-01,5.0,1
2170,9444,Anastasia,8.6736,1997-11-20,7.606,5657
2171,14128,Cinderella II: Dreams Come True,9.6728,2002-02-23,6.123,1547
2172,85877,The 33D Invader,9.3699,2011-10-06,5.7,32
2173,51739,The Secret World of Arrietty,9.7024,2010-07-16,7.673,3227
2174,69,Walk the Line,9.7499,2005-09-13,7.502,3174
2175,59440,Warrior,9.692,2011-09-09,7.84,5081
2176,10184,He's Just Not That Into You,10.3895,2009-02-06,6.625,4084
2177,295400,Cain's Children,8.4736,2014-09-23,9.3,3
2178,45032,Maslin Beach,9.9521,1997-01-01,4.286,7
2179,75174,The Grey,10.2794,2012-01-26,6.576,4189
2180,75174,The Grey,10.2794,2012-01-26,6.576,4189
2181,395992,Life,9.9715,2017-03-22,6.46,8016
2182,449562,The Hustle,10.6493,2019-05-09,6.188,2724
2183,1038918,Magistrate Woman Prison Collection II,7.7932,1995-09-21,6.0,1
2184,945729,A Haunting in Venice,7.8568,2023-09-13,6.563,2909
2185,1727739,Leader,8.7706,1990-09-07,0.0,0
2186,72570,The Vow,9.7433,2012-02-05,7.225,4287
2187,11130,The Princess Diaries 2: Royal Engagement,10.4659,2004-08-06,6.713,3434
2188,204082,Homefront,10.0525,2013-11-12,6.949,3906
2189,1274706,The Marked Woman,8.928,2026-06-05,5.567,112
2190,1948,Crank,9.9154,2006-08-31,6.667,4288
2191,280092,Insidious: Chapter 3,11.0088,2015-05-28,6.285,3670
2192,59859,Kick-Ass 2,10.2906,2013-07-17,6.403,6650
2193,522417,Scorpion King: Book of Souls,9.7042,2018-10-23,5.868,319
2194,858,Sleepless in Seattle,7.9844,1993-06-24,6.746,2626
2195,1071215,Thanksgiving,8.4138,2023-11-16,6.47,1626
2196,1493123,Killhouse,8.5942,2026-04-23,7.0,12
2197,621304,Children of Blood and Bone,8.93,2027-01-13,0.0,0
2198,417555,Intolerância.doc,7.9831,2016-10-06,6.0,4
2199,68737,Seventh Son,10.4127,2014-12-12,5.528,2682
2200,12429,Ponyo,10.1166,2008-07-19,7.763,4890
2201,1061378,Better Him Than Me,8.5177,2022-12-12,0.0,0
2202,1409389,Dirty Pilgrimage to the West: Broken Volume,8.4385,1988-09-10,6.0,1
2203,256274,"As Above, So Below",9.3406,2014-08-14,6.749,3918
2204,181283,Child 44,10.318,2015-03-15,6.281,1841
2205,542178,"The French Dispatch of the Liberty, Kansas Evening Sun",9.9882,2021-10-21,7.008,3036
2206,50544,Friends with Benefits,9.687,2011-07-21,6.643,8457
2207,1155281,Creation of the Gods II: Demon Force,8.5204,2025-01-29,6.5,134
2208,21542,Love Don't Co$t a Thing,9.1754,2003-12-12,7.671,721
2209,257445,Goosebumps,9.3691,2015-08-05,6.313,4021
2210,1481390,Curious Tales of a Temple,7.1242,2025-07-12,7.615,13
2211,6978,Big Trouble in Little China,9.0934,1986-05-30,7.215,3426
2212,651102,The Purple Horizon,9.2759,1971-08-06,6.0,1
2213,856289,Creation of the Gods I: Kingdom of Storms,9.0088,2023-07-15,7.074,485
2214,168672,American Hustle,9.0307,2013-12-03,6.854,7829
2215,2268,The Golden Compass,9.1389,2007-12-04,6.084,4886
2216,88486,Queens of Evil,7.0192,1970-12-11,5.8,18
2217,274167,Daddy's Home,10.4675,2015-12-25,6.293,3475
2218,1226299,Dilig,8.3809,2024-01-30,4.222,9
2219,10796,The One,9.8811,2001-11-02,6.136,1776
2220,58595,Snow White and the Huntsman,10.2338,2012-05-30,5.986,8297
2221,314365,Spotlight,10.0725,2015-11-06,7.811,8877
2222,28468,The Key,10.6812,1983-10-19,6.0,450
2223,37834,Knight and Day,9.5794,2010-06-15,6.239,4972
2224,334541,Manchester by the Sea,9.681,2016-11-17,7.552,6477
2225,484641,Anna,9.9585,2019-06-19,6.719,3043
2226,280217,The Lego Movie 2: The Second Part,9.696,2019-02-06,6.655,2467
2227,117,The Untouchables,10.6976,1987-06-03,7.756,6247
2228,843271,French Film,9.0574,,0.0,0
2229,714,Tomorrow Never Dies,8.875,1997-12-11,6.384,3499
2230,9453,Caligula,9.2245,1979-08-14,6.0,994
2231,13161,Big Stan,9.4208,2007-11-03,6.641,1077
2232,4032,My Girl,8.7372,1991-11-27,7.421,2335
2233,799876,The Outfit,8.7371,2022-02-25,7.096,1406
2234,356305,Why Him?,10.3038,2016-12-22,6.385,4448
2235,1290159,A House of Dynamite,8.7051,2025-10-02,6.405,1327
2236,30421,A Chinese Ghost Story,9.4238,1987-07-18,7.304,342
2237,223319,Lucky Sky Diamond,9.5523,1989-03-11,4.1,10
2238,9361,The Last of the Mohicans,10.1122,1992-08-26,7.387,3487
2239,1517868,Maddie's Secret,8.0445,2026-06-19,5.0,4
2240,276907,Legend,9.2889,2015-09-09,7.05,4340
2241,739405,Operation Fortune: Ruse de Guerre,9.2661,2023-01-04,6.466,2003
2242,850439,The Damned,9.9378,2025-01-03,5.833,204
2243,10950,I Am Sam,9.1099,2001-12-28,7.568,2536
2244,1299652,Watchmen: Chapter II,9.0179,2024-11-25,7.331,180
2245,68735,Warcraft,9.9735,2016-05-25,6.409,7362
2246,755566,Day Shift,10.6059,2022-08-05,6.734,2244
2247,338766,Hell or High Water,8.9353,2016-08-11,7.305,4933
2248,503736,Army of the Dead,9.1612,2021-05-14,6.193,4478
2249,555604,Guillermo del Toro's Pinocchio,8.5556,2022-11-09,8.003,3409
2250,1403735,Laila,8.3232,2025-02-14,5.25,8
2251,1103,Escape from New York,8.2202,1981-05-23,7.048,3573
2252,261023,Black Mass,9.7974,2015-09-17,6.525,3632
2253,9032,Big Daddy,9.7573,1999-06-25,6.488,3601
2254,1633263,Wonderful Nightmare,8.827,2026-04-04,7.8,19
2255,1654,The Dirty Dozen,8.7415,1967-06-15,7.6,1345
2256,8065,21,9.2422,2008-03-27,6.693,5094
2257,1830,Lord of War,10.0646,2005-09-16,7.348,5438
2258,16320,Serenity,9.4053,2005-09-25,7.361,3934
2259,315011,Shin Godzilla,8.7846,2016-07-29,7.2,1606
2260,506574,Descendants 3,9.879,2019-08-02,7.68,1640
2261,501170,Doctor Sleep,10.2516,2019-10-30,7.146,4975
2262,125509,Wrong Turn 5: Bloodlines,9.9788,2012-10-18,5.48,1062
2263,53848,Ida regénye,8.473,1934-03-15,7.0,1
2264,254470,Pitch Perfect 2,11.5288,2015-05-07,6.84,5553
2265,138103,The Expendables 3,10.3899,2014-08-07,6.2,5401
2266,449176,"Love, Simon",9.6418,2018-02-16,7.968,6295
2267,116711,Epic,9.4634,2013-05-15,6.566,2977
2268,8202,Æon Flux,8.812,2005-11-30,5.64,2492
2269,1412598,Killer Whale,9.7149,2026-01-16,5.436,125
2270,1241470,Osiris,8.8345,2025-07-25,6.115,287
2271,49049,Dredd,9.0334,2012-09-07,6.859,5628
2272,804,Roman Holiday,11.0821,1953-08-26,7.9,2300
2273,491418,Instant Family,10.3386,2018-11-13,7.491,3273
2274,299687,The 5th Wave,10.534,2016-01-14,5.936,6093
2275,1263256,Happy Gilmore 2,8.8425,2025-07-25,6.517,1018
2276,172226,In Secret,8.5275,2014-02-21,6.12,258
2277,6145,Fracture,7.8187,2007-04-19,7.262,4400
2278,10775,Infernal Affairs,8.3633,2002-12-12,7.8,1891
2279,287604,Temperate Zone,7.962,1970-08-18,9.0,1
2280,660120,The Worst Person in the World,9.8688,2021-10-13,7.4,1899
2281,50727,The Servant,8.8738,2010-06-02,5.671,41
2282,302699,Central Intelligence,9.3947,2016-06-15,6.419,6424
2283,11665,Get Smart,11.2311,2008-06-19,6.216,3937
2284,1244492,Look Back,9.4392,2024-06-28,8.183,619
2285,1015154,Fireflies at El Mozote,8.6041,2025-12-11,8.5,2
2286,982843,The Great Flood,8.9774,2025-09-18,5.991,741
2287,417320,Descendants 2,10.348,2017-07-21,7.373,1804
2288,207932,Inferno,9.6882,2016-10-13,6.1,6714
2289,762975,Purple Hearts,9.2769,2022-07-29,8.041,2909
2290,1290432,A Private Life,8.8604,2025-09-27,5.512,243
2291,308624,The Story of Ong-nyeo,8.7086,2014-08-21,5.5,6
2292,13387,Transporter 3,8.7239,2008-11-26,6.171,3728
2293,16871,Drag Me to Hell,9.8697,2009-05-27,6.486,4165
2294,13486,The Scorpion King 2: Rise of a Warrior,9.1546,2008-07-19,4.758,637
2295,10771,The Tuxedo,10.1571,2002-09-27,5.736,2204
2296,818,Austin Powers in Goldmember,8.9322,2002-07-26,6.025,3485
2297,3021,1408,10.013,2007-06-22,6.692,4978
2298,438799,Overlord,8.4371,2018-11-01,6.734,3183
2299,137138,Fotbollskrönikan EM 2004,8.5791,2004-12-01,0.0,0
2300,438799,Overlord,8.4371,2018-11-01,6.734,3183
2301,137138,Fotbollskrönikan EM 2004,8.5791,2004-12-01,0.0,0
2302,378236,The Emoji Movie,9.9229,2017-07-23,5.4,3356
2303,5925,The Great Escape,9.0715,1963-07-03,7.928,2891
2304,2770,American Pie 2,9.9011,2001-08-10,6.265,5392
2305,138332,Fotbollskrönikan EM 2008,8.5267,2008-12-01,0.0,0
2306,1567605,Ebenezer,8.6681,2026-11-11,0.0,0
2307,581392,Peninsula,10.1081,2020-07-15,6.71,2622
2308,82654,Warm Bodies,9.6119,2013-01-31,6.474,6443
2309,91586,Insidious: Chapter 2,9.2564,2013-09-12,6.683,4644
2310,327835,La collegiale,11.6018,1975-01-01,4.6,9
2311,7459,Speed Racer,9.6702,2008-05-07,6.373,1815
2312,62835,Colombiana,9.7375,2011-07-27,6.647,2913
2313,244,King Kong,9.2378,1933-04-07,7.589,1635
2314,52462,The Pet,8.6057,2006-05-17,4.5,31
2315,12437,Underworld: Rise of the Lycans,8.3796,2009-01-22,6.54,3997
2316,11551,Small Soldiers,8.8014,1998-07-10,6.557,2369
2317,499546,We,8.475,2018-07-12,5.387,119
2318,1595481,Kidnapped: Elizabeth Smart,8.794,2026-01-20,7.259,106
2319,9312,Mortal Kombat,9.5396,1995-08-18,5.916,2619
2320,49524,R.I.P.D.,9.5236,2013-07-18,5.861,4338
2321,180299,The Raid 2,8.0046,2014-03-27,7.609,2639
2322,9869,Patriot Games,9.0896,1992-06-04,6.682,1851
2323,297270,Tinker Bell and the Legend of the NeverBeast,10.3029,2014-12-12,7.39,1214
2324,306215,Mr. Plant,7.7019,2014-11-04,6.0,3
2325,428078,Mortal Engines,9.8009,2018-11-27,6.25,5257
2326,454467,Noelle,7.5483,2019-11-12,6.566,758
2327,560016,Monkey Man,10.2874,2024-04-03,6.856,1462
2328,284,The Apartment,9.7136,1960-06-21,8.189,2714
2329,399402,Hunter Killer,10.3281,2018-10-19,6.91,2448
2330,4995,Boogie Nights,9.1006,1997-10-07,7.638,3628
2331,296098,Bridge of Spies,9.8914,2015-10-15,7.244,7347
2332,508439,Onward,11.0174,2020-02-29,7.637,6646
2333,1476292,Kalakal,9.2836,2025-06-13,6.7,9
2334,1410937,Balan - The Boy,9.9865,2026-06-19,8.1,7
2335,344980,Ília,7.7015,2014-12-08,0.0,0
2336,371482,Reflections,7.9165,2007-01-01,0.0,0
2337,37430,Conan the Barbarian,8.4809,2011-08-17,5.309,2043
2338,8960,Hancock,8.9814,2008-07-01,6.357,10363
2339,228967,The Interview,10.1324,2014-12-25,6.184,6301
2340,228967,The Interview,10.1324,2014-12-25,6.184,6301
2341,3050,Doctor Dolittle,7.7117,1998-06-26,5.727,3329
2342,35019,Nanny McPhee and the Big Bang,9.3382,2010-03-26,6.326,1972
2343,443791,Underwater,9.7383,2020-01-08,6.287,3543
2344,522931,Hitman's Wife's Bodyguard,9.3553,2021-06-14,6.633,2643
2345,440546,Tékasztorik,7.8105,2017-02-11,4.8,5
2346,8922,Jeepers Creepers,10.2177,2001-07-01,6.486,3354
2347,846422,The Old Guard 2,9.7428,2025-07-01,5.898,1010
2348,9539,Martyrs,9.5773,2008-06-12,7.3,3077
2349,1992,Planet Terror,9.3746,2007-04-06,6.692,3907
2350,16866,Planet 51,8.7332,2009-11-19,5.913,2199
2351,146,"Crouching Tiger, Hidden Dragon",9.5259,2000-07-06,7.436,3636
2352,990412,Under the Influence,7.6576,2022-09-17,0.0,0
2353,643686,Vondo,8.241,1998-05-15,7.0,2
2354,423204,Angel Has Fallen,9.6875,2019-08-21,6.606,3932
2355,462,Erin Brockovich,7.6801,2000-03-17,7.428,3697
2356,9517,Bully,9.4235,2001-06-15,6.682,562
2357,1155828,Sing Sing,9.2802,2024-07-12,7.394,372
2358,745048,The Mummy,8.4262,2014-11-22,0.0,0
2359,668489,Havoc,9.2193,2025-04-25,6.385,1290
2360,1391,Y Tu Mamá También,8.6564,2001-06-08,7.437,1785
2361,1151039,Nonnas,8.921,2025-05-01,6.774,521
2362,334,Magnolia,8.7959,1999-12-17,7.721,4078
2363,1401778,Turbulence,9.0582,2025-11-26,6.5,157
2364,332562,A Star Is Born,9.5248,2018-10-03,7.492,12297
2365,10805,Staying Alive,9.0073,1983-07-11,5.8,508
2366,381283,mother!,9.731,2017-09-13,6.952,7181
2367,868759,Ghosted,9.4118,2023-04-18,6.871,2230
2368,212915,The Game of Love,8.2441,1935-11-09,8.0,2
2369,2604,Born on the Fourth of July,9.3847,1989-12-20,7.003,1915
2370,1265344,Swiped,8.4836,2025-09-09,6.597,180
2371,10439,Hocus Pocus,10.3854,1993-07-16,7.039,3339
2372,1267905,The Roses,9.5536,2025-08-27,6.7,732
2373,1225572,Screamboat,8.5479,2025-03-20,5.053,141
2374,1424965,Ice Skater,8.4987,2026-08-20,0.0,0
2375,385128,F9,9.4256,2021-05-19,6.99,7784
2376,1495694,Beauty from Pain,8.9454,2025-12-18,6.974,19
2377,9411,Fallen,8.8587,1998-01-16,6.809,1643
2378,6795,Zathura: A Space Adventure,9.4581,2005-11-06,6.451,3650
2379,1211677,La nota,6.1495,2023-10-09,8.0,1
2380,75258,Secret of the Wings,9.3608,2012-08-17,7.265,1389
2381,1206617,The Best Christmas Pageant Ever,8.5112,2024-11-07,6.846,133
2382,698508,Redeeming Love,9.2799,2022-01-21,7.866,768
2383,20662,Robin Hood,9.6471,2010-05-12,6.401,5079
2384,948549,Love Lies Bleeding,7.3176,2024-03-07,6.547,991
2385,7326,Juno,8.6978,2007-12-05,7.063,7718
2386,13122,The People Under the Stairs,8.8239,1991-11-01,6.543,778
2387,1590846,V. Shantaram,8.3674,2026-11-18,0.0,0
2388,1440304,Mauvaise Pioche,8.4947,2026-04-01,6.294,17
2389,537996,The Ballad of Buster Scruggs,8.6573,2018-11-09,7.132,4488
2390,36643,The World Is Not Enough,9.4561,1999-11-17,6.292,3319
2391,1497970,Tom and Jerry: Forbidden Compass,8.4073,2025-08-02,6.5,52
2392,92060,Michael Jackson's Thriller,8.5701,1983-11-21,8.262,780
2393,9833,The Phantom of the Opera,8.4682,2004-12-08,7.272,1799
2394,2330,Taxi,8.5316,1998-04-08,6.7,2765
2395,9679,Gone in Sixty Seconds,10.2914,2000-06-09,6.474,4957
2396,936653,Nina & Emma,8.9834,2023-04-12,3.5,2
2397,1263337,Heart of the Beast,8.2027,2026-09-23,0.0,0
2398,8920,Garfield,9.1123,2004-06-10,5.729,4286
2399,22832,Ninja Assassin,9.0734,2009-09-29,6.739,1833
2400,8920,Garfield,9.1123,2004-06-10,5.729,4286
2401,22832,Ninja Assassin,9.0734,2009-09-29,6.739,1833
2402,657,From Russia with Love,9.6269,1963-10-10,7.063,3421
2403,31439,To Live,8.3054,1994-05-18,8.1,384
2404,617653,The Last Duel,9.4854,2021-10-13,7.4,3923
2405,11397,Not Another Teen Movie,8.6538,2001-12-07,5.82,2336
2406,94329,The Raid,9.257,2012-03-22,7.408,3953
2407,9772,Air Force One,9.1214,1997-07-25,6.467,3370
2408,700186,Mom's Friend 5,8.1187,2018-08-24,5.0,2
2409,447541,Hunting for Englishmen,7.5407,2006-11-30,6.0,1
2410,11881,Miracle on 34th Street,9.9649,1947-06-04,7.358,858
2411,869,Planet of the Apes,8.9833,2001-07-26,5.776,4482
2412,10802,Showgirls,8.6109,1995-09-22,5.567,1412
2413,1155818,Satluj,7.671,2026-07-03,7.6,18
2414,70345,Sssssss,8.7115,1973-07-06,5.143,112
2415,2046,The Gift,8.931,2000-12-22,6.486,1414
2416,433808,The Ritual,10.3653,2017-10-11,6.295,3510
2417,23398,Alvin and the Chipmunks: The Squeakquel,8.8283,2009-12-21,5.659,3158
2418,337170,American Made,9.0894,2017-08-18,6.9,5056
2419,1213,The Talented Mr. Ripley,8.7524,1999-12-25,7.195,4207
2420,1729,The Forbidden Kingdom,8.655,2008-04-17,6.639,1954
2421,8963,Crimson Tide,9.6691,1995-05-12,7.183,2028
2422,11283,Nanny McPhee,9.2719,2005-10-21,6.69,3255
2423,345938,The Shack,10.0655,2017-03-02,7.509,2271
2424,51540,Horrible Bosses,8.3662,2011-07-08,6.575,6881
2425,583,Life of Brian,9.0219,1979-08-17,7.761,4997
2426,12162,The Hurt Locker,9.9102,2008-10-10,7.253,6266
2427,854804,Movida,7.2379,2020-06-25,0.0,0
2428,317442,The Last: Naruto the Movie,8.3092,2014-12-06,7.474,2409
2429,1597,Meet the Parents,8.2684,2000-10-06,6.701,6478
2430,796,Cruel Intentions,9.1942,1999-03-05,6.819,3636
2431,49040,The Bourne Legacy,9.0675,2012-08-08,6.253,6205
2432,1542643,Second Sister,6.9942,2025-12-17,5.333,3
2433,984,Dirty Harry,9.1795,1971-12-23,7.5,2789
2434,615121,The Thomas Crown Affair,8.3892,2027-03-04,0.0,0
2435,744857,When Evil Lurks,8.4685,2023-10-05,7.154,1507
2436,576845,Last Night in Soho,8.7938,2021-10-21,7.266,3940
2437,9879,Striptease,8.3897,1996-06-28,5.561,1194
2438,941294,Made in Heaven,8.2893,2022-02-18,0.0,0
2439,22059,The Fantastic Four,7.999,1994-05-31,4.375,228
2440,274854,The Last Witch Hunter,9.3612,2015-10-21,6.018,3888
2441,261296,Rosewood Cane,7.7555,1940-11-25,8.0,2
2442,1576,Resident Evil,8.4969,2002-03-15,6.668,7047
2443,1511417,Bāhubali: The Epic,8.3748,2025-10-29,6.3,40
2444,1422227,Aşk Sadece Bir An,7.7687,2025-02-14,6.6,12
2445,36239,Slaughtered Vomit Dolls,8.039,2006-02-14,3.9,117
2446,1148365,Matchbox: The Movie,8.7263,2026-10-08,0.0,0
2447,25195,Leap Year,9.1581,2010-01-08,6.898,2189
2448,1426306,Titan: The OceanGate Submersible Disaster,8.3268,2025-06-06,7.067,186
2449,355547,The Star,9.9628,2017-11-15,6.472,617
2450,9567,Tears of the Sun,8.8686,2003-03-07,6.894,2669
2451,2277,Bicentennial Man,8.1413,1999-12-17,7.27,3983
2452,539681,DC League of Super-Pets,9.8448,2022-07-27,7.151,1756
2453,677213,Aama,8.8143,2020-02-21,0.0,0
2454,928358,Grand Jete,7.7443,2022-09-20,4.875,48
2455,136797,Need for Speed,8.5065,2014-03-12,6.44,4756
2456,1268,Mr. Bean's Holiday,9.3617,2007-03-22,6.395,3171
2457,9753,Three,8.5374,2005-11-16,5.576,298
2458,1620,Hitman,8.3418,2007-11-21,6.168,3707
2459,328523,The Prosecution,7.7875,1996-03-03,8.5,2
2460,488623,Forgotten,7.9783,2017-11-29,7.88,1360
2461,254981,Tolerância,8.0956,2000-10-01,5.158,19
2462,11932,Bride of Chucky,9.5262,1998-10-15,6.1,2138
2463,456740,Hellboy,9.1278,2019-04-10,5.576,3754
2464,1235746,Dead of Winter,8.253,2025-09-23,6.371,418
2465,222936,Aloha,7.7937,2015-05-29,5.514,2175
2466,367056,"Blow, Wind!",8.3221,1973-09-01,4.0,3
2467,481084,The Addams Family,8.5362,2019-10-10,6.599,2516
2468,9353,Nacho Libre,9.6434,2006-06-16,6.535,1895
2469,1186532,The Forge,9.2225,2024-08-22,8.191,351
2470,4488,Friday the 13th,9.0814,1980-05-09,6.401,3401
2471,613,Downfall,9.7539,2004-09-16,7.862,4387
2472,87502,Flight,8.2531,2012-02-22,6.864,6519
2473,1300968,The Hunger Games: Sunrise on the Reaping,8.5109,2026-11-18,0.0,0
2474,47933,Independence Day: Resurgence,9.8426,2016-06-22,5.368,6542
2475,4858,The Invasion,8.3633,2007-08-17,6.054,1762
2476,758323,The Pope's Exorcist,8.901,2023-04-05,6.92,3226
2477,347375,Mile 22,10.0086,2018-08-16,6.266,2480
2478,233651,Sex Rider: Wet Highway,7.6986,1971-12-29,4.9,13
2479,269495,No Thank You,8.427,2014-01-10,4.5,15
2480,571,The Birds,8.9217,1963-03-28,7.51,4520
2481,39538,Contagion,9.573,2011-09-08,6.651,6622
2482,257679,Dead Landscape,7.7642,1972-04-06,6.667,6
2483,49948,Fantasia 2000,10.4144,2000-01-01,6.973,1383
2484,5528,The Chorus,8.5895,2004-03-17,7.741,2631
2485,1734261,Kampung Kolestrol,6.4227,2021-01-01,0.0,0
2486,10327,"Legally Blonde 2: Red, White & Blonde",8.8537,2003-07-02,5.717,1776
2487,187349,Dong Cunrui,8.2944,1955-01-30,5.0,8
2488,460555,Operation Red Sea,6.9947,2018-02-16,7.385,439
2489,290595,The Huntsman: Winter's War,9.6989,2016-04-06,6.295,5083
2490,339692,Shot Caller,8.8099,2017-07-07,6.965,2263
2491,41498,One Piece Film: Strong World,9.7964,2009-12-12,7.434,402
2492,805,Rosemary's Baby,9.2373,1968-06-12,7.816,4431
2493,364689,Ferdinand,9.0586,2017-12-09,7.213,3128
2494,1401586,Sonic the Hedgehog 4,8.7836,2027-03-11,0.0,0
2495,122126,The Concubine,8.2886,2012-06-06,5.816,114
2496,816,Austin Powers: International Man of Mystery,8.5827,1997-05-02,6.598,3856
2497,838209,Exhuma,9.1682,2024-02-22,7.649,763
2498,482766,Abel in America,7.4123,1998-02-05,10.0,1
2499,8329,[REC],8.3199,2007-11-23,7.238,4945
2500,482766,Abel in America,7.4123,1998-02-05,10.0,1
2501,8329,[REC],8.3199,2007-11-23,7.238,4945
2502,10140,The Chronicles of Narnia: The Voyage of the Dawn Treader,9.7352,2010-12-02,6.442,5958
2503,503,Poseidon,8.2445,2006-05-03,5.9,2364
2504,15196,Clue,8.6679,1985-12-13,7.207,2003
2505,4349,The Kingdom,7.1433,2007-08-22,6.744,1858
2506,399174,Isle of Dogs,10.8761,2018-03-23,7.846,5487
2507,935,Dr. Strangelove or: How I Learned to Stop Worrying and Love the Bomb,9.0951,1964-01-29,8.119,6235
2508,1023922,MaXXXine,8.123,2024-07-04,6.276,1564
2509,8645,The Happening,9.6142,2008-06-11,5.406,4022
2510,472501,"Monday, Wednesday, Friday",7.6878,2012-05-23,0.0,0
2511,1443961,Rao Bahadur,8.5042,2026-07-02,6.5,4
2512,9257,S.W.A.T.,7.9792,2003-08-08,6.16,2751
2513,1483525,Possible Love,7.1558,2026-09-23,0.0,0
2514,338967,Zombieland: Double Tap,9.8111,2019-10-09,6.894,6357
2515,1049471,Outcome,9.0396,2026-04-06,5.411,236
2516,82703,Mr. Peabody & Sherman,8.1965,2014-02-07,6.739,2576
2517,458897,Charlie's Angels,9.3033,2019-11-14,6.371,3184
2518,901,City Lights,8.7174,1931-02-06,8.248,2494
2519,134374,Pain & Gain,9.2873,2013-04-18,6.291,4862
2520,1498047,Abuela tremenda,8.0266,2026-01-01,6.707,29
2521,238713,Spy,9.015,2015-05-06,6.8,6466
2522,190292,Sevil,8.3453,1929-09-03,5.833,6
2523,10866,Joy Ride,8.9704,2001-10-05,6.546,1388
2524,9291,The Longest Yard,9.4496,2005-05-27,6.68,3738
2525,1547,The Lost Boys,9.0549,1987-07-31,7.11,2343
2526,28339,Hard to Die,8.5173,1990-10-09,6.058,69
2527,824,Moulin Rouge!,9.2256,2001-05-18,7.5,4895
2528,959894,Pallichattambi,7.7419,2026-04-15,4.7,3
2529,1126166,Flight Risk,9.2903,2025-01-22,5.915,1195
2530,27154,Happy End,8.4899,1999-12-11,6.564,78
2531,1233575,Black Bag,10.8611,2025-03-12,6.368,1303
2532,438864,Pega Ladrão,7.683,1957-06-06,7.0,1
2533,1140521,The Magic Faraway Tree,8.9722,2026-03-26,6.2,53
2534,473679,Abel Sánchez,8.32,1947-03-10,10.0,1
2535,9619,Dante's Peak,9.4514,1997-02-07,6.252,2130
2536,773543,Fib the Truth,8.4219,2021-09-09,5.769,93
2537,12139,Dennis the Menace,8.082,1993-06-09,5.886,1618
2538,4476,Legends of the Fall,8.2153,1994-12-23,7.397,2904
2539,550776,Believe Me: The Abduction of Lisa McVey,8.1773,2018-09-30,8.006,696
2540,1246,Rocky Balboa,9.3336,2006-12-20,6.886,3860
2541,10376,The Legend of 1900,8.0616,1998-10-28,8.244,2470
2542,897087,Freelance,7.9913,2023-10-05,6.395,1190
2543,9316,Ong-Bak,8.3545,2003-01-31,7.161,1931
2544,13700,Home on the Range,7.267,2004-04-02,6.068,2189
2545,1003581,Justice League: Warworld,8.4599,2023-07-25,6.718,307
2546,108258,The Great Mom Swap,9.5281,1995-09-23,6.8,5
2547,820067,The Quintessential Quintuplets Movie,8.7333,2022-05-20,8.3,447
2548,1314829,Monkey’s Magic Merry Go Round,7.199,2026-05-14,5.5,2
2549,204208,Otar's Widow,7.7224,1957-07-06,5.4,8
2550,109414,This Is the End,8.8855,2013-06-12,6.231,6934
2551,485681,Bécassine,7.8375,1940-09-03,6.0,2
2552,38321,Priest,9.0681,2011-05-05,5.893,2582
2553,3597,I Know What You Did Last Summer,8.6794,1997-10-17,6.005,3331
2554,253412,Everest,8.5661,2015-09-10,6.826,5291
2555,23629,Sucker Punch,9.0043,2011-03-24,6.203,5153
2556,1083420,Adulthood,7.4391,2025-09-19,5.97,99
2557,1493,Miss Congeniality,8.303,2000-12-22,6.529,4281
2558,9399,Lionheart,8.4578,1990-06-07,6.6,1184
2559,1049443,Dead Flies,7.521,2023-03-25,0.0,0
2560,23629,Sucker Punch,9.0043,2011-03-24,6.203,5153
2561,1083420,Adulthood,7.4391,2025-09-19,5.97,99
2562,1493,Miss Congeniality,8.303,2000-12-22,6.529,4281
2563,9399,Lionheart,8.4578,1990-06-07,6.6,1184
2564,1049443,Dead Flies,7.521,2023-03-25,0.0,0
2565,1290436,Summer Beats,7.2876,2026-01-07,7.2,39
2566,1585657,Spring Blossoms,7.1835,2026-03-05,0.0,0
2567,300669,Don't Breathe,9.7346,2016-06-08,7.014,8062
2568,1159311,My Hero Academia: You're Next,9.1522,2024-08-02,7.229,234
2569,11713,Fist of Fury,8.4854,1972-03-22,7.226,1091
2570,938614,Late Night with the Devil,7.3624,2024-03-19,7.101,2191
2571,1287622,Hit Back,6.8817,1975-06-18,10.0,1
2572,1320669,Be Forever Yamato: Rebel 3199: Part 1: Dark Invasion,8.5093,2024-07-19,9.5,2
2573,452371,She's the Boss,7.6335,2017-02-03,5.7,6
2574,9493,Twins,7.8781,1988-12-09,6.053,2563
2575,674324,The Banshees of Inisherin,8.8953,2022-10-20,7.463,3438
2576,967,Spartacus,9.0385,1960-10-13,7.54,2420
2577,1263012,Dead Man's Wire,7.4548,2026-01-09,6.529,189
2578,848326,Rebel Moon - Part One: A Child of Fire,8.7053,2023-12-15,6.218,2635
2579,136795,The Heat,9.2691,2013-06-27,6.591,4206
2580,1272,Sunshine,8.2307,2007-04-05,6.974,4348
2581,145341,Colonel Kwiatkowski,8.1197,1996-05-10,6.758,33
2582,225574,Non-Stop,9.0935,2014-02-26,6.812,5813
2583,292280,The Bye Bye Man,8.7793,2017-01-12,5.211,1319
2584,11360,Dumbo,8.2092,1941-10-31,6.992,5339
2585,60308,Moneyball,9.3078,2011-09-23,7.298,5879
2586,14306,Marley & Me,9.7687,2008-12-25,7.178,4835
2587,11430,The Lion King 1½,9.2626,2004-10-28,6.586,3181
2588,677060,Música Subterrânea,8.5983,2008-10-28,0.0,0
2589,877703,Teen Wolf: The Movie,7.733,2023-01-18,7.447,985
2590,12493,High and Low,9.3251,1963-03-01,8.367,1162
2591,847,Willow,7.7029,1988-05-20,7.004,2205
2592,6435,Practical Magic,10.4372,1998-10-16,6.783,1749
2593,1095808,"Flowers in the Mirror, Wind and Moon: Ghost Appears",9.3722,1991-07-19,0.0,0
2594,11034,The Great Gatsby,7.7602,1974-03-27,6.282,519
2595,7445,Brothers,8.9788,2009-12-02,7.312,3977
2596,2123,"Me, Myself & Irene",8.6589,2000-06-22,6.623,4321
2597,458305,Vivarium,9.2566,2019-09-07,6.07,2653
2598,715756,Dangerous Drugs of Sex,8.7526,2020-02-14,6.446,37
2599,1182057,Ten Count,7.3504,,0.0,0
2600,14926,Uptown Girls,8.199,2003-08-15,7.018,1169
2601,278924,Mechanic: Resurrection,8.9295,2016-08-25,6.07,3717
2602,1079485,Winnie-the-Pooh: Blood and Honey 2,8.3017,2024-03-26,5.771,487
2603,107846,Escape Plan,10.8537,2013-10-09,6.719,5664
2604,773,Little Miss Sunshine,8.6784,2006-07-26,7.692,7951
2605,774825,The Ice Age Adventures of Buck Wild,9.01,2022-01-28,6.566,1852
2606,1022256,Selena Gomez: My Mind & Me,8.9307,2022-11-04,8.462,616
2607,660,Thunderball,8.5985,1965-12-11,6.67,2684
2608,747188,Asteroid City,8.6798,2023-06-08,6.453,2563
2609,463272,Johnny English Strikes Again,8.6455,2018-08-30,6.283,2808
2610,763285,Ambulance,9.6819,2022-03-16,6.622,2503
2611,39451,Little Fockers,8.8977,2010-12-21,5.661,3483
2612,4977,Paprika,9.7366,2006-10-01,7.814,2932
2613,12133,Step Brothers,9.3456,2008-07-25,6.561,3455
2614,1278162,Panor,7.2514,2025-01-16,6.9,10
2615,581726,Infinite,9.7897,2021-09-09,6.557,2181
2616,1075794,Leo,7.6096,2023-11-17,7.349,1381
2617,2899,Asterix & Obelix: Mission Cleopatra,9.1419,2002-01-30,7.367,3807
2618,950692,Szóló,7.4053,2022-03-11,0.0,0
2619,556694,Three Thousand Years of Longing,8.9501,2022-08-24,6.882,1698
2620,90187,La Orca,4.2848,1976-06-01,5.315,27
2621,1451344,Husbands in Action,8.5397,2026-06-15,7.329,105
2622,1037113,Snack Shack,8.5241,2024-03-15,7.183,268
2623,7516,Smokin' Aces,8.3676,2006-12-09,6.48,1862
2624,200727,"Love, Rosie",9.055,2014-10-16,7.814,6534
2625,10865,Atlantis: The Lost Empire,8.6194,2001-06-02,7.046,5205
2626,324544,In the Lost Lands,8.8107,2025-02-27,6.367,847
2627,274870,Passengers,9.0886,2016-12-21,6.957,14367
2628,612182,Yolo - Bạn Chỉ Sống Một Lần,7.7111,2019-01-11,0.0,0
2629,276832,Ski Lessons,8.107,2013-08-01,0.0,0
2630,55721,Bridesmaids,8.808,2011-05-13,6.511,4725
2631,58628,The Betsy,8.0621,1978-02-02,4.818,33
2632,78049,The Scorpion King 3: Battle for Redemption,8.5508,2012-01-17,4.558,386
2633,511035,The Drawer,7.2579,2016-03-11,0.0,0
2634,744276,After Ever Happy,9.2,2022-08-24,6.775,1380
2635,931628,A Sacrifice,8.9203,2024-06-28,5.568,140
2636,43593,Piranha 3D,9.606,2010-08-20,5.426,2429
2637,1354795,Wen Rou,6.7193,2024-09-24,0.0,0
2638,901362,Trolls Band Together,8.5879,2023-10-12,7.25,1014
2639,37958,Immortals,8.7028,2011-11-10,6.054,2854
2640,1354795,Wen Rou,6.7193,2024-09-24,0.0,0
2641,901362,Trolls Band Together,8.5879,2023-10-12,7.25,1014
2642,37958,Immortals,8.7028,2011-11-10,6.054,2854
2643,705996,Decision to Leave,8.9739,2022-06-29,7.319,1562
2644,11253,Hellboy II: The Golden Army,8.3777,2008-07-11,6.771,5676
2645,4421,G.I. Jane,8.057,1997-08-19,6.49,1885
2646,974573,Another Simple Favor,9.8865,2025-03-07,5.8,540
2647,76726,Chronicle,8.9472,2012-02-01,6.858,5825
2648,704239,The Union,9.1526,2024-08-15,6.041,1194
2649,1125257,Freakier Friday,9.2675,2025-08-06,6.803,764
2650,9035,Slither,6.6498,2006-03-31,6.547,1767
2651,1469930,Tumbal Proyek,8.5516,2026-05-13,4.2,2
2652,158011,The Call,9.3582,2013-03-14,6.8,3104
2653,36593,Naked Gun 33⅓: The Final Insult,8.7454,1994-03-18,6.518,2572
2654,530896,Gilan's Daughter,8.1394,1928-12-30,5.0,2
2655,1634,Free Willy,8.134,1993-07-16,6.205,2007
2656,528891,Euller Miller Between Two Worlds,7.7364,2018-06-07,0.0,0
2657,1312150,Ricky Gervais: Mortality,7.6513,2025-12-29,7.091,99
2658,316727,The Purge: Election Year,8.9035,2016-06-29,6.378,5545
2659,760774,One Life,8.7819,2023-12-21,7.771,971
2660,842675,The Wandering Earth II,9.0319,2023-01-22,7.302,739
2661,253,Live and Let Die,8.967,1973-06-27,6.507,2329
2662,182248,Seven Hours to Judgment,10.0186,1988-09-16,4.429,7
2663,429351,12 Strong,9.9659,2018-01-18,6.369,3227
2664,662050,Sunset at Noon,7.4311,1979-01-01,8.0,1
2665,296524,Deepwater Horizon,9.5001,2016-09-28,6.901,4971
2666,13523,Sex Drive,8.6364,2008-10-16,6.391,1497
2667,1173558,Burning Betrayal,7.9822,2023-10-25,6.244,250
2668,265177,Mommy,8.8749,2014-09-19,8.199,2873
2669,345911,Lights Out,9.4753,2016-07-21,6.373,4182
2670,11326,Tommy,7.952,1975-03-19,6.456,375
2671,1125899,Cleaner,8.7318,2025-02-19,6.608,632
2672,60747,Red Dawn,9.1518,2012-03-15,5.713,1760
2673,10200,The Day the Earth Stood Still,7.8501,2008-12-10,5.663,3816
2674,395991,Only the Brave,8.6402,2017-09-22,7.476,1913
2675,760329,The Smashing Machine,8.0497,2025-10-01,6.372,661
2676,848538,Argylle,9.4968,2024-01-31,5.974,1792
2677,9473,"South Park: Bigger, Longer & Uncut",8.1703,1999-06-24,7.285,3000
2678,9289,The Longest Day,8.469,1962-09-25,7.607,1038
2679,1735139,Papa Ricky,6.4717,2017-01-01,0.0,0
2680,848538,Argylle,9.4968,2024-01-31,5.974,1792
2681,9473,"South Park: Bigger, Longer & Uncut",8.1703,1999-06-24,7.285,3000
2682,9289,The Longest Day,8.469,1962-09-25,7.607,1038
2683,1735139,Papa Ricky,6.4717,2017-01-01,0.0,0
2684,1715492,Shipwrecked: Nightmare at Sea,8.2294,2026-07-10,7.223,65
2685,1030448,ONE on Prime Video 2: Xiong vs. Lee III,7.5649,2022-09-30,0.0,0
2686,11645,Ran,6.8832,1985-06-01,8.007,1862
2687,222935,The Fault in Our Stars,9.1347,2014-06-02,7.591,11629
2688,1522377,Two Worlds One Wish,7.821,2025-11-24,7.22,50
2689,13368,White Christmas,8.4687,1954-10-14,7.188,585
2690,913,The Thomas Crown Affair,8.4995,1999-08-06,6.765,1388
2691,362113,The Last Vodunsi,7.539,2015-06-30,0.0,0
2692,1239193,Deep Cover,9.3721,2025-06-12,6.706,619
2693,288,High Noon,9.2157,1952-06-09,7.655,1608
2694,267860,London Has Fallen,8.8877,2016-03-02,6.225,5158
2695,9618,Tango & Cash,8.407,1989-12-22,6.49,2158
2696,1163974,The Karma of Sex,8.359,1999-09-25,6.5,4
2697,1169516,Welcome to the Jungle,7.4225,2026-06-25,5.08,25
2698,726759,Tetris,6.6446,2023-03-15,7.748,1949
2699,458746,Opium Waltz,7.446,1943-06-17,9.0,1
2700,98025,The Teasers,7.1447,1975-10-31,4.889,63
2701,1741109,WWE SummerSlam 2026: Saturday,9.1044,2026-08-01,7.1,5
2702,10543,Fear,8.2828,1996-04-12,6.639,1076
2703,127984,Taste,7.5262,1984-01-01,0.0,0
2704,1700944,"Love, Ngo",8.2267,2026-06-03,9.5,2
2705,709134,A Picture,7.8621,2014-01-01,0.0,0
2706,1057368,The Sessions,7.3558,2020-11-17,0.0,0
2707,1081422,Kunwari Dulhan,6.5608,1991-01-01,0.0,0
2708,1996,Lara Croft: Tomb Raider - The Cradle of Life,7.7119,2003-07-21,5.763,4568
2709,1604133,Crossing,6.3886,2026-06-26,5.4,5
2710,834,Underworld: Evolution,7.732,2006-01-12,6.608,4437
2711,509967,6 Underground,8.5632,2019-12-10,6.331,5241
2712,15092,Crank: High Voltage,7.9792,2009-04-16,6.09,3209
2713,60935,The Thing,8.5612,2011-10-12,6.253,3287
2714,27022,The Sorcerer's Apprentice,8.8196,2010-07-13,6.145,5329
2715,849266,Punga,7.6657,2022-08-02,10.0,1
2716,508965,Klaus,8.1791,2019-11-08,8.22,4747
2717,884,Crash,8.0095,1996-07-17,6.477,1390
2718,334533,Captain Fantastic,8.3016,2016-07-08,7.889,6900
2719,440472,The Upside,8.5309,2019-01-10,7.128,1418
2720,508965,Klaus,8.1791,2019-11-08,8.22,4747
2721,884,Crash,8.0095,1996-07-17,6.477,1390
2722,334533,Captain Fantastic,8.3016,2016-07-08,7.889,6900
2723,440472,The Upside,8.5309,2019-01-10,7.128,1418
2724,13885,Sweeney Todd: The Demon Barber of Fleet Street,7.8948,2007-12-21,7.182,6414
2725,97831,Once Is Not Enough,6.4835,1975-06-20,5.167,18
2726,193893,Let's Be Cops,10.1612,2014-08-13,6.468,3008
2727,1232221,Mother-in-law in Love With Son-in-law 4,6.1665,2023-12-26,4.0,1
2728,10997,Farewell My Concubine,7.0226,1993-01-01,7.9,693
2729,301,Rio Bravo,7.7169,1959-03-08,7.802,1280
2730,8843,The Cell,8.125,2000-08-18,6.271,1752
2731,45649,Rubber,7.8311,2010-11-09,5.922,1128
2732,395990,Death Wish,9.2982,2018-03-01,6.238,2849
2733,1302916,Heart Eyes,9.9956,2025-02-06,6.265,567
2734,864370,Incantation,7.8389,2022-03-18,6.838,850
2735,1498,Teenage Mutant Ninja Turtles,8.1007,1990-03-30,6.713,1989
2736,1040148,"Ruby Gillman, Teenage Kraken",6.7671,2023-06-28,7.147,1127
2737,754220,Waves,7.9801,2019-11-25,10.0,1
2738,1587,What's Eating Gilbert Grape,9.4939,1993-12-17,7.659,4340
2739,273186,Industrial Revolution,7.1254,2014-04-01,5.0,2
2740,848416,Groom and Bride,7.6996,1971-04-12,0.0,0
2741,241,Natural Born Killers,7.7212,1994-08-26,7.05,3855
2742,1645,A Time to Kill,7.9319,1996-07-24,7.392,3028
2743,11330,Pusher 3,8.4427,2005-08-22,7.2,433
2744,793602,Favorite Concubine,7.0285,2020-12-24,4.0,3
2745,40181,His Majesty Minor,7.7451,2007-10-10,3.417,36
2746,9767,The Break-Up,9.2178,2006-06-01,5.903,2872
2747,1164355,Lembayung,7.0924,2024-09-19,7.2,10
2748,459992,Long Shot,9.0175,2019-05-02,6.7,2924
2749,485030,Der Fremdenlegionär,7.1934,1928-03-01,10.0,1
2750,1107166,Psycho Killer,7.4901,2026-02-19,6.506,170
2751,297291,The Scorpion King 4: Quest for Power,8.7699,2015-01-09,5.147,249
2752,1010069,Chachchu,7.4723,2006-08-25,6.0,1
2753,6466,Freddy vs. Jason,7.748,2003-08-15,6.098,2876
2754,1025802,Drifter,8.735,2023-11-02,5.192,13
2755,1038456,ONE on Prime Video 3: Lineker vs. Andrade,7.4258,2022-10-21,0.0,0
2756,38684,Jane Eyre,9.1995,2011-03-11,7.197,1576
2757,511642,Female Hostel 2,8.7002,2018-03-22,5.5,6
2758,1236470,The Lost Bus,7.5495,2025-09-19,7.039,780
2759,9481,The Bone Collector,8.3757,1999-11-04,6.796,3936
2760,9481,The Bone Collector,8.3757,1999-11-04,6.796,3936
2761,554776,An Affair: My Sister-in-law's Love,7.6536,2018-07-26,4.9,9
2762,1534239,Ayrılıq imiş,6.5327,2008-03-06,0.0,0
2763,10406,Encino Man,7.1464,1992-05-22,5.8,724
2764,652837,"Josee, the Tiger and the Fish",8.9408,2020-12-25,8.3,616
2765,705559,My Mother's Lovers,7.6818,2020-05-29,4.8,11
2766,1153576,Street Fighter,8.4861,2026-10-14,0.0,0
2767,787752,Fresh,7.5844,2022-03-03,6.947,1916
2768,1923,Twin Peaks: Fire Walk with Me,8.0012,1992-06-03,7.42,2307
2769,232672,Blended,9.0795,2014-05-21,6.895,3852
2770,899112,Violent Night,7.2797,2022-11-30,7.214,2592
2771,449512,Índio Cidadão?,7.0178,2014-04-19,0.0,0
2772,838240,Robot Dreams,8.6715,2023-12-06,7.948,821
2773,713,The Piano,8.2805,1993-05-18,7.371,1665
2774,567748,The Guilty,8.0445,2021-09-24,6.427,3190
2775,1738,Next,8.6458,2007-04-25,6.135,3335
2776,1378,Shortbus,8.2375,2006-10-04,6.28,595
2777,235602,Latif,7.7309,1930-11-11,6.0,2
2778,1384758,Ice Age: Boiling Point,8.6649,2027-02-03,0.0,0
2779,1542,Office Space,8.547,1999-02-19,7.381,3454
2780,1050390,Confinement Escape: Beautiful Prey,8.6905,1993-12-24,7.0,2
2781,707,A View to a Kill,6.7461,1985-05-24,6.257,2236
2782,552178,Dark Waters,8.8703,2019-11-22,7.529,2571
2783,1280282,Gabby's Dollhouse: The Movie,8.9501,2025-09-13,6.803,89
2784,11845,Intimacy,7.9196,2001-01-20,6.219,556
2785,1578,Raging Bull,8.9127,1980-11-14,7.899,4824
2786,678512,Sound of Freedom,8.4927,2023-07-03,7.954,2796
2787,434203,Newness,7.5292,2017-11-03,6.066,632
2788,614934,Elvis,8.6226,2022-06-22,7.453,3951
2789,839369,May December,8.8107,2023-11-16,6.577,1050
2790,533514,Violet Evergarden: The Movie,8.3747,2020-09-18,8.3,529
2791,123069,Swedish Wildcats,8.3299,1972-01-20,4.7,13
2792,1660526,Please,6.997,2026-06-22,0.0,0
2793,1201753,Get Away,7.6727,2024-12-06,5.202,183
2794,1462229,Pegasus 3,7.9362,2026-02-17,7.171,41
2795,157,Star Trek III: The Search for Spock,8.6894,1984-06-01,6.583,1543
2796,8848,The Bank Job,8.9445,2008-02-28,6.9,2665
2797,5,Four Rooms,7.1595,1995-12-09,5.908,2876
2798,974036,Ordinary Angels,7.8678,2024-02-22,7.666,409
2799,829,Chinatown,8.9069,1974-06-20,7.903,4323
2800,2135,The Time Machine,8.7504,2002-03-04,6.335,2600
2801,1730821,레즈비언 부부의 아내 불륜,7.5505,2026-07-17,0.0,0
2802,88751,Journey to the Center of the Earth,9.1593,2008-07-10,6.096,5225
2803,692018,Where You Belong,7.9047,2015-11-19,0.0,0
2804,8839,Casper,8.5615,1995-05-26,6.342,4981
2805,259207,The President,7.3303,2013-10-09,7.0,1
2806,479718,The Outlaws,8.4097,2017-10-03,7.653,557
2807,1284505,Forced Vacation,7.1053,2025-06-11,6.1,56
2808,68728,Oz the Great and Powerful,7.8565,2013-03-07,5.938,6869
2809,62029,Bingo Bongo,7.4878,1982-12-23,5.711,178
2810,86834,Noah,8.6718,2014-03-07,5.678,6669
2811,379149,The Foreigner,8.7108,2017-09-28,6.981,2978
2812,38234,Undisputed III: Redemption,8.0012,2010-04-17,7.589,1053
2813,397422,Rough Night,9.0436,2017-06-15,5.688,2119
2814,1662317,The Crash,7.6238,2026-05-14,6.931,159
2815,1445276,A Love Too Captivating,7.4677,2025-04-06,7.833,6
2816,592350,My Hero Academia: Heroes Rising,9.2561,2019-12-20,8.134,1306
2817,14411,Sinbad: Legend of the Seven Seas,8.4223,2003-07-02,7.053,2258
2818,15370,The Cat Returns,8.5719,2002-07-19,7.135,2492
2819,107985,The World's End,8.1234,2013-07-18,6.81,5972
2820,1398050,Driver's Ed,6.8493,2025-09-13,6.819,83
2821,492409,Pispisa-khanum and Mouse-bey,7.7124,1974-01-01,0.0,0
2822,77931,The Smurfs 2,8.926,2013-07-30,5.752,2390
2823,602734,Spiral: From the Book of Saw,9.0644,2021-05-12,5.891,2321
2824,260268,The Last Bolero,7.779,2014-03-21,7.4,5
2825,700468,Aos Pedaços,6.4612,2019-08-15,6.5,1
2826,799379,Project Wolf Hunting,8.7115,2022-09-21,6.44,445
2827,12106,The Quick and the Dead,7.6409,1995-02-09,6.541,1995
2828,108072,Killing of the Flesh,7.9693,1983-04-05,5.375,8
2829,58233,Johnny English Reborn,8.0469,2011-09-15,6.247,3633
2830,615121,The Thomas Crown Affair,8.3892,2027-03-04,0.0,0
2831,56141,Sotto Sotto,6.8208,1984-03-01,3.9,5
2832,440339,A kékszakállú herceg vára,7.4718,1981-01-01,10.0,1
2833,11212,Baby's Day Out,8.2362,1994-07-01,6.418,1486
2834,9896,Rat Race,8.2897,2001-08-17,6.29,2010
2835,1878,Fear and Loathing in Las Vegas,8.2386,1998-05-22,7.201,5092
2836,1351894,Stolen Springs,6.1765,,0.0,0
2837,441130,Wolfwalkers,8.8565,2020-10-26,8.169,1422
2838,400214,Operación Tiburón,7.1257,1965-01-01,6.667,3
2839,192141,No Escape,8.7189,2015-08-26,6.948,2768
2840,1734323,Imamku Okey,6.0738,2021-01-01,0.0,0
2841,533026,The Owl,7.814,1924-09-12,1.0,1
2842,13375,The Tit and the Moon,6.6877,1994-03-29,6.2,97
2843,130150,Labor Day,8.5166,2013-12-27,7.1,1362
2844,31011,Mr. Nobody,9.1249,2009-11-06,7.789,6287
2845,931493,Vanity Fair,6.9559,2022-02-03,0.0,0
2846,1627792,Sagaran,7.8963,2026-02-06,4.5,2
2847,38167,Eat Pray Love,9.3778,2010-08-12,6.247,2660
2848,184421,In the Name of God,8.0252,1925-11-17,4.5,4
2849,667,You Only Live Twice,8.262,1967-06-13,6.592,2526
2850,26662,Detective Conan: The Phantom of Baker Street,7.295,2002-04-20,7.781,237
2851,11001,Blue Streak,8.0387,1999-09-17,6.512,1673
2852,533,Wallace & Gromit: The Curse of the Were-Rabbit,8.7485,2005-09-15,7.1,3133
2853,71552,American Reunion,8.4678,2012-04-04,6.314,4755
2854,1900,Traffic,6.728,2000-12-27,7.087,2459
2855,1733041,Modrý Drak,6.5253,,0.0,0
2856,80,Before Sunset,9.9671,2004-06-16,7.803,3854
2857,30112,Lost in Beijing,7.6399,2007-11-08,6.554,65
2858,637997,Rom,7.0606,2020-07-31,6.9,15
2859,1038919,美女奉行 おんな牢秘抄,6.8923,,0.0,0
2860,8592,Dick Tracy,7.9816,1990-06-15,6.158,1065
2861,419329,Descendants of Adultery,7.4317,2016-09-30,4.5,8
2862,381719,Peter Rabbit,9.1005,2018-02-07,6.7,1950
2863,9350,Cliffhanger,7.8785,1993-05-28,6.52,2684
2864,379536,Été 85,7.3003,2014-06-25,5.1,5
2865,14864,The Hot Spot,8.2786,1990-10-12,6.3,305
2866,1825,Over the Top,8.6004,1987-02-13,6.462,1891
2867,2616,Uncle Buck,7.4726,1989-08-16,6.811,1385
2868,814776,Bottoms,7.8396,2023-08-25,6.754,887
2869,23827,Paranormal Activity,8.0488,2007-09-14,6.057,5512
2870,639,When Harry Met Sally...,8.4461,1989-07-12,7.407,4661
2871,171713,Killing Strangers,7.0903,2013-02-23,5.2,5
2872,505600,Booksmart,7.8232,2019-05-24,6.999,2882
2873,487345,Cafundó,6.6411,1986-01-01,0.0,0
2874,522681,Escape Room,9.8242,2019-01-03,6.541,5113
2875,1640,Crash,7.7777,2005-05-06,7.22,3942
2876,1212142,Kinda Pregnant,7.8633,2025-02-04,5.59,328
2877,745881,The Medium,7.6963,2021-07-14,7.002,759
2878,326,Snakes on a Plane,8.0024,2006-08-17,5.482,2027
2879,13205,Bambi II,8.5547,2006-01-26,6.541,1071
2880,560057,The Sea Beast,8.889,2022-06-24,7.332,1739
2881,3114,The Searchers,8.2122,1956-05-16,7.7,1601
2882,257091,Get Hard,8.7963,2015-03-26,6.016,2943
2883,489999,Searching,8.878,2018-08-24,7.569,4295
2884,285783,The Walk,8.3479,2015-09-30,6.987,3418
2885,522212,Just Mercy,9.2105,2019-12-25,7.845,2523
2886,361068,Story of a Feather,7.7929,2015-08-06,0.0,0
2887,458220,Palmer,7.733,2021-01-28,8.119,1943
2888,10897,The Little Rascals,8.4209,1994-08-05,6.83,1349
2889,10637,Remember the Titans,8.2707,2000-09-29,7.66,3004
2890,44048,Unstoppable,7.573,2010-11-04,6.6,3960
2891,9273,Ace Ventura: When Nature Calls,8.9693,1995-11-10,6.343,4636
2892,533777,The First Komsomol Oil Well,7.5104,1931-07-02,0.0,0
2893,196867,Annie,8.0866,2014-12-18,6.244,1367
2894,10022,The Pacifier,9.1871,2005-03-04,6.076,3302
2895,37710,The Tourist,10.15,2010-12-08,6.184,5799
2896,4176,Murder on the Orient Express,8.8071,1974-11-22,7.143,1598
2897,454983,The Kissing Booth,8.4785,2018-05-11,7.16,7494
2898,24402,Emmanuelle,7.207,1974-06-25,5.974,826
2899,161543,Gian Burrasca,6.1309,1982-11-18,5.061,41
2900,463461,Romance of the West Chamber,6.9482,1997-10-09,5.538,13
2901,1734680,Cinta Fatamorgana,6.0507,,0.0,0
2902,193,Star Trek: Generations,8.2897,1994-11-18,6.517,1517
2903,100042,Dumb and Dumber To,8.7497,2014-11-12,5.6,3459
2904,1017163,The Roundup: Punishment,7.714,2024-04-24,7.212,257
2905,17979,A Christmas Carol,8.4087,2009-11-04,6.911,4956
2906,1135873,GGS - Ganteng-Ganteng Sange,7.7062,2023-05-28,6.1,7
2907,638597,YES DAY,7.8031,2021-03-11,6.673,1311
2908,455207,Crazy Rich Asians,7.9773,2018-08-15,7.048,4000
2909,206957,Soloist Needed,6.8059,1984-07-12,6.5,2
2910,431,Cube,7.0932,1998-07-11,6.827,5311
2911,511987,Crawl,9.5974,2019-07-10,6.327,3426
2912,104819,Orozco the Embalmer,7.424,2001-10-06,6.389,36
2913,9279,Jingle All the Way,7.2837,1996-11-21,6.067,2993
2914,160593,Maiden Tower Legend,7.9292,1924-05-27,5.0,2
2915,8913,Pet Sematary,8.6097,1989-04-21,6.656,2420
2916,10428,Hackers,8.1947,1995-09-14,6.386,1511
2917,285989,Rajakumari,7.3619,1947-04-11,8.0,1
2918,499701,Dora and the Lost City of Gold,7.9617,2019-08-08,6.615,1843
2919,632357,The Unholy,9.0187,2021-03-31,6.546,2270
2920,9366,Donnie Brasco,8.5812,1997-02-27,7.538,4926
2921,534019,On Different Shores,7.4781,1926-04-01,0.0,0
2922,406563,Insidious: The Last Key,8.31,2018-01-03,6.262,3191
2923,450465,Glass,9.4614,2019-01-16,6.664,9170
2924,9760,Epic Movie,7.9914,2007-01-25,3.859,1708
2925,9593,Last Action Hero,8.3117,1993-06-18,6.48,3051
2926,549649,Dancing With Ghosts,7.8742,2018-09-27,6.5,2
2927,22825,The Box,7.8181,2009-10-29,5.641,1919
2928,842924,The Life of Chuck,8.8061,2025-06-02,7.286,1209
2929,7299,Equilibrium,9.16,2002-12-06,7.057,5112
2930,278986,Gangor,6.9695,2011-01-01,5.5,2
2931,543831,Next Door Sisters,8.4152,2018-06-26,2.7,3
2932,497036,Les Grecs,7.3226,2006-04-21,0.0,0
2933,886921,Leader: Amie Bangladesh,7.0754,2023-04-20,0.0,0
2934,708,The Living Daylights,8.0888,1987-06-29,6.545,2064
2935,68730,Silence,8.3269,2016-12-23,7.118,3358
2936,568160,Weathering with You,8.8491,2019-07-19,7.975,2664
2937,880841,Abandoned,7.5004,2022-06-17,5.772,312
2938,610361,You're Fired,7.0712,2026-02-12,1.0,1
2939,8469,Animal House,7.9274,1978-07-28,6.9,1695
2940,442062,Goosebumps 2: Haunted Halloween,8.5222,2018-10-11,6.1,1645
2941,38050,The Adjustment Bureau,8.5492,2011-03-03,6.785,4996
2942,531219,Roald Dahl's The Witches,7.9736,2020-10-26,6.332,3009
2943,1656,The Legend of Zorro,8.7678,2005-10-24,6.125,3132
2944,467909,In the Heights,8.8976,2021-06-10,7.105,803
2945,10030,Good Luck Chuck,8.1788,2007-09-21,5.937,1694
2946,899082,Harry Potter 20th Anniversary: Return to Hogwarts,7.7262,2022-01-01,7.31,3541
2947,1550569,Aileen: Queen of the Serial Killers,7.7961,2025-10-29,6.845,71
2948,308531,Teenage Mutant Ninja Turtles: Out of the Shadows,9.2252,2016-05-30,6.059,3846
2949,497814,Breaking In,8.7394,2018-05-05,5.934,711
2950,224598,Simple Agi Ondh Love Story,6.793,2013-09-28,6.5,9
2951,112160,Sexual Chronicles of a French Family,7.7108,2012-05-09,5.388,408
2952,1328803,Prisoner of War,7.3453,2025-09-19,7.137,197
2953,383686,O Que Não Te Disse,7.1054,2014-10-20,0.0,0
2954,3558,"Girl, Interrupted",8.4734,1999-12-21,7.562,4216
2955,1029281,Strange Darling,6.8773,2024-08-14,6.893,979
2956,434468,Antonio One Two Three,7.6488,2019-03-28,5.7,10
2957,1231914,Female Workers: Romance at Work 3,6.8373,2023-11-25,4.0,1
2958,734724,The Last Scene,6.9259,2019-03-13,0.0,0
2959,389828,"Sorry, I'm Just a Boy Selling Bánh Giò",6.6043,2013-12-27,5.0,1
2960,389828,"Sorry, I'm Just a Boy Selling Bánh Giò",6.6043,2013-12-27,5.0,1
2961,1106289,The Pickup,6.364,2025-07-27,6.39,497
2962,72710,The Host,7.9353,2013-03-22,6.289,4108
2963,747845,House of Salt,6.1921,2019-07-10,0.0,0
2964,296099,Vacation,9.7376,2015-07-28,6.305,4036
2965,653,Nosferatu,7.9639,1922-02-16,7.654,2487
2966,169917,A Walk Among the Tombstones,8.1353,2014-09-18,6.333,3055
2967,9994,The Great Mouse Detective,8.5383,1986-07-02,7.051,1824
2968,317637,The Long March,6.9298,1959-09-25,6.333,3
2969,1608457,누나 친구 4,8.1451,2024-12-16,0.0,0
2970,313297,Kubo and the Two Strings,8.0798,2016-08-18,7.638,3864
2971,590223,Love and Monsters,8.2192,2020-10-16,7.265,4521
2972,150,48 Hrs.,7.9449,1982-12-07,6.68,1755
2973,1510745,Bodycam,7.2043,2026-03-12,5.7,77
2974,9874,Cobra,7.7059,1986-05-22,6.153,1992
2975,569400,People of the Grasslands,7.3668,1953-11-01,0.0,0
2976,458576,Monster Hunter,7.5671,2020-12-03,6.512,3613
2977,9599,The Blob,6.9288,1988-08-05,6.865,1081
2978,8393,The Gods Must Be Crazy,8.0303,1980-09-10,7.273,1338
2979,1477565,Trainwreck: The Real Project X,7.4983,2025-07-07,5.947,66
2980,1293167,Exit Protocol,7.1381,2025-11-07,7.1,35
2981,7453,The Hitchhiker's Guide to the Galaxy,8.2708,2005-04-28,6.69,4312
2982,10731,The Client,7.9421,1994-07-20,6.689,1412
2983,681,Diamonds Are Forever,7.5407,1971-12-14,6.408,2410
2984,1264573,Lurker,7.2748,2025-08-22,6.435,62
2985,1139087,Once Upon a Studio,8.3333,2023-09-24,8.254,441
2986,85350,Boyhood,6.8985,2014-06-05,7.495,5570
2987,970347,The Killer,7.894,2024-08-22,6.3,589
2988,83666,Moonrise Kingdom,7.9255,2012-05-16,7.678,6409
2989,4584,Sense and Sensibility,8.8112,1995-12-13,7.4,1864
2990,11046,Where Eagles Dare,8.1304,1968-12-04,7.502,1006
2991,637920,Miracle in Cell No. 7,7.8826,2019-10-10,8.253,4585
2992,682,The Man with the Golden Gun,7.4505,1974-12-04,6.459,2318
2993,939335,Muzzle,6.7421,2023-09-29,6.486,368
2994,263737,Naam,7.2118,1953-03-02,0.0,0
2995,8275,American Pie Presents: The Naked Mile,8.1905,2006-12-04,5.487,2221
2996,876792,That Time I Got Reincarnated as a Slime the Movie: Scarlet Bond,8.3864,2022-11-25,7.4,442
2997,499932,The Devil All the Time,8.6484,2020-09-11,7.174,3711
2998,452244,La Leçon,7.0119,2016-08-01,0.0,0
2999,131186,Europa Camping,6.9271,1992-03-13,9.0,1
3000,131186,Europa Camping,6.9271,1992-03-13,9.0,1
3001,1125510,The Platform 2,8.5232,2024-09-27,5.56,1465
3002,2112,Payback,6.8548,1999-02-05,6.832,2048
3003,8068,Desperado,8.1538,1995-08-25,6.935,3189
3004,1114967,Good Fortune,7.1948,2025-10-14,6.879,713
3005,8456,Never Back Down,8.1971,2008-03-04,6.782,2519
3006,310629,Beyond the Circle,7.137,2009-09-13,0.0,0
3007,11005,Awakenings,7.1383,1990-12-04,7.788,2909
3008,1592032,Furious Attack,6.4587,2026-02-12,5.7,3
3009,19929,9to5: Days in Porn,7.6327,2008-08-24,5.8,90
3010,11134,Police Story 3: Super Cop,6.4803,1992-07-04,6.9,592
3011,366962,Nehéz kesztyük,6.6006,1957-01-01,10.0,1
3012,9285,Road Trip,7.7359,2000-05-19,6.253,2240
3013,9428,The Royal Tenenbaums,6.9324,2001-10-05,7.455,5109
3014,37137,The Naked Gun 2½: The Smell of Fear,8.2391,1991-06-28,6.82,2822
3015,43194,Ulysses,7.5041,1954-10-06,6.6,248
3016,1484255,Trainwreck: Mayor of Mayhem,7.8146,2025-06-16,6.581,43
3017,466282,To All the Boys I've Loved Before,8.0968,2018-08-17,7.594,8744
3018,11660,Following,7.246,1999-04-02,7.128,1910
3019,1219739,Heresy,6.921,2024-01-25,6.258,31
3020,346672,Underworld: Blood Wars,8.3013,2016-11-24,5.922,3974
3021,11474,The Warriors,7.7125,1979-02-01,7.7,2418
3022,493860,The City of Mirrors: A Fictional Biography,7.4527,2016-10-07,0.0,0
3023,14442,Ella Enchanted,7.3594,2004-04-09,6.48,1991
3024,1117857,In Your Dreams,7.1231,2025-11-07,6.969,240
3025,1493859,Pizza Movie,8.4547,2026-03-13,6.381,135
3026,280180,Beverly Hills Cop: Axel F,7.6419,2024-06-20,6.632,1484
3027,1303331,Dhamaal 4,7.09,2026-07-10,3.0,2
3028,9882,The Siege,7.7216,1998-11-06,6.295,1521
3029,97367,The Place Beyond the Pines,7.9765,2013-03-20,6.977,5261
3030,936245,Hidden Face,6.9912,2024-11-20,5.1,68
3031,878728,Good Day,7.1783,2021-09-28,0.0,0
3032,642,Butch Cassidy and the Sundance Kid,7.3438,1969-09-23,7.6,2504
3033,287193,Living as One Should,7.3474,1987-10-01,6.3,6
3034,17927,Fired Up!,8.12,2009-02-20,6.126,704
3035,1381216,Gator Lake,6.849,2024-05-01,6.275,51
3036,257088,Point Break,8.6971,2015-12-03,5.955,2473
3037,536464,Vilaiyaattu Pasange,6.5733,2011-10-13,9.0,1
3038,184345,A Haunted House 2,8.2509,2014-04-17,6.203,1616
3039,1728951,Mukhbir: The Story of a Spy - The Movie,6.6943,2026-07-09,0.0,0
3040,946848,A Farewell To Cinema,7.0509,1995-06-01,0.0,0
3041,24420,The Time Traveler's Wife,7.4624,2009-08-14,6.9,2741
3042,324558,X-Rated: The Greatest Adult Movies of All Time,7.5341,2015-02-06,6.4,197
3043,483906,Polar,8.6533,2019-01-25,6.387,2532
3044,1447947,Young & Fine,9.0004,2025-06-27,5.333,3
3045,10567,Dinosaur,8.4053,2000-05-19,6.579,2780
3046,55301,Alvin and the Chipmunks: Chipwrecked,8.4788,2011-12-14,5.711,2377
3047,1017478,ONE on Prime Video 1: Moraes vs. Johnson II,7.265,2022-08-27,0.0,0
3048,19585,G-Force,7.5524,2009-07-24,5.488,2027
3049,650,Boyz n the Hood,7.9857,1991-07-12,7.631,2305
3050,592834,My Spy,8.9871,2020-01-09,6.859,1406
3051,37703,Flirting Scholar,8.0674,1993-07-01,7.5,200
3052,360776,Female Ninjas Magic Chronicles 3: Sacred Book of Sexual Positions,7.0158,1993-05-21,6.417,6
3053,1199399,Ecstasis,6.7941,2023-12-01,2.5,4
3054,522162,Midway,8.6758,2019-11-06,7.103,2763
3055,3175,Barry Lyndon,7.5645,1975-12-16,7.993,3230
3056,9461,Enter the Dragon,7.6441,1973-08-17,7.421,2126
3057,1356039,Counterattack,7.9009,2025-02-27,8.251,836
3058,317627,Underground Vanguards,7.5511,1957-12-01,6.0,1
3059,820525,After Everything,9.0831,2023-09-13,6.879,1007
3060,2897,Around the World in 80 Days,7.2322,1956-10-17,6.664,591
3061,1466120,Dead Again,6.9404,2025-05-08,7.4,5
3062,1088766,Sisifus (Flying in a Cage),7.3223,,0.0,0
3063,360310,Tarântula,6.6315,2015-09-17,6.0,1
3064,467938,Revenge,8.8473,2017-11-18,6.521,2135
3065,11528,The Sandlot,8.9299,1993-04-07,7.563,1349
3066,1273,TMNT,7.4289,2007-03-23,6.196,1247
3067,1612018,Jackass: Best and Last,7.4363,2026-06-25,6.8,32
3068,1907,The Beach,7.5012,2000-02-03,6.483,4758
3069,547016,The Old Guard,8.5145,2020-07-09,7.095,4887
3070,531876,The Outpost,8.331,2020-06-24,6.871,1195
3071,128607,Sacred Heart,7.1335,2007-01-01,5.0,1
3072,756,Fantasia,6.3883,1940-11-13,7.345,3353
3073,11814,Weird Science,7.1309,1985-08-01,6.54,1565
3074,12797,Ghost Town,6.3632,2008-09-19,6.507,1079
3075,268531,Captain Underpants: The First Epic Movie,7.9063,2017-06-01,6.299,1374
3076,9314,Nineteen Eighty-Four,6.7661,1984-11-09,6.784,1671
3077,912161,Vida Observável,6.7634,2021-12-06,0.0,0
3078,72976,Lincoln,7.1848,2012-11-09,6.845,4096
3079,1272166,Ballad of a Small Player,6.7482,2025-10-15,5.82,336
3080,1272166,Ballad of a Small Player,6.7482,2025-10-15,5.82,336
3081,9398,Zoolander,7.4929,2001-09-28,6.226,5008
3082,46529,I Am Number Four,7.4091,2011-02-18,6.2,5065
3083,812225,Black Clover: Sword of the Wizard King,8.0132,2023-06-16,8.065,405
3084,63311,The Skin I Live In,8.3936,2011-08-17,7.484,4685
3085,864180,The Male Gaze: Three's Company,9.7212,2021-08-27,4.7,5
3086,1122777,ONE Fight Night 10: Johnson vs. Moraes 3,6.9682,2023-05-05,0.0,0
3087,254881,Kosovar Diary,6.7026,2009-05-10,0.0,0
3088,181886,Enemy,7.9124,2014-03-14,6.84,6519
3089,594347,The House,7.3703,2019-04-07,6.9,4
3090,1237810,Love Syndrome: The Beginning,7.5446,2024-05-09,6.5,10
3091,399057,The Killing of a Sacred Deer,8.307,2017-10-20,7.001,4506
3092,35044,Full Body Massage,7.6569,1999-07-10,5.283,53
3093,9472,DodgeBall: A True Underdog Story,8.3221,2004-06-18,6.365,3896
3094,906126,Society of the Snow,6.6655,2023-12-15,7.968,3551
3095,853865,Rodaj,6.6135,2010-02-02,7.0,1
3096,889580,Whisper of the Dead,6.4748,2021-11-04,1.0,2
3097,186,Lucky Number Slevin,7.435,2006-02-24,7.474,4545
3098,569892,Gui shu,6.8903,1981-07-01,8.25,8
3099,4478,Indecent Proposal,7.9116,1993-04-07,6.412,1645
3100,54156,First Desires,7.0571,1983-12-11,4.4,41
3101,1008409,The Bikeriders,7.4694,2024-06-19,6.665,1189
3102,34813,The Losers,7.4714,2010-04-23,6.256,2021
3103,51393,White Night,6.4284,2009-11-19,6.2,45
3104,801,"Good Morning, Vietnam",7.5583,1987-12-23,7.304,3049
3105,1832,Dogma,7.2388,1999-10-04,6.939,2909
3106,538335,Mother's Seduction,6.6773,2018-07-31,4.7,3
3107,469929,A cigánybáró,6.7773,1969-05-24,0.0,0
3108,329058,Boi Aruá,6.7886,1985-12-04,8.5,2
3109,525,The Blues Brothers,7.5847,1980-06-16,7.714,4611
3110,13397,The Year Without a Santa Claus,7.5738,1974-12-10,7.108,212
3111,31867,Repo Men,7.9762,2010-03-18,6.343,2146
3112,8688,Snake Eyes,7.6385,1998-08-07,6.201,1544
3113,1970,The Grudge,8.8166,2004-10-22,5.936,3247
3114,796550,Myth of Love,6.7258,2021-02-12,0.0,0
3115,36095,Cure,6.7597,1997-12-27,7.548,833
3116,72559,G.I. Joe: Retaliation,7.9163,2013-03-27,5.664,5833
3117,1249508,Grizzly Night,7.6031,2026-01-30,6.328,64
3118,1285965,Dangerous Animals,8.3098,2025-06-05,6.462,662
3119,17899,"Sex, Party and Lies",6.8826,2009-03-27,4.606,160
3120,944,Lethal Weapon 4,8.7966,1998-07-10,6.617,3013
3121,710356,2 Hearts,8.7329,2020-10-16,7.238,652
3122,1147416,"Miraculous World: London, at the Edge of Time",7.9473,2024-11-14,7.508,314
3123,137094,Jack Ryan: Shadow Recruit,8.6664,2014-01-15,6.126,3139
3124,290006,Priceless Beauty,6.0018,1988-04-28,3.167,12
3125,8452,The 6th Day,8.489,2000-11-17,6.003,2309
3126,9506,Anger Management,8.5935,2003-04-11,6.16,3502
3127,569896,Xiang si nü zi ke dian,7.4456,1985-01-01,0.0,0
3128,309775,Down the River,6.8062,2014-12-19,8.5,2
3129,10358,Zack and Miri Make a Porno,8.6187,2008-09-18,6.339,2720
3130,877269,Strange World,8.5312,2022-11-23,6.224,1442
3131,618588,Arthur the King,7.973,2024-02-22,7.538,967
3132,1042834,Eden,8.1959,2025-04-03,6.687,699
3133,556574,Hamilton,6.3073,2025-09-05,7.796,130
3134,1044142,Wo ist mein Safe Space? Fünf Frauen gegen strukturellen Rassismus,7.152,2022-11-03,0.0,0
3135,787844,Newborn,7.0868,2026-04-10,5.4,8
3136,45317,The Fighter,8.5157,2010-12-10,7.379,4777
3137,176983,One Piece Film: Z,8.7059,2012-12-15,7.495,568
3138,77016,End of Watch,7.6007,2012-09-20,7.357,3699
3139,1533162,Red Snow,5.6407,1998-01-01,0.0,0
3140,1533162,Red Snow,5.6407,1998-01-01,0.0,0
3141,9354,"Honey, I Shrunk the Kids",7.909,1989-06-23,6.332,3381
3142,479787,Lost Youth,7.2655,1982-09-24,0.0,0
3143,408349,My Neighbor's Wife,7.2043,2016-07-28,4.4,7
3144,64084,Scorned,7.51,1993-07-14,5.208,48
3145,3131,Gangs of New York,8.3353,2002-12-14,7.32,7336
3146,650904,The Twins,7.3181,2016-10-28,0.0,0
3147,429474,Waiting for Cecilia,6.8833,2016-12-17,0.0,0
3148,10908,Inferno,6.0618,1999-09-25,6.171,356
3149,8769,Christine,7.5258,1983-12-09,6.88,2289
3150,1122030,Alpha,8.1925,2026-07-02,5.625,8
3151,414218,Rainbow Without Colours,9.3402,2015-03-20,3.6,5
3152,820609,No One Will Save You,8.8677,2023-09-21,6.698,1551
3153,1039471,From the Top!..,7.3144,1975-07-07,0.0,0
3154,375631,João Ninguém,7.8231,2016-12-20,0.0,0
3155,522402,Finch,8.4556,2021-11-04,7.814,4101
3156,1477566,Trainwreck: Balloon Boy,7.4356,2025-07-14,5.843,51
3157,243352,Where Hope Grows,7.1549,2014-04-06,7.752,202
3158,398730,Marrying a Saigonese,6.9625,2005-01-01,7.0,1
3159,1242434,Highest 2 Lowest,7.8149,2025-08-14,5.468,507
3160,1098979,Shopner Nayok,7.0173,1997-07-04,0.0,0
3161,438650,Cold Pursuit,8.7534,2019-02-07,5.879,2829
3162,447528,Arena - A Construção de um Sonho,6.9949,2012-11-23,0.0,0
3163,450659,Kelinka Sabina,7.308,2014-11-27,6.0,1
3164,570652,At Ten O'clock on the National Day,7.2527,1956-12-01,7.0,1
3165,1375,Rocky V,7.7238,1990-11-16,5.781,3507
3166,972533,Last Breath,7.9876,2025-02-24,6.873,676
3167,11827,Heavy Metal,6.517,1981-08-07,6.526,805
3168,1246310,Madea's Destination Wedding,7.7211,2025-07-10,6.076,92
3169,283445,Sinister 2,8.2973,2015-08-19,5.9,2331
3170,11976,Legend,8.3473,1985-08-28,6.251,1411
3171,251783,Pleasure or Pain,6.906,2013-09-05,4.805,95
3172,31651,The Field,7.0452,1990-09-21,6.954,108
3173,556678,Emma.,8.0123,2020-02-13,7.007,1985
3174,103331,Der Kapitän,6.9291,1971-10-28,5.2,5
3175,401062,His Parents' Eyes,6.969,2015-09-23,0.0,0
3176,11967,Young Guns,7.5014,1988-08-12,6.685,1060
3177,1300116,Fall for Me,7.8398,2025-08-20,6.117,235
3178,646389,Plane,9.0713,2023-01-11,6.896,2705
3179,80035,The Watch,8.3626,2012-07-26,5.6,2502
3180,28485,Satan's Blood,6.3923,1978-08-12,6.065,46
3181,619730,Don't Worry Darling,8.2561,2022-09-21,6.8,3006
3182,34000,The Million Pound Note,6.655,1954-01-07,7.0,81
3183,97020,RoboCop,8.3895,2014-01-30,5.886,5927
3184,11497,All Dogs Go to Heaven,6.7219,1989-11-17,6.832,1159
3185,409,The English Patient,8.0011,1996-11-14,7.139,2423
3186,412656,Chaos Walking,8.2061,2021-02-24,6.544,2641
3187,8619,Master and Commander: The Far Side of the World,8.371,2003-11-14,7.2,3592
3188,287948,The Transporter Refueled,7.7369,2015-09-02,5.5,1617
3189,891,All the President's Men,7.2865,1976-04-09,7.655,2112
3190,657654,Senior Couple and Exchange Sex,7.516,2019-12-23,6.1,8
3191,50183,The Ascent,8.0358,1977-04-02,7.825,251
3192,1300926,The Angry Birds Movie 3,7.204,2026-12-23,0.0,0
3193,1291659,The Wizard of the Kremlin,7.331,2026-01-21,6.5,211
3194,1266,Street Kings,8.4832,2008-04-10,6.669,1764
3195,11679,xXx: State of the Union,7.7243,2005-04-27,5.098,2062
3196,955916,Lift,7.0333,2024-01-10,6.422,1481
3197,104,Run Lola Run,8.0122,1998-08-20,7.304,2612
3198,527660,"Yes, God, Yes",6.8043,2020-07-24,6.3,606
3199,1083884,Signal One,6.8473,2026-06-05,6.575,40
3200,482321,Ron's Gone Wrong,5.8166,2021-10-14,7.859,2039
3201,263698,Vettaikaaran,7.0742,1964-01-13,5.0,1
3202,27576,Salt,6.1816,2010-07-21,6.42,6000
3203,122705,The Yellow,6.9577,2008-08-14,5.0,1
3204,768,From Hell,7.8912,2001-02-08,6.693,3050
3205,1241921,A Big Bold Beautiful Journey,6.2024,2025-09-17,6.2,419
3206,943,Lethal Weapon 3,8.0087,1992-05-15,6.729,3306
3207,1255,The Host,7.0587,2006-07-27,6.976,3189
3208,400160,The SpongeBob Movie: Sponge on the Run,8.5062,2020-08-14,7.388,3012
3209,1406657,Scarlet,6.8418,2025-11-21,7.085,113
3210,9319,The Last Boy Scout,6.8878,1991-12-13,6.849,2196
3211,877817,Wolfs,8.318,2024-09-20,6.541,1506
3212,1708347,Sunrise Hotel,6.3255,2026-02-07,0.0,0
3213,594342,Seven Years in May,7.7474,2019-04-09,7.4,11
3214,26817,Sex and the Single Girl,7.8003,1964-12-25,6.554,83
3215,64328,The Muppets,8.2939,2011-11-23,6.672,1718
3216,879945,The Unknown Man,9.5413,2021-10-16,7.833,9
3217,9303,Bound,6.8773,1996-09-13,7.223,1114
3218,1250880,西部狂野,8.0394,1992-02-27,0.0,0
3219,1410082,Sniper: The Last Stand,6.3003,2025-01-21,6.759,189
3220,123075,The Bad Seed,6.8237,1985-02-07,6.133,30
3221,458423,Mamma Mia! Here We Go Again,8.0775,2018-07-18,7.072,3606
3222,1911,The 13th Warrior,8.3587,1999-08-13,6.693,2083
3223,743814,Serve the People,7.1109,2022-02-23,6.51,52
3224,9348,Species,7.5978,1995-07-07,5.983,1892
3225,26515,Pumpkinhead,7.7973,1988-06-09,6.414,555
3226,782206,Zangezur,7.1517,1938-05-23,7.0,1
3227,811269,Jaya Sikurui,6.706,1984-11-30,0.0,0
3228,10665,The Strangers,6.9614,2008-05-29,6.115,2711
3229,1226221,Danganronpa 3: The End of Hope's Peak Academy - Hope Arc,5.7709,2016-09-29,7.0,7
3230,9208,Broken Arrow,7.6065,1996-02-09,6.068,1705
3231,1441848,Matrushakti,7.2569,2003-12-01,6.0,1
3232,533725,The Verdict,6.537,1994-01-01,0.0,0
3233,274,The Silence of the Lambs,7.3799,1991-02-14,8.345,18240
3234,8487,Wild Wild West,7.1266,1999-06-30,5.319,3637
3235,612,Munich,7.4401,2005-12-23,7.133,3042
3236,719128,Idol Sex: LA Korean Women,7.027,2020-06-18,5.286,7
3237,424946,Wedding Dance,6.4068,2016-11-15,5.1,8
3238,1433117,Kara,7.1789,2026-04-30,5.827,26
3239,57201,The Lone Ranger,7.6011,2013-07-03,6.128,6219
3240,1248251,Mollywood Times,6.759,2026-06-05,5.8,12
3241,228326,The Book of Life,7.7788,2014-10-01,7.535,2975
3242,204922,Before I Go to Sleep,8.2944,2014-09-03,6.489,2181
3243,111190,Adoration,7.2106,2013-04-03,6.1,1041
3244,450001,Master Z: Ip Man Legacy,6.7772,2018-12-20,6.526,600
3245,625568,Unhinged,7.9507,2020-07-16,6.424,2555
3246,16119,Cinderella III: A Twist in Time,8.0692,2007-02-06,6.551,1343
3247,334543,Lion,8.45,2016-11-24,8.04,7011
3248,17431,Moon,7.3181,2009-06-12,7.563,6383
3249,724934,Ei Ghor Ei Shongshar,7.2245,1996-04-05,7.5,2
3250,1658653,Vanishing Point,7.0492,2026-05-01,6.0,5
3251,450890,Os Filmes que Eu Não Fiz,7.0935,2013-10-30,0.0,0
3252,9486,Johnny English,8.1585,2003-03-14,6.3,3863
3253,10948,The Fox and the Hound,8.3446,1981-07-10,7.166,3547
3254,262504,Allegiant,8.0494,2016-03-09,6.1,7044
3255,9626,Red Sonja,7.592,1985-04-09,5.378,967
3256,10992,Cats & Dogs,7.8097,2001-07-04,5.394,1765
3257,11621,Porco Rosso,7.4968,1992-07-18,7.8,3761
3258,16307,The Wicker Man,6.8616,1973-12-06,7.328,1679
3259,7229,Ruby & Quentin,7.5745,2003-10-22,6.704,914
3260,277834,Moana,7.141,2016-10-13,7.565,13884
3261,380912,Vão Livre,6.6864,2014-01-28,10.0,1
3262,1392796,Diary of a Wimpy Kid: The Last Straw,8.4107,2025-12-04,6.78,41
3263,1077347,Confession Note - That SEX I Got Wet!,6.969,1997-01-01,2.0,1
3264,499191,Call Boy,7.7644,2018-04-06,6.5,56
3265,1589288,UFC 324: Gaethje vs. Pimblett,7.3588,2026-01-24,9.0,1
3266,12279,Spy Kids 3-D: Game Over,7.278,2003-07-25,5.131,2399
3267,391907,Purpose of Cohabitation,7.5509,2016-03-07,4.8,4
3268,1064486,Memoir of a Snail,6.629,2024-10-17,8.058,803
3269,9433,The Edge,7.3984,1997-09-06,6.855,1341
3270,1001835,Wifelike,6.4882,2022-08-12,6.639,327
3271,595,To Kill a Mockingbird,8.9373,1962-12-20,7.988,2906
3272,9631,The Negotiator,9.1993,1998-07-29,7.112,2429
3273,13939,Death Wish,7.3384,1974-07-24,6.9,969
3274,9671,Crocodile Dundee,6.8229,1986-09-26,6.447,2160
3275,997265,Rule 34,7.502,2023-01-19,5.31,21
3276,17529,True Grit,7.4072,1969-06-11,7.337,872
3277,28504,Spider Baby,8.1821,1967-12-24,6.86,186
3278,400617,Phantom Thread,7.9968,2017-12-25,7.315,3816
3279,1287536,Dora and the Search for Sol Dorado,6.9775,2025-07-02,6.492,128
3280,9042,The Cave,8.1209,2005-08-26,5.443,1041
3281,22947,Up in the Air,7.8087,2009-12-04,6.899,4067
3282,410762,Wind from the East,6.7502,1959-10-05,6.7,3
3283,1734262,Makcik Bawang,5.5515,2021-01-01,0.0,0
3284,1035048,Elevation,7.5995,2024-11-07,6.406,1023
3285,44943,Battle: Los Angeles,8.0342,2011-03-08,5.821,3790
3286,537061,Steven Universe: The Movie,7.124,2019-10-07,8.18,869
3287,9008,The Insider,7.7387,1999-10-28,7.459,2107
3288,87421,Riddick,8.1928,2013-09-02,6.347,4469
3289,262024,Arabian Coffee,7.2818,1968-01-01,5.25,8
3290,42337,Beau Pere,7.1532,1981-09-16,6.418,152
3291,6950,Outbreak,6.1519,1995-03-10,6.569,2532
3292,888239,Lakshya,6.4702,2016-03-18,0.0,0
3293,1376704,Buy Now! The Shopping Conspiracy,7.2327,2024-11-19,6.759,143
3294,1491,The Illusionist,7.3078,2006-08-18,7.302,5394
3295,3595,Ransom,6.4485,1996-11-08,6.693,2147
3296,602063,Rurouni Kenshin: The Final,8.1357,2021-04-23,7.7,554
3297,212778,Chef,7.3815,2014-05-08,7.109,3701
3298,666380,Tropicaltrance,7.015,2021-03-16,0.0,0
3299,309809,The Little Prince,8.2612,2015-07-29,7.616,3004
3300,855435,Faces of Death,7.0752,2026-04-10,5.605,119
3301,594151,Le pays,6.7612,2019-04-08,0.0,0
3302,406990,What Happened to Monday,9.1169,2017-08-18,7.144,6498
3303,249070,Hitman: Agent 47,7.3365,2015-08-20,5.903,3329
3304,644495,House of Gucci,8.2749,2021-11-24,6.559,3480
3305,286604,The Match,6.1417,1981-08-13,8.0,1
3306,399035,The Commuter,8.0756,2018-01-11,6.368,4703
3307,286448,On the Roofs of Budapest,6.7684,1961-08-10,10.0,1
3308,451228,Com o Terceiro Olho na Terra da Profanação,6.7847,2017-03-29,0.0,0
3309,328425,The Gift,8.0737,2015-07-31,6.701,3542
3310,635,Angel Heart,7.5856,1987-03-06,7.122,1764
3311,34016,She's Out of My League,7.7572,2010-03-11,6.495,2377
3312,480414,The Curse of La Llorona,7.701,2019-04-17,5.645,2704
3313,823482,Dream Scenario,6.8749,2023-11-10,6.655,1386
3314,340837,A Cure for Wellness,8.0263,2017-02-15,6.349,4246
3315,1327690,One Mile: Chapter Two,8.3848,2026-02-27,6.8,80
3316,41283,Faster,7.4525,2010-11-23,6.354,2139
3317,258480,Carol,7.0801,2015-11-20,7.5,3989
3318,586353,The Master and Margarita,6.5245,2024-01-25,6.804,163
3319,123338,Sex and Zen III,6.6946,1998-04-23,6.2,30
3320,10982,Hoodwinked!,8.4851,2005-12-16,6.317,1950
3321,1314786,Agent Zeta,8.2733,2026-03-20,6.666,169
3322,2757,Adaptation.,7.3575,2002-12-06,7.332,2820
3323,394291,Chapter 66,6.2826,1994-03-01,6.0,5
3324,1022356,Déjà vu,6.7449,2007-10-16,0.0,0
3325,1165366,De Gaulle: Résistance,7.1275,2026-06-03,7.8,163
3326,8195,Ronin,6.3348,1998-09-25,6.967,2723
3327,995133,"The Boy, the Mole, the Fox and the Horse",8.4431,2022-12-25,8.227,751
3328,651,M*A*S*H,7.0399,1970-02-18,6.942,1171
3329,193610,The Other Woman,7.6376,2014-04-16,6.425,3768
3330,32029,The Domino Principle,5.2792,1977-03-23,5.854,79
3331,1587964,They Fight,6.5294,2026-06-08,3.8,4
3332,176379,Gang of Batka Knysh,6.6504,1924-05-29,4.8,5
3333,1301994,Nurse Abi,7.8145,2024-06-21,3.5,2
3334,1473024,情窦初开,6.8029,1967-11-16,0.0,0
3335,1041613,Immaculate,7.5602,2024-03-20,6.204,1685
3336,286612,Suburban Legend,5.965,1957-08-12,8.0,1
3337,8095,Cleopatra,7.3983,1963-06-12,7.046,863
3338,809139,The Case of Xu Qiuying,7.0982,1958-07-29,7.0,1
3339,492,Being John Malkovich,6.6425,1999-10-29,7.42,4866
3340,1293162,Thieves Highway,7.5438,2025-11-07,7.459,74
3341,712,Four Weddings and a Funeral,7.6054,1994-03-09,6.776,3028
3342,201085,Crimson Peak,9.4888,2015-10-13,6.662,5299
3343,36419,After.Life,7.2972,2009-11-07,6.325,1249
3344,380723,Pepo,6.8118,1935-06-15,4.9,8
3345,215269,A Harum-Scarum Family,6.7583,1981-12-24,6.8,5
3346,11077,Problem Child,7.1288,1990-07-27,6.181,934
3347,48171,The Rite,7.6046,2011-01-28,6.122,2278
3348,719221,Tarot,8.7055,2024-05-01,6.341,1434
3349,13971,Wild Child,7.944,2008-08-15,6.698,1929
3350,13485,Holiday Inn,7.3456,1942-07-10,7.037,228
3351,11470,Jason X,7.2587,2001-11-09,4.861,1539
3352,1244531,Beast of War,5.6081,2025-08-22,6.1,136
3353,335360,My Little Pony: The Movie,8.218,2017-10-05,7.283,431
3354,1007499,Sneeze,6.7555,2011-02-12,0.0,0
3355,6075,Carlito's Way,7.591,1993-11-10,7.825,3522
3356,11011,Ri¢hie Ri¢h,6.8958,1994-12-19,5.951,2454
3357,1102400,Lymerivna,6.8166,1955-08-21,7.0,1
3358,644538,Drowsy City,7.1855,2019-11-21,5.0,1
3359,59436,Midnight in Paris,7.4691,2011-05-11,7.5,7806
3360,294963,Bone Tomahawk,6.6454,2015-10-23,6.882,2580
3361,670686,Father Father,6.5059,2019-07-13,0.0,0
3362,1199193,Pose,7.299,2026-02-25,6.079,38
3363,641,Requiem for a Dream,6.8395,2000-10-06,8.009,11139
3364,619803,The Roundup,7.6624,2022-05-18,7.336,448
3365,12163,The Wrestler,7.424,2008-09-07,7.544,4079
3366,10634,Friday,6.9185,1995-04-26,7.148,2060
3367,151960,Planes,7.3443,2013-08-09,5.938,1852
3368,929826,The Death of Lazarus,6.3937,2022-01-24,10.0,1
3369,796499,Army of Thieves,7.433,2021-10-29,6.798,2318
3370,556565,Dong jin xu qu,7.0214,1962-01-01,6.333,3
3371,675797,And When Do I Sleep?,6.6478,2020-03-16,0.0,0
3372,850165,The Iron Claw,7.7254,2023-12-21,7.506,1294
3373,293909,Zhao Yiman,7.0671,1950-07-30,6.0,1
3374,391757,Never Back Down: No Surrender,6.9223,2016-06-07,7.044,515
3375,286619,Fig-Leaf,6.6457,1966-08-12,7.5,2
3376,116,Match Point,7.7315,2005-10-26,7.362,4419
3377,346685,The Girl on the Train,7.2937,2016-10-05,6.437,6096
3378,809088,Vijaya Kuweni,6.4971,2012-05-06,0.0,0
3379,32629,A Chinese Torture Chamber Story,7.1258,1994-05-19,5.7,73
3380,9268,Eraser,8.0014,1996-06-21,6.098,2079
3381,323260,The Gigolo,7.2714,2015-01-29,5.411,45
3382,9313,The Man in the Iron Mask,7.2314,1998-03-12,6.655,4181
3383,584313,Uniform Virgin Pain,6.1093,1981-09-25,4.0,9
3384,985,Eraserhead,9.5206,1977-09-28,7.335,2783
3385,1235192,Wormtown,6.449,2025-09-27,5.775,20
3386,9762,Step Up,7.2517,2006-08-11,6.876,3941
3387,675871,Super Troopers 3,6.8524,2026-08-06,0.0,0
3388,316960,Zhang Ga the Soldier Boy,6.6651,1963-01-01,7.1,7
3389,399361,Triple Frontier,7.66,2019-03-06,6.33,3588
3390,9056,Police Story,6.9184,1985-12-14,7.555,1074
3391,9012,Jackass: The Movie,6.9991,2002-10-25,6.332,1776
3392,911146,Щедрость,6.5379,1992-01-01,0.0,0
3393,2133,The Perfect Storm,6.9201,2000-06-29,6.483,2610
3394,397567,Along with the Gods: The Two Worlds,8.0032,2017-12-20,8.0,1207
3395,10617,Once Upon a Time in China,7.8888,1991-08-15,7.106,491
3396,1003154,It Is Quiet Here,6.6388,2022-08-15,0.0,0
3397,200016,Tamas and Juli,6.5819,1997-12-18,5.125,8
3398,1589906,UFC 325: Volkanovski vs. Lopes 2,7.5323,2026-01-31,9.0,1
3399,492101,New Golden Lotus  I,6.7941,1996-03-08,6.2,10
3400,492101,New Golden Lotus  I,6.7941,1996-03-08,6.2,10
3401,1122381,Ekaa Ekaa,6.3364,2011-12-31,0.0,0
3402,1105074,The Last Night of Misery,6.6746,2020-04-25,0.0,0
3403,1337288,Under the Threat,5.8877,2017-03-18,0.0,0
3404,419704,Ad Astra,7.5076,2019-09-17,6.133,7318
3405,747600,After the Rain,6.3121,2019-09-26,10.0,1
3406,1241755,TL,6.9693,2024-03-30,5.857,7
3407,27449,Baby Face,6.8676,1933-07-13,7.234,156
3408,9531,Superman III,7.2891,1983-06-17,5.514,1910
3409,1205515,"Sorry, Baby",7.395,2025-06-27,6.831,320
3410,632920,The Wandering Witch,7.0076,2018-10-01,5.0,2
3411,5994,The Family Man,7.0112,2000-12-12,6.826,2248
3412,397691,Tokio,6.5817,2014-06-21,5.8,4
3413,462275,The Last But One,6.7211,1963-01-01,9.0,1
3414,9036,Eight Below,8.1134,2006-02-17,7.0,1847
3415,48138,Unknown,8.1159,2011-02-16,6.689,4229
3416,11371,The Score,8.1416,2001-07-13,6.71,1905
3417,784175,Happiness,7.1205,1958-03-11,0.0,0
3418,9462,The Way of the Dragon,7.0386,1972-12-30,7.385,1314
3419,13665,Arthur,6.9587,1981-07-17,6.507,479
3420,1363899,True Beauty: The Movie - Part 1,6.7176,2025-03-20,6.625,8
3421,1734829,Jurnal Suraya,5.8174,2017-01-01,0.0,0
3422,559527,The Heroine of Tianhu Lake,6.7548,1988-01-01,0.0,0
3423,9598,Babe,7.0828,1995-07-18,6.292,3169
3424,47327,Drive Angry,8.4047,2011-02-24,5.544,2076
3425,16103,The Loneliness of the Long Distance Runner,7.1064,1962-09-20,7.186,172
3426,1111263,Dzhalma,6.7568,1929-02-26,0.0,0
3427,82700,After Earth,8.2539,2013-05-30,5.18,6917
3428,7347,Elite Squad,7.7123,2007-10-05,8.06,2763
3429,424139,Halloween,8.2459,2018-10-18,6.6,5112
3430,967998,Fatal Conspiracy,6.178,2022-05-26,5.75,4
3431,9344,Kids,8.3942,1995-07-21,6.886,1325
3432,4553,The Machinist,8.0729,2004-09-24,7.521,6249
3433,1535,Spy Game,7.4848,2001-11-18,6.921,2398
3434,9954,The Covenant,7.9605,2006-09-07,5.599,1118
3435,1006407,Confidential Agent No.5,6.5587,1984-06-01,0.0,0
3436,994108,All of Us Strangers,5.9283,2023-12-22,7.38,1050
3437,734413,Metro Kathalu,5.9256,2020-08-14,0.0,0
3438,761053,Gabriel's Inferno: Part III,6.9426,2020-11-19,8.339,1093
3439,6520,First Knight,8.0339,1995-07-07,6.103,1357
3440,614696,#Alive,7.9587,2020-06-24,7.207,2084
3441,11007,Cheaper by the Dozen,7.4113,2003-12-24,6.287,2978
3442,10331,Night of the Living Dead,7.2606,1968-10-04,7.607,2781
3443,178154,The American Angels: Baptism of Blood,7.446,,5.286,7
3444,567189,Tom Clancy's Without Remorse,7.6777,2021-04-30,6.937,2766
3445,1455079,"You, Me & Tuscany",8.6976,2026-04-09,7.4,98
3446,77174,ParaNorman,7.0612,2012-08-03,7.0,2824
3447,7350,The Bucket List,7.2405,2007-12-25,7.191,4154
3448,423696,The Baby and the Rascals,6.3692,1984-10-31,7.0,3
3449,35056,Date Night,8.293,2010-04-08,6.12,3104
3450,1118031,Apocalypse Z: The Beginning of the End,7.3888,2024-10-04,6.743,1269
3451,691972,Guests,7.25,2015-10-10,0.0,0
3452,582,The Lives of Others,7.5737,2006-03-23,8.038,4184
3453,87516,Oldboy,7.6816,2013-11-14,5.934,2162
3454,569060,In Soupy Mountain,6.8252,1959-01-01,0.0,0
3455,11918,Superhero Movie,7.5289,2008-03-28,5.315,2056
3456,303857,Dragon Ball Z: Resurrection 'F',6.9532,2015-04-18,6.9,2049
3457,97698,Raping!,6.2779,1978-11-18,4.9,7
3458,852363,18 Year Old Model Rika's Fancy Walk,6.8487,2020-09-28,5.1,5
3459,1014505,OVERLORD: The Sacred Kingdom,6.6737,2024-09-20,7.8,199
3460,10590,We Were Soldiers,7.5383,2002-03-01,7.137,2324
3461,682012,Little Amélie or the Character of Rain,6.761,2025-06-25,7.9,196
3462,134764,Due West: Our Sex Journey,6.6588,2012-09-20,6.051,59
3463,532639,Pinocchio,7.2936,2022-09-07,6.264,1757
3464,11638,Guess Who,7.6798,2005-03-25,6.008,1002
3465,41402,Let Me In,9.1009,2010-10-01,6.793,2235
3466,481848,The Call of the Wild,7.6961,2020-02-19,7.511,3976
3467,940452,Alive and Undefeated,5.8192,2016-11-01,5.6,5
3468,570297,The Girl from Mount Huangshan,7.03,1984-12-01,8.0,1
3469,1147411,"Miraculous World: Tokyo, Stellar Force",5.8543,2025-12-07,8.5,59
3470,1100099,We Live in Time,7.3027,2024-10-10,7.225,1325
3471,11009,Saturday Night Fever,6.9985,1977-12-16,6.734,2111
3472,329996,Dumbo,7.3451,2019-03-27,6.586,4553
3473,920097,I Am the Groom,6.2272,2018-03-01,0.0,0
3474,207282,The Swamp Wader,6.3718,1966-07-13,5.25,4
3475,8277,American Pie Presents: Beta House,7.9243,2007-12-10,5.636,2053
3476,1844,Entrapment,7.4424,1999-04-29,6.237,2268
3477,493192,Jesta,6.7013,2017-12-01,3.0,0
3478,8699,Anchorman: The Legend of Ron Burgundy,7.5526,2004-06-28,6.702,4671
3479,1092936,The Holy Boy,6.7388,2025-09-17,6.9,149
3480,363111,Wolves at the Door,7.4077,2016-10-21,4.892,240
3481,752397,Blue Heart,7.1278,2021-04-27,3.8,5
3482,106520,The White Crocodile,6.6863,1982-02-01,10.0,1
3483,298312,The Visit,8.0037,2015-09-10,6.317,5242
3484,36670,Never Say Never Again,7.7231,1983-10-07,6.081,1648
3485,1179684,Amsterdamned II,6.4888,2025-11-30,5.31,29
3486,580175,Another Round,6.9983,2020-09-24,7.627,3835
3487,937941,Shelby Oaks,7.8872,2025-10-02,5.681,287
3488,1103440,Duma about Brytanka,6.314,1970-02-02,8.0,1
3489,1965,A Perfect Murder,7.0278,1998-06-05,6.555,1586
3490,9800,Philadelphia,7.2858,1993-12-22,7.709,4699
3491,241848,The Guest,7.4836,2014-09-05,6.627,2176
3492,1396965,Detective Conan: One-Eyed Flashback,6.5597,2025-04-18,7.2,52
3493,760741,Beast,7.7204,2022-08-11,6.533,1792
3494,13803,Amusement,7.275,2008-10-09,5.589,384
3495,646097,Rebel Ridge,7.5232,2024-08-27,6.962,1670
3496,518244,Scandalous Sex,6.6208,2004-01-01,6.9,103
3497,1571470,The Rats: A Witcher Tale,6.8371,2025-10-29,5.404,166
3498,1002563,Gupchup,6.213,2022-06-10,0.0,0
3499,50548,Storm,5.806,2009-10-02,6.7,8
3500,1858,Transformers,6.5902,2007-06-27,6.843,12381
3501,8386,How High,6.4177,2001-12-21,6.362,1076
3502,205775,In the Heart of the Sea,7.9004,2015-12-03,6.775,4426
3503,72387,Safe,7.2158,2012-04-16,6.497,2724
3504,1083637,Kantara - A Legend: Chapter 1,7.1228,2025-10-01,7.2,90
3505,8676,Fool's Gold,8.4279,2008-02-07,5.794,1621
3506,44826,Hugo,8.031,2011-11-22,7.175,7742
3507,559907,The Green Knight,8.129,2021-07-29,6.591,2248
3508,1381,The Fountain,8.4503,2006-11-22,6.899,3153
3509,1227877,I Love Boosters,6.5235,2026-05-21,6.022,89
3510,1422562,The Moment,6.7135,2026-01-30,6.3,71
3511,22971,Dear John,9.1698,2010-02-04,6.836,4318
3512,930915,Thank you for Being Here,6.6884,2023-03-17,0.0,0
3513,157353,Transcendence,7.6794,2014-04-16,6.076,5872
3514,9003,Hellraiser,7.2781,1987-09-11,6.883,2925
3515,1245398,True Fear,6.4591,2024-09-06,6.6,9
3516,4133,Blow,6.8297,2001-04-04,7.354,4652
3517,455839,Time Trap,7.5459,2017-05-19,6.3,1361
3518,52451,The Three Musketeers,7.4859,2011-08-31,5.791,2823
3519,283566,Evangelion: 3.0+1.0 Thrice Upon a Time,8.698,2021-03-08,8.2,968
3520,520023,Bodies Bodies Bodies,6.7041,2022-08-05,6.148,1496
3521,25475,Tinker Bell and the Lost Treasure,8.6222,2009-09-03,6.837,1135
3522,919912,Lonely People,6.6594,2021-08-12,0.0,0
3523,1151272,Sirāt,6.8238,2025-06-06,6.859,714
3524,998276,Premam,6.5749,2022-06-03,0.0,0
3525,432586,Sztornó,6.3115,2006-11-16,7.0,2
3526,1428299,Achilles Returns,6.6988,2026-05-25,7.5,4
3527,773804,Female Urologists 3,7.4062,2020-12-03,5.2,7
3528,242224,The Babadook,7.3584,2014-05-22,6.539,6491
3529,52520,Underworld: Awakening,5.8956,2012-01-19,6.335,4409
3530,799766,Better Man,8.6126,2024-12-06,7.644,888
3531,218746,Young Mother,6.4158,2013-07-31,4.975,20
3532,9610,Conan the Destroyer,6.9349,1984-06-29,6.143,1694
3533,41216,Legend of the Guardians: The Owls of Ga'Hoole,7.545,2010-07-10,6.834,2524
3534,67120,Sex and the Emperor,7.0007,1994-02-10,4.043,23
3535,9542,The Hitcher,7.3467,1986-01-17,6.955,1082
3536,1591834,Familia a la deriva,6.2318,2026-01-22,8.324,111
3537,974931,Totally Killer,6.912,2023-09-28,6.8,1147
3538,1456349,It Was Just an Accident,7.5604,2025-10-01,7.156,628
3539,2119,Days of Thunder,7.2186,1990-06-27,6.393,1751
3540,1456349,It Was Just an Accident,7.5604,2025-10-01,7.156,628
3541,2119,Days of Thunder,7.2186,1990-06-27,6.393,1751
3542,1417677,Bill Burr: Drop Dead Years,7.4024,2025-03-13,7.22,66
3543,454603,Tokaj Wine,6.5571,1941-02-14,7.0,1
3544,1316427,7 Dogs,6.8982,2026-05-27,6.077,13
3545,9906,The Ant Bully,7.7464,2006-07-28,5.794,1491
3546,343469,Red-Letter Days,6.4241,1967-06-05,7.0,1
3547,9823,Mortal Kombat: Annihilation,6.7316,1997-11-11,4.559,1376
3548,349092,Lewd Family: Stepmother's Bedroom,6.3915,1991-01-12,3.4,5
3549,365427,Tropykaos,6.4954,2018-04-05,0.0,0
3550,1139829,Orion and the Dark,6.8408,2024-02-01,6.517,666
3551,37056,Letters to Juliet,6.9834,2010-05-13,7.001,3038
3552,1339876,Mardaani 3,7.2022,2026-01-30,7.675,40
3553,388399,Patriots Day,8.8927,2016-12-12,7.1,2885
3554,582014,Promising Young Woman,7.2423,2020-12-13,7.377,3770
3555,568620,Snake Eyes: G.I. Joe Origins,7.7496,2021-07-22,6.43,1744
3556,11087,The Hand That Rocks the Cradle,6.9518,1992-01-10,6.903,1031
3557,1242501,Icefall,7.0887,2025-10-16,6.4,209
3558,384680,Hostiles,7.5641,2017-12-22,6.947,2543
3559,9535,Analyze This,7.6878,1999-03-05,6.513,2168
3560,4552,A Tale of Two Sisters,7.4599,2003-06-13,7.1,1370
3561,44741,Malicious,6.618,1973-03-29,7.331,367
3562,11850,Invasion of the Body Snatchers,6.3155,1978-12-20,7.225,1360
3563,9726,A Good Year,7.7345,2006-09-09,6.689,1659
3564,403092,La redención,6.3346,2015-10-31,0.0,0
3565,338969,The Toxic Avenger Unrated,7.6409,2025-08-28,5.965,410
3566,1067876,Shin mibôjin geshuku: Sanshoku soi netsuki,5.2104,1987-11-17,2.0,2
3567,1139195,Lagila Ranga Golapi Golapi,6.4402,2023-06-09,0.0,0
3568,23742,Cop Out,6.7189,2010-02-26,5.553,1655
3569,1663082,The Last Supper,6.1399,2025-10-23,6.833,6
3570,604685,Den of Thieves 2: Pantera,8.4777,2025-01-08,6.586,840
3571,60307,Diary of a Wimpy Kid: Rodrick Rules,6.6856,2011-03-25,6.739,1272
3572,225197,Miss Ameriguá,6.8386,1994-05-19,7.0,1
3573,9665,Glory,7.2442,1989-12-15,7.486,1836
3574,10843,After Hours,6.6227,1985-09-13,7.49,1787
3575,855376,妇女代表,7.1412,1953-01-01,0.0,0
3576,1446616,Tu Yaa Main,7.0107,2026-02-11,6.316,57
3577,71,Billy Elliot,6.824,2000-09-28,7.596,4133
3578,212459,Chiles xalapeños,6.5266,2008-02-01,3.125,8
3579,3580,Changeling,5.7667,2008-10-24,7.574,4544
3580,1223142,Girl Upstairs Who Likes Big Things,6.8674,2023-12-01,1.5,2
3581,188161,A Million Ways to Die in the West,7.6009,2014-05-22,6.051,4467
3582,292431,Love,6.785,2015-07-15,6.457,2696
3583,152584,Blue Is the Warmest Color,6.7364,2013-10-09,7.072,4894
3584,407436,Mowgli: Legend of the Jungle,7.4499,2018-11-25,6.475,2627
3585,1581366,Next Room Affair,7.5683,2025-11-25,7.0,4
3586,9574,Flubber,7.1994,1997-11-26,5.673,2594
3587,539745,Animal Farm,7.5114,2026-04-30,6.455,99
3588,1557848,The Sleeper,6.9566,2025-10-29,5.833,6
3589,1421903,Werwulf,7.6506,2026-12-25,0.0,0
3590,1081773,Kanyadana,6.9431,2023-01-29,0.0,0
3591,1734197,Chomel,5.3151,2021-01-01,0.0,0
3592,97630,Zero Dark Thirty,7.6594,2012-12-19,6.993,4943
3593,1093995,Chief of Station,7.0581,2024-05-02,6.245,251
3594,1439112,Muzzle: City of Wolves,6.4542,2025-11-13,6.6,151
3595,9326,Romancing the Stone,7.0029,1984-03-30,6.773,2079
3596,22894,Legion,6.6429,2010-01-21,5.912,2919
3597,645886,The Unforgivable,6.8755,2021-11-24,7.411,2087
3598,659175,Ghost Hour,6.4799,2013-05-04,6.1,4
3599,1147400,"Miraculous World: Paris, Tales of Shadybug and Claw Noir",6.9927,2024-02-11,7.3,548
3600,1147400,"Miraculous World: Paris, Tales of Shadybug and Claw Noir",6.9927,2024-02-11,7.3,548
3601,671725,Chompy & the Girls,6.8537,2021-09-14,5.85,30
3602,535366,Jango,6.1545,2017-10-19,0.0,0
3603,16577,Astro Boy,7.33,2009-10-15,6.337,1666
3604,1286663,Control Freak,7.2645,2025-03-12,5.599,91
3605,11329,Runaway Jury,8.3443,2003-10-17,6.948,1576
3606,8741,The Thin Red Line,7.6153,1998-12-23,7.441,3362
3607,328688,Orang Minyak,6.1691,2007-11-15,0.0,0
3608,5549,RoboCop 2,7.4122,1990-06-22,6.038,2167
3609,862551,Me Time,7.4587,2022-08-26,5.848,1043
3610,912378,Dridam,6.0589,2026-05-08,5.111,9
3611,1096992,Guddu Gangster,6.2656,2023-06-13,0.0,0
3612,8697,Who Am I?,6.9641,1998-01-17,7.15,1017
3613,809140,Father Stu,9.0107,2022-04-13,7.1,752
3614,9378,Thir13en Ghosts,8.3085,2001-10-25,6.3,2417
3615,340666,Nocturnal Animals,7.2143,2016-11-04,7.407,8357
3616,1105602,Step Mother is Nineteen,6.2125,2020-12-20,0.0,0
3617,152532,Dallas Buyers Club,6.7171,2013-11-01,7.91,9168
3618,2619,Splash,6.9379,1984-03-09,6.26,1507
3619,6488,Arachnophobia,7.1218,1990-07-20,6.452,1552
3620,1008953,Incoming,6.7888,2024-08-22,6.266,384
3621,13285,Barbie Fairytopia: Mermaidia,6.3699,2006-03-14,6.883,743
3622,351938,Nevermore - Três Pesadelos e Um Delírio de Edgar Allan Poe,6.4872,2011-06-10,0.0,0
3623,7450,Titan A.E.,6.9169,2000-06-16,6.626,1212
3624,19186,The Parent Trap,6.8072,1961-05-13,7.029,431
3625,512306,Dhauli Express,6.9299,2007-08-04,0.0,0
3626,9972,Lock Up,6.8082,1989-08-04,6.802,1343
3627,46838,Tucker and Dale vs. Evil,8.593,2010-01-22,7.402,3234
3628,207933,Stonehearst Asylum,7.7155,2014-10-23,6.852,1619
3629,44683,Tinker Bell and the Great Fairy Rescue,7.0719,2010-07-29,6.776,1029
3630,1010600,The Strangers: Chapter 1,6.9008,2024-05-15,5.7,819
3631,420808,Peter Pan & Wendy,8.0633,2023-04-20,5.403,779
3632,450228,Csodálatos vadállatok,6.2469,2005-05-22,9.0,1
3633,462183,Wild Awakening,8.9077,2016-10-23,5.295,22
3634,575299,Fidelity,6.8855,2019-10-31,6.653,331
3635,1123598,Little Stories About Children Who...,6.6665,1961-05-23,8.0,1
3636,1232449,Young Hearts,7.5327,2024-10-26,8.592,298
3637,483,Wild at Heart,6.9952,1990-08-17,7.029,1939
3638,175112,Tinker Bell and the Pirate Fairy,7.778,2014-02-13,6.957,1094
3639,1880,Red Dawn,6.891,1984-08-10,6.297,900
3640,1880,Red Dawn,6.891,1984-08-10,6.297,900
3641,1281,Bean,6.5604,1997-07-03,6.482,2633
3642,46498,Candy,7.1037,1968-12-17,5.1,83
3643,691,The Spy Who Loved Me,7.4861,1977-07-07,6.821,2276
3644,10357,Volcano,6.9708,1997-04-25,5.973,1726
3645,774172,Mynosy,6.2898,2019-02-27,5.0,1
3646,699,For Your Eyes Only,7.2694,1981-06-24,6.546,2119
3647,11319,The Rescuers,8.9953,1977-06-22,6.791,2707
3648,915523,Wildflower,6.746,2023-03-17,7.392,125
3649,11230,Drunken Master,7.8544,1978-10-05,7.384,1147
3650,10431,War,7.7331,2007-08-24,6.408,2090
3651,2069,The Whole Nine Yards,6.6175,2000-02-18,6.466,2104
3652,966220,Sniper: The White Raven,6.3814,2022-05-03,7.71,931
3653,9992,Arthur and the Invisibles,7.5642,2006-12-13,6.399,3079
3654,1007501,Someone,6.1301,2012-11-01,0.0,0
3655,2320,Executive Decision,6.5985,1996-03-15,6.349,1053
3656,1264939,Unpredictable,6.901,2024-05-09,5.2,10
3657,108450,The Smile of the Fox,6.6935,1992-05-23,5.1,62
3658,10222,Kickboxer,6.3227,1989-04-20,6.841,1601
3659,10998,Fatal Attraction,7.0025,1987-09-18,6.836,1715
3660,1304434,Nobody,6.8138,2025-08-02,7.9,82
3661,227973,The Peanuts Movie,7.4016,2015-11-05,6.978,1818
3662,164,Breakfast at Tiffany's,7.6712,1961-10-06,7.619,4520
3663,682826,My Friend's Daughter,5.9245,2020-03-09,0.0,0
3664,1284041,The Last House,7.2182,2026-08-07,0.0,0
3665,639220,The Cook and the Singer,6.3677,1979-07-09,0.0,0
3666,1371185,Song Sung Blue,7.6533,2025-12-15,7.363,280
3667,420070,A Man in a Green Kimono,6.5176,1992-02-11,9.0,2
3668,80794,Daughter of Darkness,6.69,1993-10-28,5.5,28
3669,337007,The Tunnel,6.3844,1980-04-23,0.0,0
3670,119893,An American Girl: McKenna Shoots for the Stars,6.6579,2012-07-14,6.76,50
3671,11199,Wild Hogs,7.9486,2007-03-02,5.968,2489
3672,1247464,LUMEN - Всегда 17 — всегда война,5.9756,2015-05-26,9.0,1
3673,50839,Margin Call,7.7117,2011-09-28,6.863,2131
3674,10377,My Cousin Vinny,6.6372,1992-03-13,7.499,1925
3675,8470,John Q,7.188,2002-02-15,7.135,2661
3676,2064,While You Were Sleeping,7.4037,1995-04-21,7.036,2026
3677,539885,Ava,6.2252,2020-07-02,5.8,2783
3678,437342,The First Omen,8.4084,2024-04-03,6.803,1355
3679,1307373,Wasteman,6.3599,2026-02-20,7.293,70
3680,1307373,Wasteman,6.3599,2026-02-20,7.293,70
3681,674670,Camp Fire Stories,6.2095,2020-03-26,3.0,4
3682,1032425,The Dead Don't Hurt,6.2451,2024-05-01,6.498,217
3683,97,Tron,7.3506,1982-07-09,6.629,2803
3684,731109,Construção,5.8298,2020-08-20,0.0,0
3685,8974,The War of the Worlds,6.8197,1953-04-03,6.805,716
3686,17692,Jaws 3-D,8.0595,1983-07-22,4.5,1436
3687,1032892,In the Blink of an Eye,6.8115,2026-01-26,5.743,144
3688,109091,The Counselor,7.8612,2013-10-25,5.292,2010
3689,921462,L'INVITÉE,6.3172,2020-04-09,7.0,1
3690,8374,The Boondock Saints,6.7748,1999-01-22,7.252,2743
3691,12207,The Legend of Drunken Master,8.7942,1994-02-03,7.459,1111
3692,639412,Secrets of the Wind,6.1639,2020-01-31,0.0,0
3693,420814,Christopher Robin,7.7742,2018-08-01,7.296,2948
3694,15373,Role Models,7.4702,2008-11-07,6.484,2189
3695,1479178,Don't Call Me Mama,6.0738,2025-10-10,6.556,9
3696,8643,The Exorcism of Emily Rose,7.2779,2005-09-09,6.61,3103
3697,605722,Long Distance,6.6218,2024-07-12,6.569,274
3698,53658,God of Gamblers III: Back to Shanghai,6.1651,1991-08-21,7.0,88
3699,709,Licence to Kill,8.5667,1989-06-13,6.437,2204
3700,530254,The Witch: Part 1. The Subversion,6.846,2018-06-27,7.918,771
3701,1450527,Forbidden Fruits,6.4196,2026-03-26,6.0,78
3702,235572,Till Tomorrow,6.3245,1929-11-11,5.6,5
3703,8584,Shanghai Noon,5.6044,2000-05-26,6.418,2817
3704,271969,Ben-Hur,7.1316,2016-08-17,5.776,1811
3705,1278101,Big World,6.0037,2024-12-27,8.404,103
3706,1075175,How to Have Sex,6.0461,2023-11-02,6.23,519
3707,198545,Petőfi '73,6.3135,1973-06-16,5.75,4
3708,33542,Rumble in the Bronx,7.2374,1995-01-21,6.862,1204
3709,10974,Armour of God,9.1923,1986-08-16,7.05,670
3710,1008368,Mawkib Al-Ebaa,6.3007,2005-01-01,0.0,0
3711,10734,Escape from Alcatraz,7.2762,1979-06-22,7.5,3224
3712,5279,Gosford Park,6.085,2001-12-26,6.8,1264
3713,63623,Men and Women,6.2602,1999-11-20,5.278,9
3714,123719,Kanımdaki Barut,6.0942,2009-03-26,4.0,1
3715,21835,A Chinese Odyssey Part Two: Cinderella,6.1454,1995-02-04,7.7,268
3716,234544,"Kaoru Kiri: The Best Lesbian in Japan, Authentic Account",6.3054,1974-08-28,5.0,4
3717,505192,Shoplifters,5.68,2018-06-02,7.83,2331
3718,227156,The Giver,8.1754,2014-08-13,6.557,4674
3719,110143,Craving Desire,7.5444,1993-06-09,4.8,35
3720,110143,Craving Desire,7.5444,1993-06-09,4.8,35
3721,263642,Madhuraiyai Meetta Sundharapandiyan,6.2246,1978-01-14,9.0,1
3722,1433124,Maryam: The Untold Story,4.2792,2025-09-18,4.583,6
3723,1181540,Guns Up,6.5015,2025-05-15,6.467,241
3724,205,Hotel Rwanda,6.4618,2004-12-22,7.716,3219
3725,1364,Sex and Lucía,6.8207,2001-08-24,6.685,650
3726,834541,Homunculus,6.4926,1988-01-01,4.0,3
3727,9587,Little Women,7.5704,1994-12-21,7.275,1359
3728,81529,The Story of Linda,6.479,1981-05-29,4.875,28
3729,365620,Ferrari,7.1003,2023-12-14,6.365,1278
3730,400027,Father,6.6539,2015-08-10,0.0,0
3731,615677,We Can Be Heroes,6.615,2020-12-25,5.939,822
3732,493954,Hami Teen Bhai,6.4645,2004-10-13,8.0,1
3733,490,The Seventh Seal,7.366,1957-02-16,8.142,3398
3734,405892,Swordsman Online,6.3154,2007-02-09,1.5,1
3735,1732445,Lockdown 2,5.3931,2022-01-01,0.0,0
3736,1360610,The Menendez Brothers,6.755,2024-10-07,7.281,169
3737,415227,Emberrabló lányok,6.4004,1990-01-01,0.0,0
3738,83201,Puss in Boots: The Three Diablos,6.3667,2012-02-07,6.538,532
3739,117251,White House Down,7.521,2013-06-27,6.467,5165
3740,1722754,스와핑 하던 날,6.9917,2017-01-10,0.0,0
3741,1167880,The Scandalous History of the Empress,6.5104,1987-10-10,0.0,0
3742,149870,The Wind Rises,7.4842,2013-07-20,7.787,3423
3743,854053,RAmén,5.955,2019-06-24,0.0,0
3744,1469354,Border Hunters,5.824,2025-10-20,6.207,58
3745,1071639,Hirano and Kagiura,6.555,2023-02-17,7.0,1
3746,72331,Abraham Lincoln: Vampire Hunter,7.6036,2012-06-20,5.759,3595
3747,9870,Forgetting Sarah Marshall,7.1314,2008-04-17,6.506,3745
3748,384521,The Cloverfield Paradox,7.3541,2018-02-04,5.64,3625
3749,432783,Alpine Sunlight,6.3436,1941-05-21,8.0,1
3750,4946,The Swimming Pool,7.5812,1969-01-31,6.976,574
3751,1083862,Resident Evil: Death Island,6.7597,2023-06-22,7.267,1127
3752,9530,RV,6.9902,2006-04-28,5.905,1818
3753,112205,The Family,7.2117,2013-09-13,6.36,3144
3754,10159,The Rundown,7.5251,2003-09-26,6.448,2215
3755,1146723,"Sex, Medicated, Rock’n’Roll",6.5299,2013-11-02,0.0,0
3756,157433,Pet Sematary,7.6365,2019-04-04,5.744,3464
3757,11529,Sweet Home Alabama,7.1176,2002-09-26,6.426,1749
3758,839185,Three Black Triangles,6.3111,1977-01-01,7.0,2
3759,2289,Cold Mountain,7.6641,2003-12-24,6.94,1997
3760,409221,Mazes,6.415,2008-05-25,0.0,0
3761,588648,Dragonkeeper,7.182,2024-04-11,7.604,225
3762,88934,Adiós Amigo,5.7638,1975-12-25,4.667,6
3763,22972,Green Zone,7.6609,2010-03-11,6.484,2416
3764,2671,Ring,8.103,1998-01-31,7.097,1695
3765,547341,When Grandmother Is Away,6.8083,1985-01-01,0.0,0
3766,10147,Bad Santa,7.3114,2003-11-26,6.566,2424
3767,9913,The Skeleton Key,6.8845,2005-07-29,6.62,2335
3768,50348,The Lincoln Lawyer,6.7154,2011-03-17,7.209,3701
3769,1020125,Nishwas,6.2764,2022-09-15,9.0,1
3770,716739,Dias Felizes,5.5747,2020-01-01,0.0,0
3771,535,Flashdance,6.4348,1983-04-14,6.49,1630
3772,701112,Good Wife Firm,6.8787,2019-05-27,3.0,1
3773,2636,The Specialist,7.2363,1994-10-07,5.948,1468
3774,9346,Risky Business,7.077,1983-08-05,6.589,1493
3775,578701,Those Who Wish Me Dead,7.8559,2021-05-05,6.599,1881
3776,439,La Dolce Vita,6.9318,1960-02-05,8.0,2046
3777,258509,Alvin and the Chipmunks: The Road Chip,7.6542,2015-12-17,6.039,1785
3778,10402,Deuce Bigalow: Male Gigolo,6.7217,1999-12-10,5.973,1568
3779,5336,"Salò, or the 120 Days of Sodom",6.6093,1976-01-10,6.341,2326
3780,364556,The Village of Widows,6.2512,1989-01-01,7.0,1
3781,535292,21 Bridges,8.741,2019-10-24,6.8,2183
3782,1538497,Hexed,6.4526,2026-11-25,0.0,0
3783,74465,We Bought a Zoo,6.6565,2011-11-26,6.835,2972
3784,20760,Lilo & Stitch 2: Stitch Has a Glitch,7.7152,2005-08-22,6.702,1645
3785,11249,Seed of Chucky,7.9232,2004-11-12,5.5,1777
3786,1122403,Mathare Dei Pata Odhani,6.7639,2011-12-31,0.0,0
3787,14412,Body Heat,7.3719,1981-08-28,7.0,703
3788,351523,Purpose of Reunion,5.7951,2015-08-06,6.328,32
3789,332210,Storks,7.69,2016-09-22,6.681,2545
3790,334762,A Rainy Sunday,6.0474,1962-11-15,7.0,1
3791,26877,Naked Killer,6.3037,1992-12-03,6.037,95
3792,23437,A Nightmare on Elm Street,7.3278,2010-04-30,5.525,2950
3793,479997,Decisão,5.8206,1997-01-01,10.0,1
3794,860340,My Girlfriend's Mother 3,6.6268,2019-03-22,5.0,4
3795,6068,Six Days Seven Nights,6.6387,1998-06-12,6.108,1647
3796,763,Braindead,6.7149,1992-08-13,7.387,1879
3797,723562,Actresses: Sex Audition,6.9961,2020-07-03,5.75,4
3798,795514,The Fallout,6.4409,2021-03-17,7.5,1320
3799,1577,Resident Evil: Apocalypse,5.9447,2004-09-10,6.367,4845
3800,59,A History of Violence,6.9091,2005-09-23,7.169,3805
3801,4147,Road to Perdition,8.0698,2002-07-12,7.361,4059
3802,1735007,Joyah 2017,5.3503,2017-01-01,0.0,0
3803,318883,A Village Romance,6.4087,2007-11-27,4.0,1
3804,11824,Teen Wolf,6.1491,1985-08-23,6.21,1278
3805,580,Jaws: The Revenge,6.729,1987-07-17,4.102,1196
3806,792471,An Appointment Under the Fernleaf Hedge Bamboo,6.4951,1984-10-01,0.0,0
3807,11978,Men of Honor,7.1394,2000-09-13,7.491,2544
3808,266856,The Theory of Everything,7.3158,2014-11-07,7.828,11195
3809,659,The Tin Drum,7.5931,1979-05-02,6.956,540
3810,856395,Ah Fu Looks for Treasure,6.2104,1957-01-01,0.0,0
3811,8872,Wayne's World,7.0475,1992-02-14,6.685,2507
3812,1484262,Trainwreck: The Cult of American Apparel,6.2744,2025-06-30,6.092,38
3813,253376,In Darkness We Fall,6.4882,2014-01-24,5.914,187
3814,11336,The Dead Zone,6.527,1983-10-21,7.009,1861
3815,627725,The Banker,8.934,2020-03-06,7.617,1133
3816,638974,Murder Mystery 2,6.519,2023-03-28,6.363,1998
3817,1290182,You Are the Apple of My Eye,6.3987,2025-02-21,8.4,70
3818,1857,The Transformers: The Movie,6.7177,1986-08-08,7.146,610
3819,49520,The Change-Up,7.5213,2011-08-05,6.16,3012
3820,96,Beverly Hills Cop II,6.7538,1987-05-18,6.533,2867
3821,195589,Neighbors,7.3056,2014-05-08,6.2,7355
3822,1079274,Neela Mastarani,6.269,1996-12-30,0.0,0
3823,851840,Postman,6.4178,2021-07-07,0.0,0
3824,780609,Men,6.6457,2022-05-20,6.064,1382
3825,903,Cool Hand Luke,8.0793,1967-11-01,7.734,1640
3826,433498,Papillon,6.6341,2017-09-07,7.321,2169
3827,9386,In the Line of Fire,6.7063,1993-07-08,6.975,1831
3828,524251,I See You,7.2104,2019-09-11,6.98,1681
3829,5550,RoboCop 3,7.1799,1993-01-21,4.901,1472
3830,507244,Afterburn,7.3295,2025-08-20,6.3,319
3831,713607,Mom's Friend 2020,6.1352,2020-06-05,2.5,2
3832,8698,The League of Extraordinary Gentlemen,8.55,2003-07-11,6.018,4457
3833,1571594,The Photographer,6.9153,2025-10-30,7.2,5
3834,11507,Body Double,8.2278,1984-10-25,6.74,938
3835,1311034,Demon Slayer: Kimetsu no Yaiba - Infinity Castle 2,5.9401,,0.0,0
3836,1088914,Break Up Bala Love Story,6.2189,2023-02-19,0.0,0
3837,1659087,180,6.6858,2026-04-16,5.83,135
3838,265195,Wild Tales,7.5104,2014-08-21,7.865,3805
3839,12096,The Pink Panther,7.896,2006-02-10,5.875,2176
3840,12096,The Pink Panther,7.896,2006-02-10,5.875,2176
3841,932086,Horizon: An American Saga - Chapter 1,7.1101,2024-06-26,6.813,680
3842,67343,Mr. Vampire II,5.7549,1986-08-15,5.9,50
3843,45772,Gnomeo & Juliet,7.4176,2011-01-13,5.906,2095
3844,638507,How to Train Your Dragon: Homecoming,7.7587,2019-12-03,8.035,1127
3845,12208,Casino Royale,7.2865,1967-04-18,5.256,837
3846,127667,The End,5.9755,2007-01-11,5.071,7
3847,12536,Home Alone 4,8.0409,2002-11-03,4.489,1397
3848,609,Poltergeist,6.8276,1982-06-04,7.158,3389
3849,791728,On the Thirtieth Floor,6.7471,1986-04-01,0.0,0
3850,765245,Swan Song,8.3192,2021-12-17,7.119,603
3851,375846,Bad Sister,6.7715,2015-08-24,6.577,253
3852,1637319,Hannah Montana 20th Anniversary Special,7.6416,2026-03-23,7.205,88
3853,1371023,Chand Mera Dil,6.8062,2026-05-22,5.611,9
3854,175574,Free Birds,8.3412,2013-10-30,5.887,869
3855,29536,Sex Is Crazy,7.0866,1981-01-01,5.7,25
3856,461846,Erotic Sister,5.9722,2016-01-01,5.6,9
3857,912908,Strays,6.2492,2023-08-17,7.171,1032
3858,853426,Clouds After Cloud,6.8457,2004-03-26,0.0,0
3859,1421552,Panda Plan: The Magical Tribe,6.8619,2026-02-17,6.4,11
3860,10065,The Amityville Horror,6.7434,2005-04-14,6.122,2393
3861,140485,All Good,5.8696,2012-05-18,5.809,55
3862,11412,The Long Kiss Goodnight,6.7686,1996-10-11,6.582,1375
3863,395000,Young Mother 4,6.5244,2016-04-28,4.458,12
3864,10776,Little Shop of Horrors,6.227,1986-12-19,6.984,1662
3865,341586,Shyamol Chhaya,6.2559,2004-11-01,8.083,12
3866,335423,Mankurt,5.7721,1990-01-01,7.0,2
3867,10047,The Messenger: The Story of Joan of Arc,6.9753,1999-10-27,6.43,1623
3868,338762,Bloodshot,7.7079,2020-03-05,6.677,5305
3869,1189962,Drug Shore,6.3731,2023-10-08,8.7,3
3870,286769,Dashing Girls,5.9829,1974-08-13,10.0,1
3871,548,Rashomon,6.7868,1950-08-26,8.03,2552
3872,795343,The Light,6.294,2022-07-23,0.0,0
3873,668482,Roald Dahl's Matilda the Musical,7.0603,2022-11-25,6.8,825
3874,1240815,The Pubs,6.4381,2021-08-27,4.0,1
3875,103332,Ruby Sparks,6.6145,2012-07-25,7.111,1807
3876,690846,"Patricia, A Hidden Passion",6.1133,2020-01-21,5.841,41
3877,9355,Mad Max Beyond Thunderdome,8.6,1985-06-29,6.228,3311
3878,677765,Người Đẹp Và Họa Sĩ,6.9126,,0.0,0
3879,1401281,The Testament of Ann Lee,6.1448,2025-12-25,6.354,168
3880,9058,Only You,6.5943,1994-03-04,6.7,577
3881,624,Easy Rider,7.3763,1969-06-26,7.048,2191
3882,1234124,Ölümdən sonrakı həyat,6.2446,2023-10-19,0.0,0
3883,440471,Escape Plan 2: Hades,7.1529,2018-06-05,5.163,1583
3884,272092,Shor and Shorshor,6.0569,1926-08-13,8.0,1
3885,1443,The Virgin Suicides,7.1386,2000-04-21,7.1,3645
3886,18767,Island of Fire,5.2792,1990-03-28,6.247,146
3887,918487,New Female Secretary,6.1463,2021-12-16,5.75,4
3888,13461,Melissa P.,7.0403,2005-11-18,4.69,613
3889,1484253,Trainwreck: Poop Cruise,6.8549,2025-06-23,5.899,134
3890,1735525,Black Maria,5.4655,2026-08-17,0.0,0
3891,934632,Rebel Moon - Part Two: The Scargiver,6.3107,2024-04-19,6.074,1537
3892,800622,Shikhandi Kotha,6.1514,2013-04-19,0.0,0
3893,415943,O Homem que Não Cabia em Brasília,6.7505,2016-09-12,10.0,1
3894,11321,Seven Pounds,7.7477,2008-12-18,7.6,7317
3895,8273,American Wedding,7.5605,2003-08-01,6.222,4460
3896,1541871,Les vagues,5.381,2025-09-12,10.0,1
3897,10166,The Witches,6.8963,1990-05-25,6.94,1387
3898,1360838,Blade of Fury,5.4281,2024-09-28,6.6,20
3899,94365,The Human Centipede 3 (Final Sequence),6.5856,2015-05-22,3.8,870
3900,1360838,Blade of Fury,5.4281,2024-09-28,6.6,20
3901,94365,The Human Centipede 3 (Final Sequence),6.5856,2015-05-22,3.8,870
3902,590,The Hours,7.136,2002-12-27,7.252,1883
3903,485557,Talia,6.3003,2017-03-14,7.0,1
3904,47648,King of Beggars,5.0278,1992-12-17,6.986,148
3905,12184,The Other Boleyn Girl,7.1618,2008-02-28,6.702,2244
3906,785542,The Outrun,6.6167,2024-01-19,6.78,357
3907,1302733,Gaslit by My Husband: The Morgan Metzer Story,6.2038,2024-06-09,5.87,23
3908,1642,The Net,6.4644,1995-07-28,6.048,1552
3909,297222,PK,6.5038,2014-12-18,7.702,1185
3910,281606,The Bridge,6.2087,1949-01-02,5.75,4
3911,266647,Pan,6.9922,2015-09-24,5.957,2874
3912,10535,Spy Hard,7.2633,1996-05-24,5.426,781
3913,137116,Smurfs: The Lost Village,7.7465,2017-03-23,6.359,1576
3914,149871,The Tale of The Princess Kaguya,7.7945,2013-11-23,8.092,2019
3915,364289,Samba Riachão,5.4452,2001-11-20,7.0,1
3916,817758,TÁR,7.4216,2022-10-07,7.098,1559
3917,348056,The Money-Maker,6.172,1964-07-08,9.0,2
3918,952680,Dependencies,6.3011,2015-04-07,0.0,0
3919,36685,The Rocky Horror Picture Show,7.3173,1975-08-14,7.443,3179
3920,1216191,Oddity,6.0063,2024-07-19,6.692,858
3921,471456,I'll Be Back,7.0089,1935-01-01,0.0,0
3922,718032,Licorice Pizza,7.4263,2021-11-26,6.945,2714
3923,118406,Road to Ninja: Naruto the Movie,7.2828,2012-07-28,7.368,1248
3924,263677,Ragasiya Police 115,6.6459,1968-01-10,7.0,2
3925,15255,Undisputed II: Last Man Standing,6.4146,2006-04-11,7.387,946
3926,447330,The Paris Opera,6.3235,2017-04-05,7.2,17
3927,568091,Fractured,5.997,2019-09-22,6.8,2952
3928,12180,Star Wars: The Clone Wars,6.297,2008-08-05,6.155,2245
3929,48988,Hall Pass,7.739,2011-02-25,5.738,2160
3930,890216,Pacific,6.3331,2026-07-08,0.0,0
3931,831438,The Seed,7.0067,2021-10-05,4.889,81
3932,748230,Salem's Lot,7.9944,2024-10-03,5.992,716
3933,1477453,Trainwreck: The Astroworld Tragedy,6.475,2025-06-09,6.626,99
3934,2099,Raw Deal,7.4024,1986-06-06,5.853,928
3935,148604,The Evil Spirit of Yambuy,6.0271,1977-08-25,6.1,12
3936,1077337,FOUR: Vol. 1,6.579,2022-01-28,0.0,0
3937,1601797,¿Quieres ser mi novia?,6.6927,2026-02-12,8.651,186
3938,4944,Burn After Reading,7.0415,2008-09-05,6.677,5320
3939,12144,The Land Before Time,6.4308,1988-11-18,7.156,2785
3940,10057,The Three Musketeers,7.6155,1993-11-11,6.397,1082
3941,793139,Amém,6.3332,2016-01-01,0.0,0
3942,77805,Lovelace,6.5974,2013-08-08,6.008,773
3943,13455,Push,6.3048,2009-02-04,6.146,2475
3944,911661,By Force of Habit,6.5588,2021-12-03,8.0,1
3945,597208,Nightmare Alley,6.9547,2021-12-02,6.944,3427
3946,791155,Secret Headquarters,7.373,2022-08-12,6.353,426
3947,359364,Human,6.8571,2015-09-12,8.433,313
3948,619778,Malignant,7.5748,2021-09-01,6.8,2688
3949,10228,Pokémon: The First Movie,7.336,1998-07-18,6.97,1603
3950,16318,Sex Is Zero,6.1331,2002-12-12,6.187,139
3951,15165,Barbie as The Princess & the Pauper,7.8253,2004-09-28,7.479,1543
3952,729679,Toma,5.8779,2021-12-20,6.68,25
3953,1584262,Ones Left Behind,3.2996,2025-11-08,10.0,1
3954,881727,A Thousand Hours,5.5097,2022-09-01,6.0,2
3955,798286,Beau Is Afraid,7.6256,2023-04-14,6.733,1372
3956,752867,The Outwaters,6.8121,2023-02-09,4.405,105
3957,1477108,Maninilip,5.8394,2025-05-23,7.5,4
3958,4643,The Guardian,7.0946,2006-09-28,7.127,1705
3959,206648,Red Bells Part I: Mexico in Flames,5.6514,1982-03-19,4.2,15
3960,206648,Red Bells Part I: Mexico in Flames,5.6514,1982-03-19,4.2,15
3961,1280450,Stolen Girl,6.514,2025-09-04,6.261,197
3962,447200,Skyscraper,7.4507,2018-07-11,6.309,5400
3963,4771,Gone Baby Gone,7.1758,2007-09-18,7.304,4250
3964,52795,Doraemon: Nobita's New Great Adventure Into the Underworld - The Seven Magic Users,6.7322,2007-03-10,7.2,92
3965,1166757,Villa Oculta,5.4543,2010-11-01,0.0,0
3966,38199,Unthinkable,6.8155,2010-05-26,6.808,1480
3967,762430,Retribution,7.8756,2023-08-23,6.515,1402
3968,7457,Alpha Dog,6.5954,2006-01-27,6.654,1540
3969,224982,Eddie & Suzanne,5.8745,1975-09-10,5.333,3
3970,992274,Othman,6.2907,2022-06-25,0.0,0
3971,447544,Grêm10x0 - 100 Anos de Grenal,6.0499,2009-10-29,0.0,0
3972,516632,The Empty Man,7.0218,2020-10-22,6.145,1060
3973,760941,Shambala,6.3498,2020-07-25,6.0,1
3974,459187,Story of Taipei,6.1701,2017-05-19,5.0,3
3975,1164329,At Least in the Movies,6.013,2022-08-02,8.0,1
3976,10323,Clash of the Titans,7.2142,1981-06-12,6.924,873
3977,631842,Knock at the Cabin,7.2025,2023-02-01,6.249,3149
3978,1476740,Influencers,5.9828,2025-07-26,6.24,125
3979,1392501,Lamas,6.3787,2024-12-17,6.5,2
3980,698,Moonraker,7.5418,1979-06-26,6.191,2259
3981,1266738,Zugzwang,5.4125,2011-01-14,0.0,0
3982,413793,Mayor Chen Yi,6.0958,1981-01-01,0.0,0
3983,25,Jarhead,7.0823,2005-11-04,6.687,3218
3984,1207123,White Snake: Afloat,5.7862,2024-07-30,8.053,38
3985,11565,Big Momma's House 2,7.3374,2006-01-26,5.769,1716
3986,827931,Time Cut,7.4125,2024-10-29,5.636,614
3987,990140,Sakra,6.6459,2023-01-16,6.5,201
3988,1405338,Demon City,6.8751,2025-02-26,6.876,346
3989,434455,Dui Duari,6.028,2000-01-01,8.25,4
3990,171274,Inherent Vice,7.2938,2014-12-12,6.539,2747
3991,454054,Blood,6.1772,2016-10-27,5.0,1
3992,1427540,Free at Heart,6.5881,2026-10-29,0.0,0
3993,1266791,Alter Ego,5.6806,2026-03-04,6.278,88
3994,286609,"Full Steam, Ahead!",5.6279,1951-08-12,8.0,1
3995,1006745,祭红,6.0361,1979-12-01,0.0,0
3996,437899,Cápsulas,5.5974,2012-02-17,6.0,2
3997,62214,Frankenweenie,5.8829,2012-10-04,7.006,3658
3998,1599189,剑来院线剧场版 十三之争,6.4484,2026-05-01,0.0,0
3999,545712,The Return,6.0452,2017-11-28,0.0,0
4000,62214,Frankenweenie,5.8829,2012-10-04,7.006,3658
4001,1599189,剑来院线剧场版 十三之争,6.4484,2026-05-01,0.0,0
4002,545712,The Return,6.0452,2017-11-28,0.0,0
4003,19384,Dark Angel,7.0997,1990-01-26,6.112,387
4004,2665,Airplane II: The Sequel,6.6187,1982-12-10,6.078,1287
4005,49565,The Man Who Planted Trees,7.0174,1987-05-13,7.969,180
4006,399170,Logan Lucky,8.3641,2017-08-17,6.736,3891
4007,1169537,Batwara 1947,6.2414,2026-08-13,0.0,0
4008,396371,Molly's Game,7.4495,2017-12-07,7.155,4066
4009,1355666,Love Untangled,6.411,2025-08-28,8.252,222
4010,788754,Elza Soares: A Mulher do Fim do Mundo,6.011,2017-03-03,0.0,0
4011,11782,Hard Boiled,6.2385,1992-04-16,7.5,964
4012,1639,Speed 2: Cruise Control,6.314,1997-06-13,4.605,1837
4013,812037,Last Summer,7.3111,2023-09-13,6.078,251
4014,483657,Voodoo Doll,6.0666,2017-02-24,6.0,1
4015,8224,8MM,7.2237,1999-02-26,6.5,2322
4016,207768,I Spit on Your Grave 2,7.3517,2013-08-25,6.286,1453
4017,864,Cool Runnings,6.8286,1993-10-01,7.028,2324
4018,243119,a_ética,6.1339,2008-09-28,4.3,3
4019,8012,Get Shorty,7.266,1995-10-20,6.496,1233
4020,1699820,Vibeland Chronicles,6.2742,2026-01-02,4.0,1
4021,603661,The Hating Game,6.2862,2021-12-09,7.27,1217
4022,318624,Ethnic Hui Detachment,6.178,1959-01-01,6.3,5
4023,1072342,Night Swim,7.2606,2024-01-03,5.522,879
4024,975,Paths of Glory,8.1531,1957-10-25,8.252,3326
4025,1128650,The Prosecutor,5.5348,2024-12-08,7.095,232
4026,8292,Four Brothers,8.5422,2005-08-11,6.816,2449
4027,243688,Poltergeist,6.7111,2015-05-20,5.222,2417
4028,2898,As Good as It Gets,6.9372,1997-12-19,7.405,4191
4029,9778,Serendipity,7.7583,2001-10-05,6.963,2169
4030,662539,Porn Freak,6.169,1989-01-01,0.0,0
4031,9600,Big Momma's House,7.5467,2000-05-31,5.825,2502
4032,13765,Scrooge,7.2914,1970-11-05,6.814,167
4033,403649,The Song of First Love,6.4816,1958-12-11,4.583,6
4034,10559,Frequency,6.4944,2000-04-28,7.272,2056
4035,457332,Hidden Strike,6.873,2023-07-06,6.879,1085
4036,1016121,Beautiful Disaster,6.0918,2023-04-04,6.64,906
4037,779782,The School for Good and Evil,6.9883,2022-10-19,7.03,1403
4038,1267637,Mission is Feasible,5.427,2022-10-27,0.0,0
4039,58395,Sweet Toronto,5.9821,1971-11-22,7.1,4
4040,3432,Mr. Brooks,5.4497,2007-05-31,6.927,1915
4041,362345,Extra,5.6711,2015-04-15,4.5,4
4042,446333,Monday Begins on Saturday,6.4897,1965-01-01,4.333,6
4043,2142,Cop Land,6.7424,1997-08-15,6.812,1831
4044,657371,The Second Wife,6.2079,1927-04-17,0.0,0
4045,2654,In the Mouth of Madness,6.9781,1995-02-03,7.203,1952
4046,516571,Luchakali,5.9951,2012-03-29,0.0,0
4047,657512,The Longing,6.0852,2019-12-18,0.0,0
4048,16296,Killer Klowns from Outer Space,5.6916,1988-05-27,6.643,1192
4049,306,Beverly Hills Cop III,6.4973,1994-05-24,5.874,2165
4050,599975,Countdown,7.245,2019-10-24,6.2,2337
4051,1312946,The Map That Leads to You,7.5816,2025-08-19,6.615,334
4052,910571,Fair Play,6.462,2023-09-28,6.349,646
4053,1307078,My Oxford Year,5.757,2025-07-31,7.039,620
4054,47333,Jane Eyre,6.6202,1996-01-20,6.9,247
4055,611698,A Writer's Odyssey,6.8863,2021-02-12,7.061,369
4056,4148,Revolutionary Road,6.266,2008-12-19,7.0,4158
4057,463821,The House with a Clock in Its Walls,7.6471,2018-09-15,6.252,2330
4058,764491,Matir Pahar,6.3657,1959-08-28,0.0,0
4059,10947,High School Musical,6.6217,2006-01-20,6.542,4821
4060,4148,Revolutionary Road,6.266,2008-12-19,7.0,4158
4061,463821,The House with a Clock in Its Walls,7.6471,2018-09-15,6.252,2330
4062,764491,Matir Pahar,6.3657,1959-08-28,0.0,0
4063,10947,High School Musical,6.6217,2006-01-20,6.542,4821
4064,1216571,June and John,6.273,2025-04-17,5.9,64
4065,1461701,Foufo,5.6802,2026-07-09,7.2,5
4066,371729,Moleque Tião,6.1154,1943-12-07,8.0,1
4067,1164,Babel,6.7217,2006-10-26,7.17,4119
4068,477804,Deaf Hearts,5.879,2017-09-23,2.0,3
4069,614917,King Richard,7.232,2021-11-18,7.6,2893
4070,10225,Jason Lives - Friday the 13th Part VI,6.9426,1986-08-01,6.283,1382
4071,1161617,Code 3,5.8236,2025-09-12,7.084,302
4072,648579,The Unbearable Weight of Massive Talent,6.5811,2022-04-20,6.773,2543
4073,2924,Backdraft,6.8512,1991-05-24,6.664,1599
4074,1428,Once Upon a Time in Mexico,6.5135,2003-09-11,6.301,2435
4075,13680,The Game Plan,7.722,2007-09-28,6.511,2225
4076,300389,Madam Phung's Last Journey,7.025,2014-03-24,8.0,4
4077,9437,Kiss the Girls,9.1852,1997-09-29,6.538,1931
4078,1476453,Kirot,5.6088,2025-09-30,5.5,2
4079,591273,Fear Street: 1994,7.0943,2021-06-28,6.686,2707
4080,18190,Dream Lover,6.9595,1993-11-11,6.615,139
4081,133805,Carrie,7.7393,2013-10-16,6.05,4765
4082,534471,Sea is Calling,5.9175,1956-04-30,6.0,1
4083,429469,Old Home,6.122,2016-12-18,0.0,0
4084,325659,Días de poder,6.8641,2011-06-03,0.0,0
4085,667216,Infinity Pool,7.1139,2023-01-27,6.047,1082
4086,881211,Snoopy Presents: For Auld Lang Syne,6.671,2021-12-09,7.2,107
4087,477280,Untamed Butterflies,5.7962,2010-08-20,0.0,0
4088,2609,"Planes, Trains and Automobiles",6.3355,1987-11-26,7.255,2255
4089,59108,Tower Heist,7.3685,2011-11-02,6.12,3223
4090,8005,Robin Hood: Men in Tights,7.5971,1993-07-28,6.613,2340
4091,65057,The Descendants,6.75,2011-09-09,6.834,3106
4092,23631,Machete,6.3826,2010-09-01,6.336,3607
4093,739277,A Lustful Night,5.7403,1993-08-13,4.667,3
4094,446894,Smallfoot,7.2354,2018-09-20,6.816,1644
4095,1484267,Trainwreck: P.I. Moms,6.2753,2025-07-21,5.625,28
4096,451892,Argentine Soldier Only Known by God,5.4912,2017-04-06,8.218,39
4097,863873,Caddo Lake,6.3275,2024-11-28,7.255,542
4098,225176,Metropolitan Andrey,5.8063,2008-09-04,6.2,4
4099,372754,Dou kyu sei – Classmates,6.8324,2016-02-20,8.308,455
4100,863873,Caddo Lake,6.3275,2024-11-28,7.255,542
4101,225176,Metropolitan Andrey,5.8063,2008-09-04,6.2,4
4102,372754,Dou kyu sei – Classmates,6.8324,2016-02-20,8.308,455
4103,19,Metropolis,7.3187,1927-01-10,8.083,3146
4104,455640,Csutak in Front of the Microphone,6.6843,1977-05-02,8.333,3
4105,664553,What We Found,6.5305,2020-07-31,5.032,31
4106,1644713,Exodus 1945: Our Blood,4.6721,2026-02-20,9.0,1
4107,142409,Voice of My Father,5.6339,2012-11-01,4.5,4
4108,636303,Los Fabulosos Cadillacs: La luz del ritmo,6.6429,2008-01-01,0.0,0
4109,15472,The Girl with the Dragon Tattoo,7.4841,2009-02-27,7.532,3266
4110,308188,Erotic Stories,5.7984,1980-03-01,6.5,6
4111,293646,The 33,6.3414,2015-08-06,6.396,1003
4112,1164925,Who was loved by all,5.3442,1982-10-01,0.0,0
4113,10474,The Basketball Diaries,6.5748,1995-04-21,7.401,2247
4114,1425045,Brick,5.6502,2025-07-02,5.8,760
4115,4836,Layer Cake,6.8122,2004-09-30,6.915,2416
4116,2140,Kiss of the Dragon,6.3983,2001-07-06,6.93,1378
4117,360814,Dangal,6.2943,2016-12-21,7.874,1186
4118,585694,Molla Barir Bou,5.9701,2005-12-01,7.0,2
4119,334074,Survivor,8.2565,2015-05-21,5.701,1099
4120,18095,Dragon Ball GT: A Hero's Legacy,5.9017,1997-03-26,6.8,374
4121,13683,Tarzan & Jane,6.6376,2002-06-24,6.046,689
4122,8274,American Pie Presents: Band Camp,6.7459,2005-11-23,5.47,2269
4123,772805,Afandi va Azroil,5.1663,2004-06-22,4.0,1
4124,1139713,The Radleys,6.7314,2024-10-04,5.129,105
4125,4806,Runaway Bride,7.1694,1999-07-30,6.101,2191
4126,286636,Peacetime,6.1527,1980-08-13,6.0,2
4127,907,Doctor Zhivago,6.8664,1965-12-22,7.552,1288
4128,419116,Russian Mom,6.1426,2016-07-28,5.5,26
4129,8488,Hitch,7.0654,2005-02-11,6.585,6304
4130,1500367,Entre sombras,5.2359,2022-07-05,0.0,0
4131,1904,Memoirs of a Geisha,6.6438,2005-12-06,7.637,3424
4132,269076,Abyss,5.3003,1956-06-05,8.0,1
4133,61012,Silent Hill: Revelation 3D,6.4101,2012-10-10,5.549,1900
4134,9571,Dazed and Confused,6.4253,1993-09-24,7.307,2308
4135,291870,Dirty Grandpa,7.6197,2016-01-20,5.938,4632
4136,11622,Blast from the Past,6.9603,1999-02-12,6.791,1247
4137,1076364,Carl's Date,7.2926,2023-06-15,7.4,454
4138,279429,Behind the Monastery Wall,6.3346,1928-01-15,0.0,0
4139,170687,The Boxtrolls,7.7801,2014-09-10,6.723,1835
4140,291870,Dirty Grandpa,7.6197,2016-01-20,5.938,4632
4141,11622,Blast from the Past,6.9603,1999-02-12,6.791,1247
4142,1076364,Carl's Date,7.2926,2023-06-15,7.4,454
4143,279429,Behind the Monastery Wall,6.3346,1928-01-15,0.0,0
4144,170687,The Boxtrolls,7.7801,2014-09-10,6.723,1835
4145,21032,Balto,5.4406,1995-12-22,7.337,2238
4146,17903,A Frozen Flower,6.5174,2008-12-30,6.851,161
4147,15657,Tarzan II,6.9653,2005-06-13,6.096,1248
4148,1287322,Christy,6.1316,2025-10-27,7.13,208
4149,363868,Abrek Zaur,6.1858,1926-01-01,7.5,2
4150,521029,Annabelle Comes Home,7.8841,2019-06-26,6.4,3884
4151,9255,Hot Shots! Part Deux,6.1955,1993-05-21,6.545,2102
4152,192,The Name of the Rose,6.701,1986-09-24,7.495,3354
4153,504253,I Want to Eat Your Pancreas,6.7456,2018-09-01,8.231,1813
4154,1040651,Evening Clouds,6.0976,2022-12-01,0.0,0
4155,11351,Jeepers Creepers 2,6.668,2003-08-08,6.188,1847
4156,10045,District B13,6.7827,2004-11-09,6.822,2028
4157,10003,The Saint,6.5912,1997-04-03,6.117,1274
4158,387592,Early Man,8.6498,2018-01-26,6.144,886
4159,458428,Operación Cannabis,6.0565,2009-11-01,0.0,0
4160,732300,Criminals,6.1284,2015-08-01,5.5,2
4161,57687,Die Beauty,5.7571,2010-09-17,6.5,2
4162,891147,La fuga,6.285,2021-10-27,0.0,0
4163,1329471,Carolina Caroline,5.6534,2026-06-05,6.74,50
4164,4551,Be Cool,6.8993,2005-03-04,5.475,993
4165,522478,Peter Rabbit 2: The Runaway,7.7466,2021-03-25,7.044,906
4166,291008,Legend is Alive,5.9643,2009-09-18,7.0,2
4167,993710,Back in Action,7.3908,2025-01-15,6.422,1538
4168,387843,An Affair: A Dangerous Sexual Play,6.0874,2014-11-27,6.0,1
4169,17422,Summer Palace,6.1521,2006-05-18,7.343,115
4170,1074139,"Flowers in the Mirror, Wind and Moon: The Ghost Returns",6.9226,1987-01-01,0.0,0
4171,11237,Anacondas: The Hunt for the Blood Orchid,6.8464,2004-08-25,5.501,1124
4172,602223,The Forever Purge,8.0219,2021-06-30,6.854,2710
4173,1078023,The King of Snipers,5.7615,2023-01-24,5.636,11
4174,321727,Chuang Tzu Tests His Wife,5.3693,1970-04-17,0.0,0
4175,453956,My Body is Political,6.2514,2017-11-30,7.7,15
4176,10220,Rounders,6.7924,1998-09-11,7.021,1955
4177,219769,Off the Range,6.0898,1975-01-01,6.75,4
4178,74643,The Artist,7.3092,2011-10-12,7.438,3563
4179,1529592,Inner Child,5.3174,,0.0,0
4180,210203,The Favourite Game,6.345,2003-02-28,4.375,8
4181,1276704,53 Sundays,6.6587,2026-03-26,5.9,70
4182,76617,Texas Chainsaw 3D,6.9159,2013-01-03,5.486,1843
4183,15144,Sixteen Candles,7.2877,1984-05-04,6.754,2234
4184,530318,Younger Sister,6.7633,1974-08-14,3.75,4
4185,485767,Gangster Girls,6.2393,2016-11-23,0.0,0
4186,11322,Public Enemies,7.5738,2009-07-01,6.685,4904
4187,8130,Desperately Seeking Susan,5.8669,1985-03-29,6.072,519
4188,398459,Ascension,5.2394,2016-05-17,0.0,0
4189,1312871,Pintor at paraluman,6.2049,2024-08-16,5.917,6
4190,1030391,Requiem para Foguel,6.1165,,0.0,0
4191,362992,When Joseph Returns,5.4601,1976-01-01,8.0,1
4192,356414,Agora: From Democracy to the Market,5.3373,2015-01-15,6.8,6
4193,1363903,True Beauty: The Movie - Part 2,5.7413,2025-05-01,8.0,4
4194,466508,October Days,6.6222,1958-01-01,5.6,5
4195,1209293,Parejita Feliz,5.3008,2023-10-10,8.0,1
4196,793387,Holy Night: Demon Hunters,6.9634,2025-04-30,6.905,110
4197,218836,Planes: Fire & Rescue,6.9896,2014-07-17,6.205,938
4198,9315,Flightplan,6.4839,2005-09-22,6.444,3020
4199,67395,L.E.T.H.A.L. Ladies: Return to Savage Beach,6.1925,1998-01-27,6.031,227
4200,1209293,Parejita Feliz,5.3008,2023-10-10,8.0,1
4201,793387,Holy Night: Demon Hunters,6.9634,2025-04-30,6.905,110
4202,218836,Planes: Fire & Rescue,6.9896,2014-07-17,6.205,938
4203,9315,Flightplan,6.4839,2005-09-22,6.444,3020
4204,67395,L.E.T.H.A.L. Ladies: Return to Savage Beach,6.1925,1998-01-27,6.031,227
4205,654974,Home Sweet Home Alone,7.4012,2021-11-11,4.832,705
4206,2207,16 Blocks,6.9465,2006-03-01,6.457,2140
4207,1440,Little Children,6.4904,2006-10-06,7.1,1178
4208,768362,Missing,6.8438,2023-01-19,7.39,1310
4209,1733418,Ürei,4.9879,,0.0,0
4210,65496,Student Services,6.7085,2010-01-18,5.312,146
4211,13363,The Man from Earth,6.3793,2007-06-10,7.627,2974
4212,1143961,Weavers,5.5876,1973-12-16,0.0,0
4213,664280,David Attenborough: A Life on Our Planet,7.0525,2020-09-28,8.431,450
4214,767985,Um Dia de Colera,6.2431,2019-06-13,0.0,0
4215,681385,Dmitro Goritsvit,5.7026,1962-02-26,7.0,1
4216,376290,Miss Sloane,7.8448,2016-11-25,7.402,2004
4217,625976,It Feels So Good,6.1019,2019-08-23,6.615,48
4218,10126,Colors,6.1434,1988-04-15,6.507,552
4219,1134463,Dreams,6.24,2025-07-10,6.082,92
4220,1513646,La face cachée de l'homme en noir,3.699,2025-07-16,6.8,5
4221,419479,The Babysitter,7.4221,2017-10-13,6.189,3953
4222,1285669,LifeHack,7.1378,2026-05-15,7.364,11
4223,811321,The Persons Suffering from AIDS,6.0464,1988-01-01,7.0,1
4224,1132079,Survive,5.8186,2022-05-12,4.6,52
4225,9907,Barnyard,8.3074,2006-08-04,5.956,1207
4226,1230368,Springsteen: Deliver Me from Nowhere,5.6961,2025-10-22,6.651,327
4227,109431,Identity Thief,6.693,2013-02-07,5.85,3542
4228,987642,Arulmozhi,5.5406,2022-06-16,0.0,0
4229,70006,Never Back Down 2: The Beatdown,6.4746,2011-09-13,6.489,706
4230,11808,U.S. Marshals,6.9607,1998-03-06,6.543,1840
4231,53168,King of Comedy,5.6029,1999-02-08,7.367,214
4232,1338660,Primavera Preta,5.3436,2024-09-07,0.0,0
4233,1051896,Arcadian,6.0657,2024-04-12,6.086,924
4234,623117,Black Sun,5.9571,2019-08-12,5.0,4
4235,7978,The Wolfman,7.5278,2010-02-10,5.895,2216
4236,49017,Dracula Untold,7.1697,2014-10-01,6.465,6574
4237,87093,Big Eyes,6.8211,2014-12-24,6.968,3638
4238,370391,A Simple Goodbye,5.9546,2015-11-24,6.0,2
4239,1268609,Pavane,7.0588,2026-02-19,7.362,58
4240,17609,Antichrist,6.4895,2009-05-20,6.62,2876
4241,9488,Spy Kids 2: The Island of Lost Dreams,7.2069,2002-08-07,5.649,2372
4242,248768,Vakvagányok,5.859,2001-01-13,5.5,2
4243,185058,Crush,5.5082,2000-06-21,5.929,14
4244,11451,Herbie Fully Loaded,6.6616,2005-06-19,5.838,2455
4245,428855,The Oxcart,5.7979,1970-01-02,0.0,0
4246,173185,It Boy,6.6078,2013-03-06,6.516,1606
4247,1678,Godzilla,6.2215,1954-11-03,7.6,1128
4248,487171,Hard Season,5.9037,2012-01-01,0.0,0
4249,11653,The Myth,6.3429,2005-05-11,6.414,429
4250,6023,P.S. I Love You,7.6111,2007-11-15,7.175,3516
4251,1426297,Play Dead,5.9315,2025-03-29,6.2,70
4252,9384,Starsky & Hutch,6.5751,2004-03-05,5.821,2553
4253,97370,Under the Skin,7.0497,2014-03-14,6.1,3870
4254,8346,My Big Fat Greek Wedding,6.4499,2002-04-19,6.499,2321
4255,7090,Ken Park,6.0674,2003-01-30,5.992,692
4256,286457,A Sunday in October,5.814,1979-08-11,6.0,2
4257,141123,Stay Tuned for Terror,5.7278,1965-01-01,6.2,5
4258,467937,The Romantics,6.1037,1941-12-26,9.0,1
4259,642494,Love at First Sight,6.9128,1975-12-01,5.8,8
4260,1553949,The Killer of Swordsmen,8.6349,2025-10-18,5.0,2
4261,1440049,Preschool,6.0295,2026-03-17,6.1,8
4262,1040827,Araal,5.8265,2022-10-27,0.0,0
4263,522518,A Dog's Journey,6.1757,2019-05-03,8.055,1638
4264,9594,Double Impact,7.3443,1991-07-31,6.217,1235
4265,662397,Goldberg Variations,5.7065,1991-01-01,10.0,1
4266,1010182,Refúgio,5.5813,2022-05-18,0.0,0
4267,1462591,Hot Line,5.5462,2025-10-28,7.5,2
4268,6623,The Peacemaker,6.6759,1997-09-26,6.05,1143
4269,472208,You Can't Take an Island with You,5.927,1980-09-30,6.0,4
4270,980026,The Promised Land,6.6663,2023-10-05,7.677,605
4271,450162,Maturitá,5.8353,2016-04-15,5.5,2
4272,660779,The Coronation,5.934,2019-09-25,0.0,0
4273,280034,Ksenophilia,5.9134,2012-01-01,0.0,0
4274,310593,Youth,6.6793,2015-05-20,6.899,2234
4275,371462,Mammal,6.2315,2016-04-01,6.3,49
4276,1559575,Kafir: The Spirit Gate,5.6921,2026-01-29,6.273,11
4277,923213,Beasts,5.9078,2019-05-31,0.0,0
4278,11663,The Commitments,6.0195,1991-08-14,7.3,615
4279,7364,Sahara,6.2771,2005-04-06,5.919,1677
4280,11663,The Commitments,6.0195,1991-08-14,7.3,615
4281,7364,Sahara,6.2771,2005-04-06,5.919,1677
4282,93162,Jibon Theke Neya,6.4084,1970-03-09,9.4,7
4283,13633,Bad Boys,6.5066,1983-03-25,6.985,310
4284,398222,Yongju Valley,5.7074,2015-11-19,4.571,7
4285,11979,Queen of the Damned,6.2539,2002-02-10,6.111,1190
4286,49494,The Eagle,7.2462,2011-02-08,6.236,1443
4287,7552,Fun with Dick and Jane,6.3811,2005-12-21,6.225,2717
4288,1073,Arlington Road,6.2869,1999-03-19,7.033,1273
4289,901563,Close,7.0159,2022-11-01,7.8,1033
4290,272693,The DUFF,7.345,2015-02-20,6.759,4488
4291,12120,My Stepmother Is an Alien,6.0603,1988-12-09,5.8,605
4292,1051,The French Connection,6.1974,1971-10-09,7.492,2167
4293,463555,Estranha Ligação,5.9337,2015-11-07,8.0,1
4294,515195,Yesterday,6.6514,2019-06-26,6.686,4308
4295,476709,Crónica Parisiense,5.338,2011-01-01,0.0,0
4296,10673,Wall Street,6.4784,1987-12-10,7.164,2282
4297,713364,Clown in a Cornfield,7.5992,2025-05-02,6.1,588
4298,37797,Whisper of the Heart,7.773,1995-07-15,7.943,2322
4299,1572073,The Deadly Little Mermaid,5.8611,2026-03-06,4.865,26
4300,10204,Around the World in 80 Days,6.9055,2004-06-16,5.955,2754
4301,276118,Cyclists in Love,5.4966,1965-06-11,7.0,2
4302,5425,Beyond the Darkness,5.8419,1979-11-15,6.474,190
4303,662702,Mother's Seduction 2,7.1815,2020-01-09,5.5,2
4304,160745,Beyond the Grave,5.4739,2010-09-09,4.778,9
4305,721744,King's Feast,6.1747,2019-05-20,5.0,1
4306,10957,The Black Cauldron,6.961,1985-07-24,6.443,1458
4307,10663,The Waterboy,6.844,1998-11-06,6.059,2063
4308,295830,Attack on Titan,6.7224,2015-08-01,6.124,844
4309,76640,The Last Stand,6.7016,2013-01-12,6.094,3026
4310,30924,Motel Hell,4.2733,1980-08-14,5.784,269
4311,58431,Pride and Prejudice and Zombies,6.9413,2016-02-04,6.164,2336
4312,8388,¡Three Amigos!,6.574,1986-12-12,6.332,1185
4313,766067,Helena faces a Dream Guardian: Test,5.7943,2021-08-01,7.0,1
4314,6537,The Orphanage,7.1427,2007-05-20,7.231,3169
4315,11838,Ju-on: The Grudge,6.3058,2002-10-18,6.764,977
4316,98008,Attraction,7.5472,1969-02-26,4.8,25
4317,1127166,The Tearsmith,6.3498,2024-04-03,6.481,984
4318,700,Octopussy,7.3542,1983-06-05,6.358,2254
4319,373854,Présence,6.4155,2013-07-17,0.0,0
4320,13690,Open Season 2,8.4944,2008-09-24,5.878,1329
4321,370755,Paterson,4.8953,2016-11-17,7.119,2087
4322,455730,Break Through the Wu River,6.1699,1961-01-01,5.75,4
4323,1530811,Going Pop,5.3096,2025-08-13,0.0,0
4324,1523667,69,6.0532,2025-08-22,6.6,7
4325,386874,Bad Class,6.6082,2015-12-31,4.0,3
4326,1591919,Caught by Love,6.4567,2026-01-24,6.5,11
4327,9090,"To Wong Foo, Thanks for Everything! Julie Newmar",6.4112,1995-09-08,7.452,825
4328,9922,The Postman,6.7666,1997-12-25,6.267,1216
4329,768878,Espero que Esta te Encontre e que Estejas Bem,5.083,2022-06-09,8.0,1
4330,760873,The Colony,6.5807,2021-08-26,5.738,364
4331,86838,Seven Psychopaths,6.5648,2012-10-12,6.817,4337
4332,776148,The Flying Boy,6.0332,2015-03-19,7.0,1
4333,10320,The Ring Two,6.5541,2005-03-10,5.754,2497
4334,1579232,Jesus Freaks,5.2268,,0.0,0
4335,697117,Distorção,6.3498,2019-08-16,0.0,0
4336,1690,Hostel,6.6728,2006-01-06,5.967,4008
4337,520758,Chicken Run: Dawn of the Nugget,7.075,2023-12-08,6.939,915
4338,329440,The Forest,7.302,2016-01-07,5.232,1885
4339,1637212,Second Case of Seetharam,6.3114,2026-02-20,0.0,0
4340,1690,Hostel,6.6728,2006-01-06,5.967,4008
4341,520758,Chicken Run: Dawn of the Nugget,7.075,2023-12-08,6.939,915
4342,329440,The Forest,7.302,2016-01-07,5.232,1885
4343,1637212,Second Case of Seetharam,6.3114,2026-02-20,0.0,0
4344,442567,Selection,6.1176,1970-02-19,8.0,2
4345,1636,Bedazzled,6.4631,2000-10-19,6.1,2154
4346,849,Krull,6.3806,1983-07-29,6.039,630
4347,592153,Empty Horses,5.4405,2019-03-01,4.3,3
4348,109689,I Want You,6.6032,2012-06-22,7.5,1973
4349,42006,Red Sorghum,5.0265,1988-10-10,7.2,247
4350,54989,Love Strange Love,6.0153,1982-01-11,5.845,71
4351,13192,Moonwalker,6.3358,1988-10-29,7.099,678
4352,986425,A Name Written in Water,5.7652,2021-11-02,6.0,1
4353,1429605,F Valentine's Day,6.8954,2026-02-12,5.974,76
4354,1119090,I Am Frankelda,6.2859,2025-10-23,8.061,114
4355,4141,Shoot 'Em Up,7.4359,2007-07-26,6.51,2141
4356,513691,The Debt Collector,7.1431,2018-06-05,5.817,257
4357,580192,The Tsar's Bride - Bolshoi,5.1935,2018-11-15,0.0,0
4358,47964,A Good Day to Die Hard,6.627,2013-02-06,5.329,6817
4359,924482,The Ledge,6.16,2022-02-18,6.578,415
4360,398173,The House That Jack Built,6.7864,2018-10-04,7.112,3105
4361,14919,Batman: Mask of the Phantasm,6.4281,1993-12-25,7.504,1271
4362,1412113,Squid Game: Making Season 2,6.339,2025-01-02,8.352,456
4363,1383247,Agent Zero,5.7619,2025-08-06,5.63,46
4364,1412,"sex, lies, and videotape",6.5194,1989-08-04,6.954,1054
4365,74308,Detachment,6.8627,2011-04-24,7.627,2045
4366,4244,The Kid,6.2519,2000-07-07,6.785,1156
4367,685833,What Happened at the Carpenter's Shop,6.2577,2020-03-05,5.4,10
4368,424349,Chungul,5.5069,2016-10-27,2.667,3
4369,359607,Talakjung vs Tulke,5.5431,2014-10-31,8.0,2
4370,123553,The Mortal Instruments: City of Bones,6.5289,2013-08-21,6.425,4674
4371,17824,Private Resort,6.1656,1985-05-03,5.717,237
4372,1036045,Paradesi Babu,6.1562,1999-12-03,0.0,0
4373,492188,Marriage Story,6.7361,2019-09-28,7.732,7483
4374,213,North by Northwest,7.4973,1959-08-06,7.964,4564
4375,1734912,Semusim Rindu,5.181,2017-01-01,0.0,0
4376,2157,Lost in Space,6.4919,1998-04-03,5.444,1346
4377,533256,An Eye for an Eye,6.2038,1925-01-25,6.833,3
4378,264644,Room,6.9529,2015-10-16,7.99,9759
4379,1000931,南海的早晨,5.5815,1964-12-01,0.0,0
4380,2157,Lost in Space,6.4919,1998-04-03,5.444,1346
4381,533256,An Eye for an Eye,6.2038,1925-01-25,6.833,3
4382,264644,Room,6.9529,2015-10-16,7.99,9759
4383,1000931,南海的早晨,5.5815,1964-12-01,0.0,0
4384,1086747,The Watchers,7.5239,2024-06-06,6.354,1666
4385,973161,The Falling Angels,5.5101,2022-06-05,0.0,0
4386,250480,The Many Adventures of Winnie the Pooh,6.5597,1977-03-11,7.241,1182
4387,17835,Threads,6.1456,1984-09-23,7.635,425
4388,23172,The Spy Next Door,6.3086,2010-01-15,5.894,1437
4389,483074,Sentinel Under the Neon Lights,5.8508,1964-10-23,9.0,1
4390,813785,Beiman,6.0806,1974-12-31,0.0,0
4391,329833,Zoolander 2,6.4048,2016-02-06,4.927,2411
4392,1154538,Nirvanna the Band the Show the Movie,5.87,2026-02-02,7.5,93
4393,7520,Cocktail,10.4832,1988-07-29,6.115,1646
4394,303746,Timur Novikov: Zero Object,6.0603,2014-01-01,5.7,3
4395,864168,Joy Ride,7.9761,2023-06-22,6.503,498
4396,510792,Bye Bye Dubai,6.167,2016-09-02,0.0,0
4397,1443803,Locked In,5.1284,2023-12-07,0.0,0
4398,921,Cinderella Man,7.1529,2005-06-02,7.584,2453
4399,12113,Body of Lies,7.2999,2008-10-09,6.634,3382
4400,1501204,I Am a Plaything,5.7274,2025-06-14,0.0,0
4401,1058694,Radical,6.2065,2023-10-19,8.336,511
4402,455980,Tag,7.1884,2018-05-30,6.71,3485
4403,1049942,Bambi: The Reckoning,6.2485,2025-07-11,5.779,192
4404,375262,The Favourite,7.3029,2018-11-23,7.484,5974
4405,18501,Gamer,5.9106,2009-09-03,5.692,2673
4406,487558,BlacKkKlansman,7.4881,2018-08-09,7.488,8171
4407,73456,Barbie: Princess Charm School,7.002,2011-08-11,7.544,881
4408,421223,La máscara,5.7312,1977-07-31,6.625,4
4409,923667,Twilight of the Warriors: Walled In,6.0729,2024-05-01,7.002,464
4410,267193,Grimsby,6.439,2016-02-24,5.948,2550
4411,121856,Assassin's Creed,6.24,2016-12-21,5.446,8189
4412,484133,Nude,5.819,2017-10-29,9.4,168
4413,664767,Mortal Kombat Legends: Scorpion's Revenge,6.2303,2020-04-12,8.098,1510
4414,241554,Run All Night,7.1904,2015-03-11,6.4,3008
4415,396943,The Captain's Daughter,6.1884,1928-10-08,5.0,2
4416,923,Dawn of the Dead,6.7271,1978-09-02,7.489,2337
4417,339984,Miracles from Heaven,5.758,2016-03-17,7.447,1284
4418,848187,Role Play,6.9552,2023-12-14,5.989,656
4419,3034,Young Frankenstein,6.2512,1974-12-15,7.853,3441
4420,334693,Hollow,5.4544,2014-07-18,7.5,4
4421,280027,Beautiful Woman,5.7417,2012-01-01,0.0,0
4422,11152,The Ruins,6.3619,2008-04-02,5.947,1471
4423,216282,Into the Storm,6.8888,2014-08-06,6.064,2199
4424,895197,They Were to Cross the River,5.7653,2021-11-20,0.0,0
4425,466040,D'un Commun à Corps,6.0097,2016-12-31,0.0,0
4426,51608,The Man from Nowhere,6.6207,2010-08-04,7.694,1515
4427,268180,Fire,5.6637,2011-05-05,1.0,1
4428,660942,The Innocents,5.7224,2021-09-03,6.894,753
4429,202658,Bébé apache,5.9656,1910-12-24,8.0,1
4430,10153,Sphere,6.5209,1998-02-13,6.141,1862
4431,652751,Heart of Spring,6.0914,1982-01-01,10.0,1
4432,814338,Lady Chatterley's Lover,5.8661,2022-11-22,6.7,535
4433,263742,Andhaman Kaidhi,5.8738,1952-03-13,10.0,1
4434,310111,Brasil Santo - Retratos da Fé,6.0465,2009-02-10,0.0,0
4435,2787,Pitch Black,6.3168,2000-02-18,6.87,4879
4436,492166,Russell Howard: Recalibrate,6.1877,2017-12-19,7.463,54
4437,10461,Get Carter,5.6663,2000-10-06,5.218,669
4438,514999,Murder Mystery,6.3969,2019-05-25,6.255,4852
4439,10110,Empire of the Sun,7.2865,1987-12-09,7.516,2167
4440,13417,Kronk's New Groove,6.4381,2005-12-05,6.414,1366
4441,323151,Grey Morning,6.1448,1969-10-08,7.6,7
4442,249,The War of the Roses,6.5574,1989-12-08,6.91,1267
4443,3512,Under Siege 2: Dark Territory,6.5138,1995-07-13,5.861,1045
4444,380265,Battle Of The Brides 2,5.3901,2014-01-16,3.0,1
4445,987917,Old Dads,6.2775,2023-10-20,6.198,479
4446,820,JFK,6.2489,1991-12-20,7.592,2457
4447,414064,PERSONA5 the Animation - THE DAY BREAKERS -,5.5103,2016-09-03,7.4,15
4448,806368,The Son,7.0901,2022-11-10,6.75,583
4449,13460,Doomsday,6.5508,2008-03-14,5.939,1425
4450,10497,Bitter Moon,6.6447,1992-09-02,7.099,861
4451,1536233,The Summoning of Baby Blue,5.4719,2025-10-15,5.1,29
4452,1022690,Ricky Stanicky,5.1053,2024-03-07,6.531,818
4453,1734957,Seharum Mawar,4.7194,,0.0,0
4454,197158,Porno!,5.7431,1981-01-01,5.141,85
4455,791177,Bones and All,8.0018,2022-11-18,6.992,1662
4456,6279,Sister Act 2: Back in the Habit,6.666,1993-12-09,6.376,1978
4457,1426964,State of Fear,6.77,2026-02-10,5.743,74
4458,82633,Lawless,6.7482,2012-08-29,7.07,3380
4459,440021,Happy Death Day,7.6662,2017-10-12,6.659,6631
4460,408094,La familia Figueroa: una dinastía musical,6.0768,2015-10-04,0.0,0
4461,871172,Long Live Belarus,5.7877,2021-11-11,9.0,2
4462,1294911,Mon Potongo,7.1726,2025-03-07,10.0,1
4463,554426,Bulbul,5.8496,2019-02-15,8.0,1
4464,1172971,Не лечится,5.1312,2023-08-18,0.0,0
4465,138402,The Blueberry War,5.5723,2007-10-26,4.5,2
4466,722194,Poramon,5.6897,2013-06-14,0.0,0
4467,1507275,A Paw Patrol Christmas,6.3693,2025-10-30,7.4,24
4468,37523,Envy,5.7224,2009-08-08,5.608,37
4469,507241,The Killer's Game,6.8885,2024-09-12,6.4,573
4470,22512,"Sex, Shame & Tears",6.1824,1999-06-18,6.648,155
4471,9053,DOA: Dead or Alive,6.3945,2006-09-07,5.263,934
4472,9292,Hudson Hawk,6.5563,1991-05-23,5.726,1159
4473,4909,The Day of the Jackal,6.174,1973-05-16,7.5,692
4474,574060,Gunpowder Milkshake,6.1868,2021-07-14,6.269,1181
4475,1371151,Off the Grid,5.9276,2025-06-27,6.44,125
4476,473008,The Party and the Barking,5.5588,2015-03-21,6.0,2
4477,13342,Fast Times at Ridgemont High,7.4105,1982-08-13,6.8,1394
4478,1618945,Yoh! Bestie,5.4447,2026-02-06,6.255,47
4479,5123,August Rush,5.6128,2007-10-18,7.421,2856
4480,502033,Sound of Metal,6.2355,2020-11-20,7.701,2886
4481,83899,You're Next,6.404,2013-08-22,6.6,2721
4482,451,Leaving Las Vegas,5.6648,1995-10-27,7.257,1686
4483,802663,The Bureau,5.9472,2020-12-01,0.0,0
4484,73567,Killer Joe,7.7721,2012-06-07,6.525,1598
4485,76649,Pompeii,6.8871,2014-02-18,5.549,3425
4486,454227,Outlaw King,6.3476,2018-09-06,6.83,1715
4487,297608,The Taking of Deborah Logan,6.5586,2014-10-21,6.6,1511
4488,7508,Like Stars on Earth,6.2842,2007-12-21,7.983,1376
4489,535544,Downton Abbey,6.4024,2019-09-12,7.141,1276
4490,6615,Lars and the Real Girl,6.4892,2007-10-12,7.202,2120
4491,338238,Ivanna,5.6616,1960-04-14,8.0,2
4492,1160018,Kill,6.0571,2024-07-03,7.139,513
4493,231164,Sweet Whip,5.6295,2013-09-21,5.9,30
4494,489817,Andro,5.865,2017-12-04,0.0,0
4495,447063,Xetá,5.7002,2010-03-15,0.0,0
4496,606,Out of Africa,7.3205,1985-12-20,7.154,1553
4497,51620,Death Race 2,6.8224,2010-11-12,5.9,1220
4498,256961,Paul Blart: Mall Cop 2,6.6568,2015-04-16,5.171,1712
4499,29926,Dead Boyz Don't Scream,5.7297,2006-11-02,3.5,10
4500,447063,Xetá,5.7002,2010-03-15,0.0,0
4501,606,Out of Africa,7.3205,1985-12-20,7.154,1553
4502,51620,Death Race 2,6.8224,2010-11-12,5.9,1220
4503,256961,Paul Blart: Mall Cop 2,6.6568,2015-04-16,5.171,1712
4504,29926,Dead Boyz Don't Scream,5.7297,2006-11-02,3.5,10
4505,510980,Ba Vợ Cưới Vợ Ba,5.8846,2016-12-25,0.0,0
4506,1013763,It’s 50 euros,5.9451,2021-12-24,0.0,0
4507,878608,Resurrection,5.8654,2025-11-22,7.2,106
4508,360669,Harlequin and Her Lover,5.9329,1966-09-19,8.0,2
4509,347201,Boruto: Naruto the Movie,6.5953,2015-08-07,7.461,1667
4510,436279,The Citizen,5.651,2017-01-26,6.7,9
4511,703,Annie Hall,5.0971,1977-04-19,7.723,4289
4512,393345,Cult of Chucky,6.6954,2017-10-12,5.9,1426
4513,150100,Sun of the Sleepless,5.8898,1992-03-01,5.667,15
4514,11906,Suspiria,5.0572,1977-02-01,7.468,3219
4515,20048,Confessions of a Shopaholic,7.0678,2009-02-05,6.489,2780
4516,417384,Scary Stories to Tell in the Dark,7.1368,2019-08-08,6.489,2902
4517,538806,Goodbye Pharaohs!,5.6979,1975-01-13,8.0,2
4518,1145758,Birder,6.1327,2023-08-11,4.8,9
4519,1102536,Black Candle of the Bright Road. In memory of Vasyl Stus,5.7951,1992-01-06,0.0,0
4520,417384,Scary Stories to Tell in the Dark,7.1368,2019-08-08,6.489,2902
4521,538806,Goodbye Pharaohs!,5.6979,1975-01-13,8.0,2
4522,1145758,Birder,6.1327,2023-08-11,4.8,9
4523,1102536,Black Candle of the Bright Road. In memory of Vasyl Stus,5.7951,1992-01-06,0.0,0
4524,950891,The Sales Girl,5.024,2023-11-15,0.0,0
4525,34433,Dragon Ball Z: Broly - The Legendary Super Saiyan,5.8721,1993-03-06,7.3,1018
4526,65759,Happy Feet Two,6.4398,2011-11-17,6.213,1745
4527,508935,The Eight Hundred,5.5815,2020-08-14,7.045,345
4528,1326106,Kaiju No. 8: Mission Recon,6.1645,2025-03-28,8.03,99
4529,395014,Time to Mature,5.4885,1976-04-28,7.0,2
4530,911835,Aunt,5.4561,2021-07-28,5.667,3
4531,630868,SP Woman - Beautiful Sacrifice,6.9193,2012-02-24,0.0,0
4532,242828,When Marnie Was There,6.2064,2014-07-19,7.931,1998
4533,11259,Far and Away,6.1505,1992-05-22,6.778,1325
4534,81481,Silenced,5.6541,2011-09-22,8.2,791
4535,431580,Abominable,7.1724,2019-09-19,7.452,2202
4536,13333,Game of Death,6.7747,1978-03-23,6.384,747
4537,1016084,BlackBerry,6.1304,2023-02-13,7.169,937
4538,438147,Könnyű múzsa,5.5512,1947-11-30,8.667,3
4539,1278950,The Ritual,7.566,2025-04-18,5.871,284
4540,4550,Lady Vengeance,5.994,2005-07-29,7.519,1984
4541,933088,The Abandon,6.0536,2024-07-19,4.614,44
4542,1568546,Onde Raktha,4.7656,1984-06-01,10.0,1
4543,6964,Something's Gotta Give,6.4693,2003-12-12,6.63,1789
4544,7442,Sleeping with the Enemy,6.1131,1991-01-13,6.51,1249
4545,1139566,Through My Window 3: Looking at You,5.6379,2024-02-23,6.862,683
4546,1628367,Kartavya,5.6694,2026-05-15,6.897,29
4547,41093,Moscow Square,5.2606,2001-09-20,6.964,28
4548,64335,Fig Jam,5.5983,2011-02-11,6.2,94
4549,40805,The Green Hornet,7.0371,2011-01-12,5.597,3524
4550,875202,The Nest,5.3697,2020-10-12,0.0,0
4551,1039465,WE. NEVER. STOP.,5.4515,2022-10-08,0.0,0
4552,530442,"My Teacher, My Obsession",6.2077,2018-06-12,4.9,110
4553,968,Dog Day Afternoon,6.8245,1975-09-21,7.851,3432
4554,1081347,Kathantara,5.4443,2005-12-29,0.0,0
4555,703206,FEAR,5.6462,2021-07-13,0.0,0
4556,1295400,The Last Viking,6.3939,2025-10-09,7.28,205
4557,11069,Tremors 2: Aftershocks,6.876,1996-04-09,6.4,1082
4558,22949,Old Dogs,6.6775,2009-11-24,5.563,798
4559,9825,Lake Placid,6.3939,1999-07-15,5.94,1277
4560,1295400,The Last Viking,6.3939,2025-10-09,7.28,205
4561,11069,Tremors 2: Aftershocks,6.876,1996-04-09,6.4,1082
4562,22949,Old Dogs,6.6775,2009-11-24,5.563,798
4563,9825,Lake Placid,6.3939,1999-07-15,5.94,1277
4564,615904,Marry Me,7.8266,2022-02-09,6.604,1116
4565,853376,Villa Maids,5.9699,2021-05-21,2.5,2
4566,1151949,The Shadow Strays,5.7148,2024-09-10,7.248,336
4567,8814,Doom,6.3758,2005-10-20,5.2,2492
4568,492644,Soy Luna: Live Concert,6.2417,2017-12-10,8.2,61
4569,1034943,The Last Knight,5.6586,2022-10-03,0.0,0
4570,743466,Butterfly on the Windowpane,5.4702,2020-10-26,7.0,1
4571,826,The Bridge on the River Kwai,6.8802,1957-10-11,7.819,2407
4572,9766,Gridiron Gang,6.9055,2006-09-15,7.069,1114
4573,36073,Guinea Pig Part 2: Flower of Flesh and Blood,5.6361,1985-10-07,4.6,139
4574,8290,Don't Look Now... We're Being Shot At!,6.1972,1966-12-08,7.927,1476
4575,9886,Johnny Mnemonic,6.1418,1995-05-26,5.761,1557
4576,623,A Fish Called Wanda,6.1296,1988-07-15,7.212,2467
4577,131219,East from the West or The Discreet Charm of the Media,6.076,1994-03-03,10.0,1
4578,11008,Major Payne,6.2642,1995-03-24,6.488,915
4579,37707,Splice,6.5358,2010-06-03,5.888,2481
4580,306819,The Danish Girl,6.5591,2015-11-27,7.542,5982
4581,114168,Perras,6.0973,2011-03-04,7.282,316
4582,363358,Reduit,6.2237,2014-10-10,0.0,0
4583,882209,Terrorist Command,5.8672,1992-10-08,6.0,1
4584,645788,The Protégé,7.9232,2021-08-19,6.55,1171
4585,76285,Percy Jackson: Sea of Monsters,5.0698,2013-08-07,6.03,5419
4586,1310568,Murder at the Embassy,5.8889,2025-11-14,6.009,56
4587,301502,Blonde,6.3553,2022-09-16,5.892,1541
4588,669398,Días rojos,5.743,2004-10-01,7.0,3
4589,1288072,Keeper,6.0366,2025-11-12,5.686,298
4590,1047034,Stillness in the Wave,5.1679,2022-09-08,0.0,0
4591,22164,Blood and Bone,6.5073,2009-02-07,7.364,908
4592,415842,American Assassin,7.189,2017-07-14,6.41,3291
4593,358898,Meghmallar,5.8521,2014-12-12,6.0,1
4594,339527,Solace,6.3614,2015-09-03,6.435,2412
4595,406952,How's Your Prostrate?,5.9525,2016-11-09,7.5,1
4596,1530510,Mexico 86,6.3435,2026-05-21,7.8,107
4597,763165,The Burial,7.5723,2023-10-06,7.09,636
4598,37821,Killers,6.4619,2010-06-04,5.955,2335
4599,734640,The Wages of Sin,5.4355,2017-02-01,0.0,0
4600,1530510,Mexico 86,6.3435,2026-05-21,7.8,107
4601,763165,The Burial,7.5723,2023-10-06,7.09,636
4602,37821,Killers,6.4619,2010-06-04,5.955,2335
4603,734640,The Wages of Sin,5.4355,2017-02-01,0.0,0
4604,521777,Good Boys,7.6357,2019-08-14,6.829,2042
4605,312165,Sanã,5.7889,2013-04-04,6.0,1
4606,458670,The Flaming Rocks Treasure,5.5804,1969-08-18,5.0,1
4607,728761,Battlefield Orchid,5.6854,2012-10-20,0.0,0
4608,390062,Jungle,7.9035,2017-06-27,6.663,2169
4609,75674,Act of Valor,7.5356,2012-02-24,6.559,1277
4610,1031084,The Currents,5.7866,2025-11-13,6.1,5
4611,1639398,Mexican Psycho,5.5265,2026-03-19,7.12,100
4612,470,21 Grams,6.7435,2003-11-18,7.315,3443
4613,51482,Death Note Relight 1: Visions of a God,5.8889,2007-08-31,7.895,396
4614,8373,Transformers: Revenge of the Fallen,5.7881,2009-06-19,6.225,9294
4615,818397,Memory,7.3682,2022-04-28,6.728,1693
4616,2642,Two Weeks Notice,7.1037,2002-12-19,6.366,2242
4617,19959,Surrogates,7.8941,2009-09-24,6.155,3495
4618,1020883,1 week,5.3246,2004-05-02,0.0,0
4619,9718,Talladega Nights: The Ballad of Ricky Bobby,6.2792,2006-08-04,6.368,1944
4620,1620464,Película Cero,4.8968,2025-12-14,10.0,1
4621,1725909,Asesino Perfecto,5.3332,2026-07-24,0.0,0
4622,1538497,Hexed,6.4526,2026-11-25,0.0,0
4623,462252,Lô Tô,5.6773,2017-03-31,5.0,1
4624,1715,The Cider House Rules,7.3366,1999-12-17,7.091,1312
4625,1333100,Attack on Titan: THE LAST ATTACK,6.2202,2024-03-20,8.7,225
4626,387936,Trinkets and Dark Thoughts,6.1932,2016-03-15,4.2,5
4627,549185,The Last Breakfast,5.8067,2008-01-01,0.0,0
4628,10536,The Italian Job,6.2517,1969-06-02,6.932,878
4629,10925,The Return of the Living Dead,6.6632,1985-04-25,7.194,2328
4630,986097,HIM,6.4781,2025-09-18,5.7,433
4631,594075,The Guru,5.6869,2019-04-10,0.0,0
4632,1883,Malcolm X,6.5725,1992-11-18,7.554,1947
4633,32292,Guinea Pig: Mermaid in the Manhole,5.5495,1988-07-25,5.5,70
4634,439632,The Boy With The Bridle,5.4408,1974-02-05,7.0,1
4635,400157,Wonder Park,8.2221,2019-03-13,6.564,770
4636,1602337,Parimala and Co,4.6807,2026-06-05,6.25,4
4637,3563,I Now Pronounce You Chuck & Larry,6.6612,2007-07-12,6.095,2568
4638,1712,Giant,5.9858,1956-11-08,7.6,769
4639,11968,Into the Blue,6.914,2005-09-30,5.9,1671
4640,11968,Into the Blue,6.914,2005-09-30,5.9,1671
4641,1955,The Elephant Man,7.0151,1980-10-09,8.049,3989
4642,11074,Striking Distance,5.7668,1993-09-17,5.9,962
4643,790204,The End of Innocence,5.582,2021-01-24,0.0,0
4644,619297,Sweet Girl,7.273,2021-08-18,6.579,1303
4645,12233,Oliver & Company,6.73,1988-11-18,6.738,1728
4646,398329,El maletín,5.5544,2013-07-24,0.0,0
4647,458740,Dias de Trovão,6.1505,2015-08-28,0.0,0
4648,1152904,Середина жизни,5.8147,1976-07-17,0.0,0
4649,721983,Night Drive,5.6655,2015-11-21,0.0,0
4650,24128,Stop Making Sense,6.9666,1984-10-19,8.3,377
4651,16269,God of Gamblers,5.422,1989-12-14,7.2,196
4652,80295,14 and Under,6.1993,1973-08-16,5.4,48
4653,408239,Me and My Grandpa,5.4701,1954-11-18,7.667,3
4654,297021,"Recently, My Sister Is Unusual",5.5893,2014-05-17,6.897,78
4655,4370,The Lady Banker,6.2596,1980-08-27,5.31,42
4656,573790,Organik Love,5.3,2018-09-21,4.0,1
4657,5038,Vicky Cristina Barcelona,6.2734,2008-08-15,6.799,4068
4658,642885,Hocus Pocus 2,7.6964,2022-09-27,7.148,1840
4659,464540,Operation Piroberta,5.914,2017-03-16,3.0,1
4660,642885,Hocus Pocus 2,7.6964,2022-09-27,7.148,1840
4661,464540,Operation Piroberta,5.914,2017-03-16,3.0,1
4662,2291,Jacob's Ladder,7.0344,1990-11-02,7.363,1941
4663,42658,Helen of Troy,6.1228,1956-01-26,6.289,64
4664,152760,The Monuments Men,6.5389,2014-01-24,6.1,3854
4665,560732,Hello Arsi,5.8423,2018-11-28,4.4,5
4666,2637,The Mothman Prophecies,5.7993,2002-01-25,6.224,1290
4667,1134055,Kill Shot,6.0966,2023-08-15,8.056,225
4668,5820,The Sentinel,6.8763,2006-04-19,6.063,917
4669,258230,A Monster Calls,7.1458,2016-10-07,7.307,3603
4670,900581,Padmapuran,5.6097,2021-10-08,0.0,0
4671,1030293,Forgive,5.6509,2015-07-30,0.0,0
4672,4961,Mimic,5.1576,1997-08-22,6.093,1283
4673,335786,Kārkli pelēkie zied,5.4993,1961-04-13,8.0,1
4674,858901,Kings of Rap,5.3786,2023-08-03,7.8,5
4675,337871,"Love, Mother",5.5856,1986-04-29,9.0,2
4676,9395,Above the Law,6.5394,1988-04-08,6.133,813
4677,993708,The Threesome,6.4259,2025-09-04,6.335,115
4678,546488,Fruit Story,5.6623,2016-06-01,0.0,0
4679,1057491,Naughty,5.7009,2023-02-14,6.309,110
4680,245,About a Boy,6.3974,2002-04-26,6.7,2438
4681,1318335,The Rays and Shadows,5.8745,2026-03-18,7.505,98
4682,1449188,Nadie nada,4.9467,2012-01-01,0.0,0
4683,13809,RocknRolla,5.5505,2008-09-04,6.948,3362
4684,9563,Any Given Sunday,6.1067,1999-12-22,6.825,1850
4685,504608,Rocketman,6.7829,2019-05-17,7.31,5038
4686,10975,Operation Condor,6.5706,1991-02-07,7.336,655
4687,524659,Crown Vic,6.2089,2019-11-01,6.192,225
4688,1029955,Kinds of Kindness,6.0357,2024-05-30,6.481,1317
4689,599134,Freedom is a Big Word,6.0719,2018-11-17,0.0,0
4690,8870,Red Planet,6.7491,2000-11-10,5.735,1189
4691,335203,The Cannibal,5.2276,1991-01-01,0.0,1
4692,1026436,Miller's Girl,5.9773,2024-01-18,6.298,963
4693,303598,Petrovich,5.8128,2012-09-02,0.0,0
4694,24803,Julie & Julia,7.5817,2009-08-06,6.714,2235
4695,806,The Omen,5.9973,2006-06-06,5.651,1220
4696,634528,The Marksman,6.9683,2021-01-15,6.776,1762
4697,167032,Curse of Chucky,7.1057,2013-10-08,6.0,1728
4698,281,Strange Days,6.2487,1995-10-13,7.018,1583
4699,623402,Jhumkee,5.8194,2016-09-23,0.0,0
4700,853425,Bou Diaries,5.9219,2021-07-15,0.0,0
4701,263647,Needhikku Thalaivanangu,5.613,1976-03-17,9.0,1
4702,286620,Bondage,5.4738,1968-08-12,7.0,1
4703,71880,Jack and Jill,7.1297,2011-11-11,4.391,2242
4704,347717,The Joke,5.3169,1990-01-10,5.833,6
4705,477092,The Month of Dreams,5.5945,2017-04-21,0.0,0
4706,812621,The Gloom,4.9225,2021-04-01,6.0,1
4707,303991,Demolition,6.239,2016-04-06,6.848,2553
4708,2655,What Lies Beneath,5.0358,2000-07-21,6.439,2060
4709,893694,Eva,6.003,2021-12-24,5.36,25
4710,243,High Fidelity,5.7439,2000-03-17,7.127,2216
4711,322240,Nine Lives,6.3718,2016-08-03,5.83,1150
4712,155999,Men in Soldier's Overcoats,5.4367,1968-07-25,3.857,7
4713,708647,Never Came,5.8613,1961-11-24,0.0,0
4714,1627796,Pansamantala,6.5095,2026-02-13,6.5,4
4715,836225,The Exorcism of God,5.2858,2022-03-11,7.074,1172
4716,26973,Pretty Baby,6.4406,1978-04-05,6.98,420
4717,900667,One Piece Film Red,6.1722,2022-08-06,7.216,1144
4718,1658272,Happily Ever After,7.1991,,0.0,0
4719,1598680,Estado Terminal,4.2893,2025-12-16,0.0,0
4720,200279,Déchirés / Graves,5.8383,2013-06-12,0.0,0
4721,795216,Female Pilot,5.9384,1966-01-01,0.0,0
4722,546121,Run,6.4338,2020-11-20,7.216,2931
4723,41646,Good Boys,5.1402,2005-01-01,5.6,10
4724,483393,Déjà vu,5.4551,2017-10-17,5.5,2
4725,11113,My Fair Lady,6.1578,1964-12-01,7.494,1448
4726,758336,Love Again,7.6393,2023-05-04,6.733,492
4727,1630433,The Red Line,6.0938,2026-03-22,6.8,70
4728,8491,Weekend at Bernie's,5.5625,1989-07-05,6.422,1150
4729,446807,The Girl in the Spider's Web,6.6234,2018-10-25,6.162,1541
4730,618344,Justice League Dark: Apokolips War,6.4766,2020-05-05,8.193,1604
4731,289457,Song of Youth,5.7918,1959-01-02,6.4,5
4732,23048,Hot Tub Time Machine,5.3742,2010-03-26,6.047,2788
4733,8390,"Definitely, Maybe",6.4317,2008-02-08,6.938,2654
4734,4512,The Assassination of Jesse James by the Coward Robert Ford,6.7161,2007-09-20,7.057,2821
4735,85579,The Karadedeler Incident,5.5067,2011-09-16,2.464,14
4736,647496,In Paradox,5.9293,2019-11-07,4.3,3
4737,522924,The Art of Racing in the Rain,6.1786,2019-08-08,8.158,1701
4738,13888,Return to the Blue Lagoon,6.3883,1991-08-02,6.17,1260
4739,11287,A League of Their Own,6.9929,1992-07-01,7.204,1569
4740,13888,Return to the Blue Lagoon,6.3883,1991-08-02,6.17,1260
4741,11287,A League of Their Own,6.9929,1992-07-01,7.204,1569
4742,447362,Life in a Year,5.5038,2020-11-27,8.222,1994
4743,10189,Pineapple Express,6.8783,2008-08-06,6.643,4274
4744,629176,Samaritan,6.6046,2022-08-25,6.649,2238
4745,338958,Disenchanted,6.5676,2022-11-18,6.663,1195
4746,1508938,Sgt. Frog,6.2229,2026-06-26,0.0,0
4747,1608445,Tarung: Unforgiven,5.923,2026-05-07,8.2,4
4748,81803,First Love,7.0681,1978-11-10,5.683,30
4749,9980,Maximum Overdrive,5.7086,1986-07-13,5.8,878
4750,2657,Pleasantville,5.6745,1998-09-17,7.275,1924
4751,680716,Sister's Diary,6.6228,2020-02-20,6.2,4
4752,39939,Super Troopers,6.3481,2001-02-15,6.543,1255
4753,961268,Ballerina,5.2992,2023-10-06,7.01,720
4754,9441,Stepmom,5.9709,1998-12-25,7.162,1558
4755,1279596,The Little Mermaid,5.9234,2024-12-16,4.389,18
4756,185689,Beauty in Rope Hell,5.7987,1983-08-26,5.8,25
4757,81785,Pólvora Negra,5.6292,2011-10-29,0.0,0
4758,413387,As Três,5.6463,,0.0,0
4759,1165369,De Gaulle: Liberté,6.1183,2026-06-26,7.8,149
4760,51052,Arthur Christmas,6.5044,2011-11-10,6.775,1656
4761,169972,"Mister, Missus, Miss Lonely",6.0319,1980-12-20,7.5,2
4762,744148,Hole-in-law 2,5.7704,2020-09-11,4.286,7
4763,11186,Child's Play 2,6.4611,1990-11-09,6.4,2065
4764,10952,New Jack City,5.4085,1991-03-08,6.72,620
4765,492105,New Golden Lotus III,6.8658,1996-03-22,6.0,14
4766,37645,22 Bullets,6.6104,2010-03-23,6.686,1358
4767,401469,Widows,7.7926,2018-11-06,6.475,2505
4768,1281331,The Social Reckoning,4.9598,2026-10-07,0.0,0
4769,1436161,Obsession,5.5047,2025-03-28,0.0,0
4770,522858,Perekop,5.3869,1930-11-21,6.4,5
4771,2652,Hard Candy,7.5601,2005-01-14,6.804,2817
4772,364810,Triple Troubles,5.8023,2015-05-15,4.5,2
4773,517814,Capernaum,6.3525,2018-09-20,8.151,2008
4774,65733,An Ideal Adventure,5.2308,1982-04-01,4.855,31
4775,2486,Eragon,6.5973,2006-12-14,5.137,3493
4776,403117,Bringing Up Cruelty in Women and Dogs,5.6543,1992-07-27,6.0,4
4777,628900,The Contractor,7.3692,2022-03-10,6.35,1081
4778,14174,Lie with Me,6.3814,2005-11-11,5.217,320
4779,933131,Badland Hunters,5.9607,2024-01-26,6.7,823
4780,541450,A Poet's Fate,5.6868,1959-06-01,0.0,0
4781,18764,Twin Dragons,5.6925,1992-01-15,6.811,453
4782,1574,Chicago,6.1766,2002-12-10,7.133,2946
4783,638577,The Boys,5.5809,1959-06-15,7.0,1
4784,175,The Big Blue,6.8777,1988-05-10,7.445,1590
4785,38303,You Again,7.0276,2010-09-23,6.272,1312
4786,11349,Cape Fear,6.2802,1962-04-12,7.5,646
4787,10061,Escape from L.A.,6.1111,1996-08-09,5.866,1639
4788,10649,The Enforcer,5.9592,1976-12-16,6.7,1002
4789,411742,Esküvőtől válóperig,5.623,,0.0,0
4790,121876,Operation Autumn,5.4097,2012-11-22,6.8,5
4791,1580,Rope,6.3819,1948-02-01,7.93,3046
4792,11282,Harold & Kumar Go to White Castle,6.4762,2004-07-02,6.578,2325
4793,1468057,GATAO: Big Brothers,5.7043,2025-08-21,6.25,12
4794,1078600,Marked Men: Rule + Shaw,5.9564,2025-01-22,6.7,253
4795,299819,The Girl on the River,6.1032,1987-04-01,4.75,4
4796,936,The Pink Panther,6.9088,1963-12-18,6.842,1197
4797,795514,The Fallout,6.4409,2021-03-17,7.502,1320
4798,15789,A Goofy Movie,7.6291,1995-04-05,7.04,1944
4799,355838,Hot Fields,5.4992,1948-08-23,8.5,2
4800,15789,A Goofy Movie,7.6291,1995-04-05,7.04,1944
4801,355838,Hot Fields,5.4992,1948-08-23,8.5,2
4802,170657,Journey to the West: Conquering the Demons,5.57,2013-02-07,6.948,455
4803,585216,Escape Room: Tournament of Champions,6.8697,2021-07-01,6.507,2316
4804,886361,Длинный день Кольки Павлюкова,5.4238,1968-01-01,9.0,1
4805,439715,About The Hippopotamus Named Well-Let-It,5.9421,1986-02-05,0.0,0
4806,1383164,StartUp,4.573,2024-10-26,10.0,1
4807,11527,Excalibur,6.0165,1981-04-10,6.957,1173
4808,646683,The Exorcism,7.0759,2024-05-30,5.035,444
4809,1356670,Late Shift,4.9622,2025-02-27,7.869,297
4810,9007,Just Like Heaven,6.5824,2005-09-16,6.972,2603
4811,1130782,Different,5.3536,2022-06-10,0.0,0
4812,540901,Hustlers,6.3626,2019-09-12,6.463,3115
4813,63799,The Scent of Life,5.5132,2007-06-06,1.0,1
4814,11667,Street Fighter,6.618,1994-12-23,4.686,1659
4815,201088,Blackhat,6.9072,2015-01-13,5.517,2207
4816,167,K-PAX,6.3355,2001-10-26,7.21,2808
4817,8326,Holes,6.756,2003-04-18,6.902,1567
4818,10229,A Walk to Remember,6.5621,2002-01-25,7.752,4302
4819,662860,Kui saabub õhtu,5.1272,1955-04-25,8.167,3
4820,614933,Atlas,6.0692,2024-05-23,6.6,1604
4821,8764,Top Secret!,5.7421,1984-06-22,7.1,1436
4822,600583,The Power of the Dog,6.0118,2021-10-25,6.735,2991
4823,791849,The Lake,4.8045,2020-10-01,5.857,7
4824,348678,A Man Called Ove,5.4612,2015-12-25,7.605,1340
4825,1512124,Silver Shoes,5.3075,,0.0,0
4826,14873,The Jungle Book 2,7.2685,2003-02-07,5.9,1205
4827,302401,Snowden,6.3155,2016-09-15,7.113,4715
4828,273840,Twenty Hours,5.5001,1965-03-11,5.9,8
4829,271116,Devil Angel,6.0098,1995-11-09,4.4,12
4830,1639493,Sadanga,5.5829,2015-06-07,0.0,0
4831,317004,Europe Does Not Answer,5.7164,1941-01-10,9.0,1
4832,1252428,Anaconda,5.7372,2024-03-01,7.103,151
4833,71917,Acne,5.3486,2008-05-18,5.976,82
4834,1734268,Kelmarin Cinta,4.2434,2020-01-01,0.0,0
4835,717339,Bad Detective,5.2999,2018-10-29,0.0,0
4836,1062807,SPY x FAMILY CODE: White,5.8992,2023-12-22,7.196,663
4837,1664119,The Next Karate Kid,4.9783,2026-06-21,1.0,1
4838,2323,Field of Dreams,6.4554,1989-04-21,7.1,1710
4839,133121,Resident Evil: Damnation,6.0782,2012-09-25,6.896,1011
4840,2323,Field of Dreams,6.4554,1989-04-21,7.1,1710
4841,133121,Resident Evil: Damnation,6.0782,2012-09-25,6.896,1011
4842,481492,Cicadas and Ants,5.3434,2017-05-12,5.0,1
4843,11452,National Lampoon's Van Wilder,6.5833,2002-03-29,6.035,1976
4844,442585,North by North,5.7561,1999-02-19,9.0,1
4845,136418,Hummingbird,6.2626,2013-05-07,6.171,1897
4846,1006392,A Female Communicant,5.3905,1978-03-01,8.0,1
4847,419680,Daddy's Home 2,6.4832,2017-11-09,6.305,2764
4848,354743,Lady Chatterley's Lover,5.5637,2015-09-06,6.282,126
4849,1734267,Bilal Gantian,5.0264,2021-01-01,0.0,0
4850,459889,Until You,5.7632,2016-12-30,0.0,0
4851,372343,The Snowman,7.7775,2017-08-24,5.215,2403
4852,24238,Mary and Max,6.5868,2009-04-09,7.876,2292
4853,299698,Smilinguido em Histórias de Formiga,5.272,2004-06-18,7.3,3
4854,1247,The Good Shepherd,6.21,2006-12-11,6.354,1321
4855,637356,In the Field,5.8405,2017-11-10,0.0,0
4856,425174,The Gentlefolks of Skotinin,5.5237,1927-01-10,8.0,1
4857,1537,Changing Lanes,5.259,2002-04-07,6.28,1239
4858,637131,Who will die today?,6.0789,1967-06-14,7.0,1
4859,646207,The Ice Road,7.4081,2021-06-24,6.75,1939
4860,4689,Sympathy for Mr. Vengeance,5.3431,2002-03-29,7.468,1734
4861,758724,The Cellar,5.2121,2022-03-25,6.456,511
4862,11357,Halloween 4: The Return of Michael Myers,6.2571,1988-10-21,6.173,2084
4863,708629,Lo-Fi,4.7061,2011-01-01,4.8,2
4864,458253,Missing Link,5.8158,2019-04-04,6.901,948
4865,429197,Vice,6.2117,2018-12-25,7.012,3642
4866,9715,Hope Floats,6.8137,1998-05-29,6.432,509
4867,169881,The Physician,5.9083,2013-12-25,7.337,1208
4868,17610,Year One,7.1394,2009-06-18,4.992,2061
4869,854239,Till,6.2523,2022-10-14,7.331,356
4870,514207,Invasion,6.2637,2020-02-27,6.867,904
4871,318718,Ultraman Tiga & Ultraman Dyna & Ultraman Gaia: The Battle in Hyperspace,4.875,1999-03-06,7.267,15
4872,4538,The Darjeeling Limited,5.8818,2007-09-07,7.141,4030
4873,1185528,Legends of the Condor Heroes: The Gallants,5.9226,2025-01-29,7.123,102
4874,361292,Suspiria,6.6166,2018-10-26,6.898,2794
4875,51162,Winnie the Pooh,7.0776,2011-04-06,6.904,976
4876,481551,Năm Sau Con Lại Về,6.1359,2014-01-18,0.0,0
4877,832502,The Monkey King,6.2286,2023-07-30,6.504,354
4878,7305,Alive,5.5163,1993-01-15,6.892,1603
4879,1059007,Agra,5.4863,2025-11-14,5.0,5
4880,1431804,40 Dates and 40 Nights,5.6402,2026-06-16,6.675,20
4881,601666,I Care a Lot,6.0584,2021-02-19,6.572,3024
4882,9647,Scrooged,5.0176,1988-11-22,6.79,1726
4883,314095,The Lost City of Z,7.6789,2017-03-15,6.389,3125
4884,606856,Togo,5.5913,2019-12-20,8.139,2332
4885,654,On the Waterfront,6.4626,1954-06-22,7.9,1815
4886,15804,A Brighter Summer Day,6.0056,1991-07-27,8.2,394
4887,1788,Footloose,6.1734,1984-02-17,6.688,2232
4888,458083,Covet: Island of Desire,5.2053,2017-05-04,5.5,14
4889,591274,Fear Street: 1978,6.5624,2021-07-08,7.178,2279
4890,1291559,Drawing Closer,5.5831,2024-06-26,8.383,219
4891,11090,The Animal,6.7548,2001-06-01,5.146,1392
4892,1734199,Keluarga Instafamous,4.4492,2021-01-01,0.0,0
4893,227549,The Momentary Marriage,5.1762,2011-11-09,0.0,0
4894,715503,Sasha Maloy: Concierto Vulgar,5.596,2020-06-14,7.0,1
4895,301337,Downsizing,6.7241,2017-12-22,5.411,4147
4896,341842,A padlás,5.6589,1988-01-27,10.0,1
4897,46705,Blue Valentine,5.6418,2010-12-26,6.97,3568
4898,357057,The Goodbye,5.6886,2015-09-13,6.5,2
4899,526,Ladyhawke,5.6902,1985-03-27,6.997,1270
4900,532408,The Boogeyman,7.2728,2023-05-31,6.384,1127
4901,219598,Giddy Vacations,5.4635,1987-03-31,8.0,3
4902,10847,Lord of the Flies,6.0863,1990-03-16,6.383,647
4903,429415,Extinction,5.7286,2018-07-15,6.048,2029
4904,428045,Iron Mask,6.4038,2019-08-16,6.091,561
4905,9678,Little Nicky,6.5821,2000-11-10,5.84,2010
4906,10603,George of the Jungle,6.1279,1997-07-15,5.668,2291
4907,1553969,Sheep in the Box,5.4924,2026-05-29,5.7,7
4908,402897,The Death of Stalin,6.3498,2017-10-20,7.015,2174
4909,381890,The Mermaid,6.3457,2016-02-08,6.543,495
4910,1733769,Ayıb olar,5.0269,2020-12-01,0.0,0
4911,1355755,An Almost Christmas Story,4.9077,2024-10-14,7.016,96
4912,568805,Experiment Stuka,5.6066,2018-11-08,6.0,1
4913,12225,Cashback,5.4962,2007-01-17,6.958,1419
4914,427824,Palhaços,5.6356,2011-10-01,5.0,1
4915,400650,Mary Poppins Returns,7.4115,2018-12-13,6.509,3493
4916,1243741,Ballistic,5.2196,2026-04-17,6.0,69
4917,845111,The Three Musketeers: Milady,7.227,2023-12-13,6.39,849
4918,1497348,Alas Roban,5.6817,2026-01-15,4.438,8
4919,869597,Reunion,4.9653,2024-06-28,5.986,140
4920,445629,Fighting with My Family,6.2648,2019-02-14,6.835,1899
4921,1329016,Tony,6.5941,2026-08-07,8.0,1
4922,411301,The Ruffian,4.9836,1961-09-07,5.333,9
4923,1006219,Jimmy Higgings,5.2369,1928-10-09,10.0,1
4924,2252,Eastern Promises,6.2666,2007-09-14,7.348,3775
4925,900597,"Meu amigo que trabalhou com Manoel de Oliveira, que fez 100 anos",5.5766,2012-07-01,0.0,0
4926,43539,The Next Three Days,6.0644,2010-11-18,7.089,3145
4927,988078,Through My Window: Across the Sea,5.5767,2023-06-23,6.566,974
4928,932420,Code 8 Part II,5.9912,2024-02-27,6.352,724
4929,330477,Baby Love,5.8454,1979-01-01,3.0,7
4930,358989,The Town Within Reach,5.5458,1983-04-01,5.5,4
4931,660982,American Pie Presents: Girls' Rules,6.3699,2020-10-06,6.087,731
4932,1476928,Na Willa,5.8051,2026-03-18,7.583,6
4933,580334,Torn: A Shock Youmentary,5.4644,2014-01-01,6.5,2
4934,1038068,Halloween Inferno,5.4927,2019-10-11,8.0,2
4935,1000413,炉火正红,5.7222,1962-01-01,8.0,1
4936,623491,The Babysitter: Killer Queen,6.1991,2020-09-10,6.316,1874
4937,228205,The Longest Ride,6.4258,2015-04-09,7.634,3354
4938,1733962,Aisya & Bella,5.0637,2021-01-01,0.0,0
4939,10040,Miss Congeniality 2: Armed and Fabulous,6.1995,2005-03-11,5.742,1987
4940,1733962,Aisya & Bella,5.0637,2021-01-01,0.0,0
4941,10040,Miss Congeniality 2: Armed and Fabulous,6.1995,2005-03-11,5.742,1987
4942,262835,Improper Conduct,4.3562,1994-06-09,4.292,12
4943,1623617,SICKO,6.2029,2025-05-16,0.0,0
4944,25376,The Secret in Their Eyes,6.0131,2009-08-13,7.971,2906
4945,864101,Mira,5.8286,2022-12-22,7.553,460
4946,10214,Son of the Mask,6.491,2005-02-11,4.199,1983
4947,10074,Hot Rod,7.0316,2007-08-03,6.402,1121
4948,692,Pink Flamingos,6.2268,1972-03-17,6.133,572
4949,407510,Beautiful Figure,5.4826,2015-01-01,9.5,2
4950,1732464,Juliet,5.4196,2022-01-01,0.0,0
4951,442249,The First Purge,6.7762,2018-07-04,5.998,4266
4952,1688933,The Girl,4.7936,2026-05-07,0.0,0
4953,1014877,BKFC 27: Perry vs Page,6.0035,2022-08-20,0.0,0
4954,16235,Amityville II: The Possession,4.3591,1982-09-24,5.757,407
4955,1339658,"Oh, Hi!",5.3797,2025-07-25,6.283,187
4956,972791,Green Hat Club,5.8591,1992-12-19,1.0,1
4957,333171,"In the middle of the River, Between Trees",5.775,2009-12-10,0.0,0
4958,587412,K.G.F: Chapter 2,5.3565,2022-04-14,7.415,213
4959,263132,Naked Ambition 3D,5.9682,2014-03-25,5.0,49
4960,463257,The Peanut Butter Falcon,6.076,2019-08-09,7.391,1636
4961,1069905,Jay Kelly,6.0607,2025-11-14,6.196,443
4962,856388,Melancholy Hatred,5.148,1938-01-01,0.0,0
4963,4442,The Brothers Grimm,6.3697,2005-08-26,5.865,3005
4964,7461,Vantage Point,6.9261,2008-02-01,6.413,2225
4965,1097870,Dear Santa,5.8625,2024-11-24,6.186,515
4966,70818,Highway,5.9666,2007-01-01,0.0,0
4967,1104845,Plankton: The Movie,4.8324,2025-03-08,6.7,174
4968,1533567,Prema Katha,4.9253,2023-12-15,0.0,0
4969,592983,Spellbound,6.6828,2024-11-22,6.595,325
4970,632727,Texas Chainsaw Massacre,6.1991,2022-02-18,5.185,1674
4971,1139977,Desde Adentro,5.2122,2017-01-01,0.0,0
4972,1611380,My Worst Enemy,5.4018,2026-02-05,5.929,14
4973,475,Bonnie and Clyde,6.1549,1967-08-13,7.49,1819
4974,360784,Hidden,5.636,2015-09-15,6.958,1224
4975,849159,Wild Lover,5.8844,1977-01-01,8.0,1
4976,704593,Daruwane,5.1013,2012-07-26,5.0,1
4977,9894,The Cable Guy,6.9489,1996-06-10,6.001,2722
4978,1163345,Blown Kiss,5.161,1991-07-19,4.0,3
4979,465136,Every Day,6.7187,2018-02-22,7.242,2305
4980,91984,El man,5.6227,2009-01-23,4.4,4
4981,1012201,HAIKYU!! The Dumpster Battle,5.8051,2024-02-16,7.803,264
4982,8967,The Tree of Life,6.727,2011-05-17,6.718,3370
4983,701219,The office man,6.0373,2019-08-15,0.0,0
4984,1570617,Pequeno País,5.0519,,0.0,0
4985,8984,Disclosure,6.2042,1994-12-09,6.2,1290
4986,303910,Magudi,5.704,1984-01-01,7.0,1
4987,1125725,In Memoriam,4.6491,2023-05-12,0.0,0
4988,1377237,Runner,5.6778,2026-09-10,0.0,0
4989,223984,The Green Jacket,5.2374,2013-09-26,5.0,1
4990,1006814,仇侣,5.7113,1982-06-01,0.0,0
4991,218043,Left Behind,6.8849,2014-10-03,4.293,1415
4992,827778,Kichkina Tabib,5.3114,1998-01-01,0.0,0
4993,592831,Megalopolis,5.8686,2024-09-25,5.2,1026
4994,1086260,The Astronaut,5.8546,2025-09-26,6.147,416
4995,1568490,Dragon Girl Problem,4.6157,2025-11-08,0.0,0
4996,780601,Before And After,5.5343,2019-11-08,0.0,0
4997,425376,Karmelyuk,4.7965,1931-09-06,8.0,1
4998,1209288,Justice League: Crisis on Infinite Earths Part Two,5.1834,2024-04-22,6.729,291
4999,1480382,The Voice of Hind Rajab,5.1095,2025-09-10,8.045,330
5000,1209288,Justice League: Crisis on Infinite Earths Part Two,5.1834,2024-04-22,6.729,291
5001,1480382,The Voice of Hind Rajab,5.1095,2025-09-10,8.045,330
5002,1043213,Otra historia de esas,5.533,,0.0,0
5003,833425,No Exit,7.1484,2022-02-24,6.825,1323
5004,1683985,Ezzie & Nix,4.3615,,0.0,0
5005,1731843,Vile Lynn,5.0656,,0.0,0
5006,10493,Dead Calm,5.8354,1989-04-07,6.564,841
5007,949004,Nomads of the North,4.9247,1983-01-01,0.0,0
5008,18487,The Taking of Pelham 1 2 3,5.7496,2009-06-10,6.362,3449
5009,44024,Beauty in Each Centimeter,5.7959,2009-01-15,7.5,3
5010,11618,The Haunting,6.0866,1999-07-23,5.512,1564
5011,419446,"Tiger, Blood in the Mouth",5.3606,2016-08-25,5.0,49
5012,1267319,Mantis,6.2985,2025-09-25,6.45,179
5013,299048,I'll Overcome Everything,5.2893,2014-06-07,0.0,0
5014,191728,Ain't Misbehavin,5.2193,2013-05-16,6.2,4
5015,9667,The Jacket,6.1403,2005-03-04,6.859,1731
5016,339202,Mozart: La Clemenza di Tito,5.9053,2005-06-01,0.0,0
5017,1212855,Fight or Flight,5.4533,2025-04-03,6.2,400
5018,9029,What Happens in Vegas,6.266,2008-05-07,6.119,3353
5019,9013,Midnight Run,6.0727,1988-07-20,7.189,1306
5020,1418156,Cold Feet,5.3311,2025-03-28,0.0,0
5021,11576,"It's a Mad, Mad, Mad, Mad World",5.3533,1963-11-07,7.0,699
5022,2110,Wasabi,5.8518,2001-10-31,6.659,1453
5023,857171,保卫胜利果实,5.7306,1952-01-01,0.0,0
5024,244663,Mat ¾ (Mat Tiga Suku),6.4591,1964-01-01,7.333,3
5025,1514026,Buddy,5.0318,2026-08-28,0.0,0
5026,1112915,Dho Re Babu Dho,5.9669,2023-04-14,0.0,0
5027,1114894,Star Trek: Section 31,4.8721,2025-01-15,4.699,376
5028,11072,Blazing Saddles,6.1639,1974-02-07,7.2,2114
5029,1540867,SAQUON,5.733,2025-10-09,6.708,12
5030,649668,Santa Liberdade,5.5427,2004-01-22,8.0,1
5031,487339,"Adyós, General",5.8525,1986-01-01,0.0,0
5032,3604,Flash Gordon,4.9476,1980-12-05,6.265,1116
5033,471564,The Couple's Sponsor,6.3591,2016-09-09,6.0,1
5034,865078,Drug Girl,5.6039,1995-01-01,0.0,0
5035,899077,Chironjib Mujib,4.9746,,0.0,0
5036,1395724,A Fool's Love,5.3042,2024-11-29,6.0,7
5037,119288,Three Stars,5.4373,2010-07-13,6.0,7
5038,978906,Rumah Kuntilanak,4.5809,2022-06-02,0.0,0
5039,491584,Burning,6.852,2018-05-17,7.373,1848
5040,10393,The Replacements,5.9337,2000-08-11,6.715,1095
5041,12219,12 Angry Men,5.5157,1998-05-01,7.699,458
5042,536437,Hypnotic,6.7083,2023-05-11,6.193,1524
5043,1370814,The Plague,5.9007,2025-12-24,6.4,116
5044,576784,Upon the Magic Roads,5.7396,2021-02-18,6.8,313
5045,286456,Blindfold,5.1532,1974-08-11,10.0,1
5046,1078581,Giant,5.1543,2026-01-09,6.783,23
5047,256591,Focus,7.0035,2015-02-25,6.871,8349
5048,1493700,Nuevas Raíces,5.4603,2025-06-08,0.0,0
5049,127372,Emperor,5.6518,2012-09-14,6.154,286
5050,424781,Sorry to Bother You,5.5194,2018-07-06,6.771,1798
5051,656202,Amalgama,5.0105,2020-11-27,0.0,0
5052,187447,Supermen Against the Orient,4.2183,1973-11-29,5.5,8
5053,140378,Trilogy of Lust II,5.4076,1996-10-29,4.9,15
5054,484570,White Clouds,5.5641,1968-04-01,8.0,5
5055,977294,Tin Soldier,5.9422,2025-05-22,4.821,120
5056,1056360,American Fiction,5.1852,2023-11-10,7.252,1389
5057,1365302,"Chavín de Huántar, el rescate del siglo",5.5027,2025-10-30,8.48,25
5058,845783,Baghead,6.6485,2023-12-28,6.5,543
5059,528549,Room Salon College Girls,5.5355,2018-03-29,6.7,3
5060,845783,Baghead,6.6485,2023-12-28,6.5,543
5061,528549,Room Salon College Girls,5.5355,2018-03-29,6.7,3
5062,256040,Bāhubali: The Beginning,5.7824,2015-07-10,7.555,948
5063,241792,Heat of Desire,5.8638,1981-04-29,5.455,11
5064,49527,Man on a Ledge,7.0116,2012-01-13,6.436,2843
5065,55931,The Animatrix,6.0634,2003-05-09,7.224,1808
5066,1302497,Between Shadows,4.9306,2024-06-09,0.0,0
5067,370468,Until The Last Minute,5.5728,1974-03-04,10.0,1
5068,9730,Friday the 13th: The Final Chapter,5.83,1984-04-13,6.132,1536
5069,1262,Stranger Than Fiction,6.402,2006-11-10,7.295,2584
5070,1167271,Weekend in Taipei,5.115,2024-09-19,6.485,305
5071,527435,The Christmas Chronicles,6.2699,2018-11-22,7.156,2412
5072,1887,Marie Antoinette,6.2861,2006-05-24,6.7,2983
5073,463598,La bête,5.3836,2013-01-31,4.3,3
5074,500006,Utøya: July 22,4.9572,2018-03-09,7.118,456
5075,223,Rebecca,6.919,1940-03-23,7.9,2006
5076,1233069,Exterritorial,5.4214,2025-04-29,6.605,664
5077,944537,Hello Imperial Guard,4.9821,2015-02-14,6.2,2
5078,11974,The 'Burbs,6.9382,1989-02-17,6.755,1395
5079,460877,Feng huo shao nian,5.7474,1975-01-01,6.25,4
5080,617502,Jolt,6.0405,2021-07-15,6.495,1413
5081,803,Night and Fog,5.7654,1956-05-22,8.272,573
5082,1054799,Wet Kimono,5.2852,1983-03-12,2.0,2
5083,804370,Arco,7.1622,2025-10-22,7.541,246
5084,8271,Disturbia,7.0958,2007-03-27,6.69,4154
5085,532352,Blossom Valley,5.6055,2018-08-30,4.5,2
5086,454515,The Money,4.1672,1958-03-31,5.778,9
5087,1022350,Eurodonbas,5.6876,2022-10-06,8.0,2
5088,774531,Young Woman and the Sea,6.6918,2024-05-31,7.857,443
5089,1102493,Small Things Like These,5.082,2024-11-01,6.649,568
5090,294272,Pete's Dragon,7.281,2016-08-10,6.388,2347
5091,38410,The Poughkeepsie Tapes,5.4827,2007-04-27,6.544,790
5092,1203245,Garud Puran,5.216,2019-01-18,0.0,0
5093,1685932,To the Moon and Back,5.695,2026-05-01,2.0,2
5094,10860,Steel Magnolias,5.6735,1989-11-15,7.2,741
5095,435320,A Plebe É Rude,5.4636,2017-01-16,0.0,0
5096,13313,Beauty and the Beast: The Enchanted Christmas,6.7358,1997-11-11,6.2,1104
5097,1090648,MOONSHINE - A Karma to Burn,4.937,2021-10-12,0.0,0
5098,11797,Fright Night,6.353,1985-08-02,7.046,1581
5099,880067,Strung,5.2136,2026-06-18,7.689,66
5100,1339588,Finding Emily,5.7007,2026-05-21,6.766,32
5101,929066,The Odessa Foundling,5.5553,2018-04-21,0.0,0
5102,552073,The Operator,5.4525,2019-07-06,0.0,0
5103,80036,Rains,5.0046,2008-05-21,5.7,5
5104,1163258,12th Fail,5.1127,2023-08-11,7.939,255
5105,838636,Her Right,5.6971,1931-12-01,6.0,1
5106,1088615,Anaagarigam,4.705,2011-11-26,8.0,2
5107,10779,The Frighteners,6.3112,1996-07-19,6.966,1786
5108,482617,My Girlfriend's Mom,4.9122,2016-05-18,6.0,2
5109,10521,Bride Wars,8.9535,2009-01-09,6.2,3214
5110,6415,Three Kings,6.9648,1999-09-27,6.639,2341
5111,183969,A Quite Ordinary Life,5.1301,1978-08-29,8.0,1
5112,477968,Família Alcântara,5.5921,2005-07-07,0.0,0
5113,20677,Detective Conan: Captured in Her Eyes,6.7351,2000-04-22,7.4,208
5114,42384,A Tale of Legendary Libido,5.735,2008-04-30,5.724,49
5115,1523,The Last King of Scotland,5.8345,2006-09-27,7.414,2407
5116,788973,The Puppets Exploded,6.0295,2019-12-25,10.0,1
5117,451863,Power of Love,5.7336,1993-09-02,4.6,5
5118,396461,Under the Silver Lake,6.5483,2018-08-08,6.327,1632
5119,39103,Dragon Ball Z: The Return of Cooler,5.8007,1992-03-07,6.473,1112
5120,396461,Under the Silver Lake,6.5483,2018-08-08,6.327,1632
5121,39103,Dragon Ball Z: The Return of Cooler,5.8007,1992-03-07,6.473,1112
5122,787781,Quiz Lady,6.3692,2023-09-09,6.694,330
5123,580012,Lakeside Suite,6.0546,2019-01-27,6.2,2
5124,111934,Concrete,5.5237,2004-02-11,5.044,34
5125,9388,Thank You for Smoking,5.3284,2005-09-09,7.196,2443
5126,562461,So Busy,5.6421,1937-11-16,0.0,0
5127,104973,White Cannibal Queen,5.201,1980-09-15,4.6,32
5128,341958,Hatred,5.7118,1930-09-04,8.0,1
5129,551,The Poseidon Adventure,5.7384,1972-12-01,7.153,1038
5130,822273,Jundai Gundai,5.2531,2007-11-30,0.0,0
5131,462746,Memory Hospital,4.6059,2017-06-20,0.0,0
5132,261295,The Five-Forty,5.7426,1939-09-12,7.0,3
5133,460197,Aigerim,5.4734,2016-03-03,0.0,0
5134,357672,Cseh Tamás film,5.2075,2001-02-22,0.0,0
5135,553,Dogville,6.0795,2003-05-21,7.8,2725
5136,483459,Donten: Laughing Under the Clouds - Gaiden: Chapter 2 - The Tragedy of Fuuma Ninja Tribe,5.9417,2018-06-09,7.0,12
5137,417870,Girls Trip,6.4526,2017-07-21,6.813,1589
5138,371879,Beyond,5.5029,2015-12-03,6.0,2
5139,9591,That Thing You Do!,5.9489,1996-10-04,6.885,934
5140,27215,Rock Haven,6.0672,2007-06-21,4.857,28
5141,325348,Hardcore Henry,5.9699,2015-09-12,6.414,2713
5142,927152,Irreversível,5.4473,2015-12-07,0.0,0
5143,371645,Hunt for the Wilderpeople,6.8517,2016-01-22,7.647,2342
5144,80585,Rock of Ages,6.4721,2012-06-13,6.192,1372
5145,736483,We Are All Bad,5.8721,2019-09-12,0.0,0
5146,82424,Small Fry,6.6064,2011-11-23,6.858,596
5147,341303,Muna Madan,5.8807,2003-06-27,9.7,3
5148,1533735,Nawab Cafe,6.252,2026-03-12,7.0,1
5149,129412,Three Moods,5.1731,1980-01-01,7.0,3
5150,10398,Double Jeopardy,6.2027,1999-09-24,6.638,1520
5151,518926,The Rub,5.1239,2018-02-21,0.0,0
5152,20737,Air Bud,5.8871,1997-08-01,5.584,519
5153,636713,É Uma Vez,5.7261,,0.0,0
5154,64439,A Flame in My Heart,3.2917,1987-06-03,6.071,14
5155,9349,Universal Soldier,6.1343,1992-07-10,6.35,1955
5156,13855,The Chaser,6.2412,2008-02-14,7.776,1577
5157,776455,"Hey Director, You Should Think",5.6746,2019-11-28,0.0,0
5158,666440,Fight Lah! Kopitiam,5.648,2020-01-30,4.0,1
5159,246741,What We Do in the Shadows,6.2431,2014-06-19,7.545,3999
5160,21385,"Mickey, Donald, Goofy: The Three Musketeers",6.7797,2004-08-04,6.737,997
5161,17809,Fist of Legend,5.9747,1994-12-22,7.474,623
5162,642757,The Black Valley,5.2731,1990-05-10,0.0,0
5163,448312,Másik Magyarország,5.4137,2013-11-07,7.0,3
5164,1404604,Compostelle,5.7698,2026-04-01,6.956,34
5165,859,Dangerous Liaisons,4.7962,1988-12-21,7.196,1284
5166,280002,The Remaining,6.0764,2014-08-25,6.095,504
5167,167073,Brooklyn,5.9327,2015-10-20,7.297,3291
5168,418095,The Story of Liubao,5.8817,1957-01-01,5.0,3
5169,11045,Taxi,5.8393,2004-10-06,5.562,1190
5170,795231,The Second Handshake,5.7958,1980-01-01,0.0,0
5171,1077208,Unish20,5.1748,2023-02-13,7.0,2
5172,1433929,N121 Bus de nuit,5.4,2026-02-04,5.406,16
5173,369958,A Place to Call Home,5.798,1987-02-07,5.5,4
5174,1098957,Pure Jay Mon,5.2176,2016-01-29,0.0,0
5175,1151334,Eenie Meanie,5.8771,2025-08-21,6.312,340
5176,16094,House Party,5.8648,1990-01-20,6.408,271
5177,455568,Red Ink,5.4441,1960-01-07,8.2,4
5178,866463,Reptile,6.1439,2023-09-29,6.677,1253
5179,858683,Winter by the River,5.4477,2020-12-01,0.0,0
5180,309058,Lost,5.1785,2010-09-08,0.0,0
5181,331521,Chilakamma Cheppindi,5.2963,1977-08-12,7.0,2
5182,177472,Joan of Arc,5.7998,1935-04-26,6.2,4
5183,1576203,Ahlan Singapore,5.4993,2026-02-05,6.5,2
5184,471996,Barátom Bonca,5.2744,1976-01-01,8.0,4
5185,387732,Mujeres infieles 2,5.5626,2003-03-14,6.182,33
5186,10060,Get Rich or Die Tryin',5.4855,2005-11-09,6.83,1055
5187,381289,A Dog's Purpose,6.4236,2017-01-19,7.645,3560
5188,462095,Rina,5.4929,2017-06-28,10.0,3
5189,9262,My Mom's New Boyfriend,6.9628,2008-04-30,5.4,267
5190,826945,Sisters Virus,5.3654,2021-02-24,5.5,4
5191,25239,Day of the Woman,5.1002,1978-11-02,6.019,728
5192,1382406,Striking Rescue,5.476,2024-12-05,7.509,176
5193,474395,Teen Titans Go! To the Movies,6.1378,2018-07-27,7.166,1185
5194,486589,Red Shoes and the Seven Dwarfs,6.613,2019-07-25,7.675,1145
5195,563117,Stars,5.3299,2018-08-14,0.0,0
5196,252373,The Last,5.1168,1937-01-24,5.75,4
5197,400136,Resident Evil: Vendetta,6.0001,2017-05-27,6.916,1098
5198,1362262,CAMP,4.7449,2026-06-26,8.0,2
5199,1239210,Pito Pistola,4.5452,2022-01-01,0.0,0
5200,252373,The Last,5.1168,1937-01-24,5.75,4
5201,400136,Resident Evil: Vendetta,6.0001,2017-05-27,6.916,1098
5202,1362262,CAMP,4.7449,2026-06-26,8.0,2
5203,1239210,Pito Pistola,4.5452,2022-01-01,0.0,0
5204,13654,101 Dalmatians II: Patch's London Adventure,6.157,2003-03-02,6.02,1256
5205,1265063,After the Hunt,6.4798,2025-10-09,5.663,510
5206,1588860,Happy Ending,5.6112,2025-12-30,7.4,5
5207,601796,Alienoid,6.5576,2022-07-20,6.9,583
5208,484504,Жанр,5.515,2017-10-19,0.0,0
5209,10303,The Jewel of the Nile,5.8338,1985-08-01,6.216,1310
5210,1407861,The Bayou,5.3183,2025-01-31,5.45,229
5211,394117,The Florida Project,6.5603,2017-10-06,7.427,3140
5212,550087,K: Seven Stories Movie 2 - Side: Blue - Like Sirius,5.3934,2018-08-04,6.0,6
5213,10537,The Doors,5.8534,1991-03-01,7.108,1624
5214,692008,Enough! To Freedom...,5.896,2012-06-21,0.0,0
5215,449090,Rustam and Suhrab,5.0335,1972-06-03,5.0,2
5216,197796,Beauty and the Beast,6.5568,2014-02-12,6.288,2217
5217,585245,Clifford the Big Red Dog,7.1767,2021-11-10,7.153,1844
5218,1315161,Joe Rogan: Burn the Boats,5.5825,2024-08-03,4.973,37
5219,123025,"Batman: The Dark Knight Returns, Part 1",5.1312,2012-09-25,7.742,1726
5220,440709,Traídas Pelo Desejo,5.687,1976-02-08,10.0,1
5221,1649111,Eruption,4.9961,2026-05-13,0.0,0
5222,14199,The Adventures of Sharkboy and Lavagirl,6.2716,2005-06-10,5.212,1626
5223,935259,馬蘭花,5.6108,1961-02-01,9.0,1
5224,1656196,Expreso,4.0579,2016-06-01,0.0,0
5225,616820,Halloween Ends,7.4523,2022-10-12,6.019,2057
5226,203,Mean Streets,6.0063,1973-10-14,7.0,2324
5227,311098,On the Wings of Dreams,5.348,2007-01-29,6.0,4
5228,664416,Beastie Boys Story,7.7096,2020-04-24,7.5,191
5229,531789,Four Oddballs of Saigon,5.5648,1973-01-01,10.0,1
5230,822653,Puella Magi Madoka Magica the Movie -Walpurgisnacht: Rising-,6.0424,2026-08-28,0.0,0
5231,68335,Now & Later,5.4571,2009-02-18,4.984,61
5232,257785,Tulip Fever,6.6729,2017-07-13,6.51,744
5233,318608,Death Ray on Coral Island,5.6984,1980-01-01,6.2,5
5234,390845,A Delicious Flight,5.0179,2015-11-01,4.407,70
5235,11589,Kelly's Heroes,6.1759,1970-06-22,7.383,834
5236,1341138,Spa Weekend,6.2062,2026-08-20,0.0,0
5237,119283,Parker,6.5495,2013-01-23,6.093,3314
5238,28808,Detective Conan: The Last Wizard of the Century,5.5753,1999-04-17,7.345,203
5239,9728,Friday the 13th Part III,5.6658,1982-08-13,5.877,1630
5240,570103,Kızlar Sınıfı,4.874,1984-01-01,5.5,2
5241,663637,The Great Vairitosky,6.0632,2014-09-11,6.0,1
5242,9725,Friday the 13th Part 2,5.8297,1981-05-01,6.192,1947
5243,1541125,Make Zhonghe Great Again,6.1299,2026-07-24,7.0,1
5244,388591,Beyond the Horizon,4.5802,2005-01-01,0.0,0
5245,10014,A Nightmare on Elm Street Part 2: Freddy's Revenge,6.1619,1985-11-01,5.781,2146
5246,1024798,The Moon of the Kurent,5.2259,2022-08-26,0.0,0
5247,643586,Willy's Wonderland,6.3229,2021-02-12,5.982,1171
5248,4929,Hang 'em High,6.3336,1968-04-12,6.856,863
5249,1284046,Onslaught,5.4113,2026-09-03,0.0,0
5250,55846,Blitz,6.15,2011-05-20,6.174,1853
5251,1059064,The Instigators,6.2509,2024-08-02,6.139,672
5252,571055,Down,5.6262,2019-02-01,6.82,255
5253,343548,The Story Of The Girl Who Stepped On Bread,5.3224,1986-06-07,7.0,4
5254,263726,Rajarajan,5.5644,1957-04-25,4.0,1
5255,48289,The Debt,6.2323,2010-09-30,6.6,980
5256,9009,Dark Water,6.2059,2005-07-08,5.665,1126
5257,552688,The Mother,6.6433,2023-05-04,6.62,1446
5258,155084,13 Sins,7.0832,2014-04-11,6.316,1221
5259,1364953,Mārama,5.3777,2026-04-17,6.138,29
5260,1364953,Mārama,5.3777,2026-04-17,6.138,29
5261,246403,Tusk,6.2781,2014-09-19,5.542,1669
5262,1103621,How to Make Millions Before Grandma Dies,5.9342,2024-04-04,8.099,426
5263,1662414,Propeller One-Way Night Coach,5.8634,2026-05-15,6.468,47
5264,1108942,Saqr alearab,5.1226,1968-04-01,0.0,0
5265,392144,Calendar Girl,5.4969,2016-04-07,5.667,6
5266,582778,Cherry Blossoms,5.18,1989-05-13,5.0,5
5267,1223774,After Two Springs,5.3365,1985-01-01,0.0,0
5268,594989,Águias em Patrulha,5.6945,1969-01-01,9.0,1
5269,895192,Desired Child,4.5993,2021-11-20,0.0,0
5270,9944,The Pelican Brief,6.2117,1993-09-17,6.591,1795
5271,1526650,Mudborn,5.2702,2025-10-09,7.2,56
5272,1646098,"Sempre, sempre",5.0569,2026-03-27,0.0,0
5273,1225093,The Underpants Thief,4.7679,2021-12-23,10.0,1
5274,12160,Wyatt Earp,5.6878,1994-06-24,6.798,957
5275,421,The Life Aquatic with Steve Zissou,5.3307,2004-12-10,7.07,3215
5276,9877,Urban Legend,5.9772,1998-09-25,5.7,1495
5277,806861,The Monster. One Moment Before the Eternity,5.3437,2020-08-29,8.0,1
5278,391423,The Night Before Enlisting,4.9565,2016-04-05,6.0,2
5279,1671625,Peligro Inminente,4.9839,,0.0,0
5280,491480,The Boy Who Harnessed the Wind,6.8404,2019-02-14,7.886,1895
5281,1315988,Mikaela,5.3849,2025-01-31,6.154,127
5282,244267,I Origins,6.0641,2014-07-18,7.565,3499
5283,359674,Blue Ice,5.2514,1970-01-05,8.0,1
5284,11418,National Lampoon's European Vacation,5.0281,1985-07-25,6.166,1013
5285,667739,The Man from Toronto,5.6504,2022-12-23,6.35,531
5286,306837,Song of Freedom,5.4329,1995-12-01,7.0,1
5287,484718,Coming 2 America,5.5926,2021-03-04,6.327,2418
5288,467547,Mad_e in Bangladesh,5.2573,2006-12-01,7.615,13
5289,462504,htr2b: Transformation,5.072,2012-12-28,7.2,5
5290,425353,Szervusz Péter!,5.21,1939-11-09,8.0,1
5291,1280856,El peso,3.9586,2009-01-01,0.0,0
5292,216,Ali: Fear Eats the Soul,6.0351,1974-03-05,7.735,456
5293,1734388,Dupe,5.2385,,0.0,0
5294,925623,Hero No. 1,5.7352,2019-09-13,0.0,0
5295,270487,"Hail, Caesar!",6.536,2016-02-05,5.943,4041
5296,723234,Dad,5.6067,2019-12-04,6.0,2
5297,507076,Climax,5.878,2018-09-19,7.038,2357
5298,1131759,Omniscient Reader: The Prophecy,6.294,2025-07-23,7.078,102
5299,684037,Ein Jahr unter Ultras - Ein Leben für den Fußball,5.6987,2018-02-11,7.0,1
5300,9969,Deck the Halls,5.3174,2006-11-22,5.599,819
5301,77930,Magic Mike,6.7317,2012-06-28,6.158,3116
5302,174,Star Trek VI: The Undiscovered Country,5.6761,1991-12-06,7.0,1442
5303,460885,Mandy,6.1377,2018-09-13,6.198,2195
5304,351510,The Sisters' Room,5.2736,2015-04-30,7.5,2
5305,19277,In Hell,5.7198,2003-11-24,6.627,627
5306,515598,The Lord Eagle,5.5543,2018-04-23,5.0,2
5307,635910,The Last Voyage of the Demeter,6.6914,2023-08-09,6.735,1993
5308,335117,Delicious Delivery,6.4445,2015-04-02,4.143,7
5309,1103479,The Shore of Hope,4.9292,1967-05-29,0.0,0
5310,1198710,Un zorro,5.249,2023-11-08,0.0,0
5311,384410,Sunshine on the Ice,5.239,1961-08-17,7.0,1
5312,76758,The Flowers of War,5.3486,2011-12-15,7.432,915
5313,1141868,Tante Siska,5.1814,2023-06-02,0.0,0
5314,55341,Jeepers Creepers 3,6.1321,2017-09-26,4.905,1003
5315,413644,The Son of Bigfoot,5.6351,2017-07-26,6.57,537
5316,857098,火焰驹,5.514,1958-01-01,0.0,0
5317,22824,The Fourth Kind,5.4741,2009-11-05,6.372,1930
5318,1149167,High Rollers,5.6621,2025-03-14,6.467,135
5319,2623,An Officer and a Gentleman,6.2469,1982-07-28,7.0,1208
5320,2623,An Officer and a Gentleman,6.2469,1982-07-28,7.0,1208
5321,198277,Begin Again,7.1653,2014-06-27,7.233,4037
5322,1548113,The Muppet Show,6.3401,2026-02-03,7.254,114
5323,1630,The People vs. Larry Flynt,6.3276,1996-12-25,6.959,1274
5324,807172,The Exorcist: Believer,6.8206,2023-10-04,5.822,1309
5325,326013,I Remember You,5.3152,1986-09-08,5.5,6
5326,615836,Ördöglovas,5.1759,1944-03-15,10.0,1
5327,535167,The Wandering Earth,6.0033,2019-02-05,6.63,1176
5328,11596,Wes Craven's New Nightmare,6.1561,1994-10-13,6.452,1626
5329,1077634,Tierra en llamas,4.8302,2021-01-01,2.0,1
5330,744685,Chrishna Ombwiri,5.3011,2019-06-05,0.0,0
5331,437557,Blockers,6.4925,2018-03-14,6.306,2158
5332,333464,Sámi Moment,5.682,2013-10-11,0.0,0
5333,323319,Stronger than Arms,5.2489,2014-07-10,0.0,0
5334,3600,I Still Know What You Did Last Summer,6.0597,1998-11-13,5.37,1764
5335,1491902,Bang,5.6159,2025-07-11,6.629,89
5336,581429,The Reich's Orchestra,5.401,2007-11-01,6.5,4
5337,1262815,The Choral,5.4416,2025-11-07,6.408,49
5338,677115,Female Urologists 2,5.3987,2020-02-20,5.167,12
5339,545237,The Nest,6.9135,2020-05-08,6.081,390
5340,381126,Taego Ãwa,5.2547,2017-05-11,6.2,4
5341,1647,The Recruit,6.2979,2003-01-31,6.397,1953
5342,487616,Curiosa,6.1543,2019-04-03,5.806,248
5343,1087822,Hellboy: The Crooked Man,5.4146,2024-08-29,5.142,576
5344,279204,Master and Servant,5.6263,1962-01-02,4.2,5
5345,2044,The Lake House,7.0305,2006-06-16,7.032,3025
5346,21407,The Collector,6.2028,2009-07-09,6.626,1708
5347,284075,The Girl from Distant River,5.3853,1928-05-15,4.5,2
5348,596161,Let Him Go,6.77,2020-11-05,6.838,837
5349,1005564,High Fever,4.6502,2022-01-22,1.0,2
5350,112039,Sex Drive,5.1901,2003-04-02,5.444,9
5351,357096,I Spit on Your Grave III: Vengeance Is Mine,6.4008,2015-10-01,5.774,1077
5352,604282,Plyaska smerti,5.0798,2015-04-03,8.0,1
5353,121875,In the House,6.3141,2012-09-26,7.243,919
5354,869735,Experimetral,5.2946,2019-10-30,0.0,0
5355,1128557,Let's & Go! WGP The Great Pursuit of the Berserk Mini 4WD car!,3.4235,1997-07-05,5.5,2
5356,1104844,BLUE LOCK THE MOVIE -EPISODE NAGI-,5.7446,2024-04-19,7.518,249
5357,457335,Guns Akimbo,6.3875,2020-02-27,6.435,2605
5358,15070,Undisputed,6.4807,2002-07-17,6.52,841
5359,636706,Spaceman,5.3872,2024-02-23,6.71,1076
5360,1006399,Blue Love,4.9672,1985-12-01,8.0,1
5361,474412,To Her,5.2547,2017-07-12,7.333,9
5362,10714,The Jungle Book,5.4211,1994-12-23,6.001,512
5363,1076446,Kodama,5.3602,2023-03-11,5.7,3
5364,263748,Mohini,5.4458,1948-10-30,0.0,0
5365,1543237,El monstruo,4.6811,2025-09-16,0.0,0
5366,567811,10 Lives,6.7721,2024-04-18,7.656,225
5367,1735106,Namaku Bedah,4.5304,2017-01-01,0.0,0
5368,107748,Sin tetas no hay paraíso,5.3853,2010-07-23,7.363,113
5369,1015003,Qandil Mountains,5.1685,2010-08-01,9.0,1
5370,10025,Just My Luck,6.4636,2006-05-12,6.182,2033
5371,10026,Hot Tamale,5.3622,2006-04-23,4.943,35
5372,9691,Assassins,5.6078,1995-10-06,6.496,1740
5373,1101010,Superhero,5.6185,2016-01-01,0.0,0
5374,1229343,Bikini Bar: Delicious Service,5.5767,2020-11-26,10.0,1
5375,266751,Grandma,5.2165,2010-01-02,0.0,0
5376,867,Sliver,6.3224,1993-05-21,5.586,824
5377,11469,Black Knight,5.8525,2001-11-21,5.5,1250
5378,791523,Wildwood,6.0757,2026-10-22,0.0,0
5379,1090,The Thirteenth Floor,5.8723,1999-04-16,7.074,1570
5380,11469,Black Knight,5.8525,2001-11-21,5.5,1250
5381,791523,Wildwood,6.0757,2026-10-22,0.0,0
5382,1090,The Thirteenth Floor,5.8723,1999-04-16,7.076,1571
5383,11519,1941,5.5121,1979-12-14,5.8,709
5384,1222796,Foreigner,5.5081,1937-01-01,7.0,1
5385,437274,A körtvélyesi csíny,5.1645,1995-04-05,9.0,1
5386,28874,Summer Wars,5.9298,2009-08-01,7.453,1053
5387,1007973,"Philippe-Alain Michaud, le réel traversé par la fiction",4.6613,2016-01-01,0.0,0
5388,1260952,Kronos,4.4608,2023-06-14,0.0,0
5389,734635,Discomfort Between The Fingers,6.4942,2017-03-01,0.0,0
5390,621384,How to find the ideal?,5.3544,2008-09-18,0.0,0
5391,11407,Der Schlüssel zum Erfolg,5.1391,2008-01-01,0.0,0
5392,1522923,Safe House,5.4241,2025-10-30,6.34,78
5393,534171,Purpose of Reunion 2,5.0408,2017-08-31,5.3,16
5394,1934,Shakespeare in Love,5.8666,1998-12-11,6.828,3247
5395,9986,Charlotte's Web,6.3132,2006-12-07,6.233,1475
5396,312000,Prince Danylo Halytskyi,4.9993,1987-07-28,3.3,3
5397,12589,Jimmy Neutron: Boy Genius,5.8553,2001-12-14,6.118,1021
5398,431071,Mad Families,6.6447,2017-01-12,4.688,56
5399,950051,Subject,5.0455,2022-06-23,0.0,0
5400,11015,The Relic,8.6679,1997-01-10,6.152,642
5401,1734514,Shah & Zam,4.5196,,0.0,0
5402,1045938,G20,4.8265,2025-04-10,6.338,701
5403,886164,Nour Shams,4.9451,2021-12-01,0.0,0
5404,1178620,"Montreal, My Beautiful",5.364,2026-02-13,6.8,5
5405,11238,Aladdin and the King of Thieves,6.7649,1996-05-20,6.253,1997
5406,286757,Present Indicative,4.743,1971-08-13,9.0,1
5407,610253,Halloween Kills,7.347,2021-10-14,6.4,2948
5408,1634949,Lorne,5.1764,2026-04-17,6.8,10
5409,1610418,The House on Haunted Grounds,5.8948,2026-01-09,6.288,26
5410,454294,The Kid Who Would Be King,5.7738,2019-01-16,6.204,851
5411,10851,Revolver,5.7796,2005-09-11,6.356,1578
5412,1586,Secret Window,7.2595,2004-03-12,6.566,3983
5413,77617,Detective Conan: Quarter of Silence,5.7012,2011-04-16,7.071,156
5414,550093,K: Seven Stories Movie 6 - Circle Vision - Nameless Song,4.841,2018-12-01,6.0,11
5415,1087973,Mama Weds Papa,5.5387,2023-02-17,0.0,0
5416,16113,The Delta Force,6.3562,1986-02-14,6.0,527
5417,92542,Joyjatra,5.1608,2004-11-15,7.7,3
5418,520946,100% Wolf,6.8448,2020-06-26,6.13,341
5419,19899,Couples Retreat,6.1278,2009-09-19,5.567,2119
5420,1103257,International Departures,5.2314,2021-09-20,4.0,3
5421,322391,Sivagangai Seemai,5.3776,1959-05-19,10.0,1
5422,481891,An Affair: My Friend's Mom,5.2206,2017-08-24,3.714,7
5423,381916,La Traviata,5.2387,2014-08-04,0.0,0
5424,299,Ocean's Eleven,5.9382,1960-08-10,6.4,411
5425,385016,"Pofonok Völgye, Avagy Papp Lacit Nem Lehet Legyőzni",5.5024,1981-01-01,10.0,1
5426,930081,Taking Chances,5.0393,2021-11-23,6.0,1
5427,557757,Insane Mother,5.6972,2018-01-04,0.0,1
5428,718049,The Tales of Chandrabati,5.3666,2020-09-19,0.0,0
5429,1497861,Las Estrellas,4.7628,2012-05-12,0.0,0
5430,9793,The Hills Have Eyes 2,6.0338,2007-03-22,5.576,1646
5431,923877,Brothers,5.0855,2022-04-05,7.0,1
5432,700548,My Student's Mom 4,5.5198,2019-10-11,3.5,2
5433,1374534,Almost Cops,6.219,2025-07-10,5.901,181
5434,434555,The Possession of Hannah Grace,5.9826,2018-11-29,5.635,1505
5435,1507114,Ghost Story,4.8056,,0.0,0
5436,1104972,Saragapuraru Asichi Priya,5.4671,2023-03-26,0.0,0
5437,9529,Candyman,5.8102,1992-10-16,6.664,1841
5438,15969,The Return of Jafar,6.1523,1994-12-15,6.236,3468
5439,10708,Daddy Day Care,6.1828,2003-05-09,5.92,2275
5440,1381202,The Outer Threat,5.4579,2026-07-10,5.7,16
5441,826443,Ceviz Oynamaya Mı Geldin,5.4402,2007-03-22,4.0,2
5442,17917,Oliver!,4.3866,1968-09-26,7.0,497
5443,1103738,Ranger,4.9149,2000-01-01,0.0,0
5444,19901,Daybreakers,6.5762,2010-01-06,6.285,2223
5445,923939,The Wonderful Story of Henry Sugar,5.221,2023-09-20,7.254,1445
5446,12118,Police Academy 3: Back in Training,6.0886,1986-03-20,5.819,1390
5447,523777,Next Gen,5.7329,2018-09-07,6.978,863
5448,24740,The Entity,6.3749,1982-09-30,6.843,585
5449,497828,Triangle of Sadness,6.9203,2022-09-18,7.012,2932
5450,4105,Black Rain,6.5105,1989-09-22,6.583,1259
5451,399366,Marrowbone,6.1922,2017-10-27,7.282,1865
5452,8838,Mercury Rising,6.3514,1998-04-03,6.299,1692
5453,1196656,Sugar Baby,5.9023,2023-11-24,5.2,10
5454,1098830,Suka Bhaira Sholay,5.126,2023-06-10,0.0,0
5455,674646,Becoming,5.2549,2021-12-01,5.0,1
5456,10718,Torque,6.1452,2004-01-16,5.279,648
5457,1241624,Ghost Train,4.7249,2025-07-09,7.354,134
5458,563383,Ezhai Padum Paadu,5.2537,1950-11-09,7.5,2
5459,261539,Aliança,5.3964,2014-01-25,0.0,0
5460,261539,Aliança,5.3964,2014-01-25,0.0,0
5461,247860,Reflection in the Water,5.2046,1977-01-03,0.0,0
5462,422,8½,6.0996,1963-02-14,8.082,2556
5463,823766,The Wonder,6.187,2022-11-02,6.604,984
5464,143557,Napozz Holddal - A Kispálfilm,5.4097,2010-12-14,10.0,1
5465,1639249,The Berlin Fugue,4.659,2009-08-07,0.0,0
5466,2028,Say Anything...,6.0209,1989-04-14,7.0,1139
5467,11891,Kung Pow: Enter the Fist,4.6189,2002-01-25,6.4,771
5468,130787,¡Qué Joyitas!,5.1854,2011-12-01,8.0,1
5469,938090,Yoon-Yool's Men Affairs,5.0018,2021-09-07,10.0,1
5470,438590,A-X-L,5.4806,2018-08-23,6.362,1283
5471,470095,Peripatético,5.2416,2017-08-28,0.0,0
5472,1729773,Killer Clown,3.654,2026-08-01,8.0,1
5473,66312,Mangudi Minor,5.2356,1978-05-19,4.0,1
5474,17467,Riki-Oh: The Story of Ricky,5.5516,1991-10-05,6.871,376
5475,11825,Police Academy 5: Assignment Miami Beach,5.2554,1988-03-17,5.227,1029
5476,91118,Tiga Abdul,5.0002,1964-04-22,6.7,5
5477,581462,Ostrich Politic,5.222,2018-11-15,7.375,8
5478,262620,Song of China,5.6355,1935-09-06,8.0,2
5479,26123,American Pie Presents: The Book of Love,5.6929,2009-12-02,5.256,1857
5480,11281,Halloween II,6.8216,1981-10-30,6.589,2281
5481,1569627,"Terry McMillan Presents: His, Hers & Ours",5.5389,2025-10-01,5.0,2
5482,616747,Haunted Mansion,6.6704,2023-07-26,6.436,1258
5483,15157,Another Cinderella Story,6.0876,2008-09-16,7.3,2137
5484,479,Shaft,5.8997,2000-06-15,6.023,1478
5485,284536,The Gambler,6.3855,2014-12-25,6.039,1589
5486,6519,The Dukes of Hazzard,5.9269,2005-08-05,5.622,1335
5487,1240875,Obscene Mountain Lodge: Suspicious Medicine Seller,5.6718,2023-05-11,6.0,3
5488,367762,Camembert Rose,5.0414,2009-09-10,6.0,4
5489,663558,New Gods: Nezha Reborn,6.3098,2021-02-06,8.072,523
5490,15301,Twilight Zone: The Movie,5.4716,1983-06-24,6.489,828
5491,330483,The Choice,6.5993,2016-02-04,7.206,1983
5492,580007,One and a Half Prince,5.2988,2018-08-29,5.3,6
5493,548766,Such Beautiful People,5.3064,2014-09-24,6.8,5
5494,636609,Димка-велогонщик,5.4051,1969-02-14,0.0,0
5495,6073,The Mexican,6.6343,2001-03-01,5.955,1635
5496,557525,Shadow Puppets,5.1411,2013-01-01,0.0,0
5497,14069,The Girl Who Leapt Through Time,6.313,2006-07-15,7.773,2280
5498,1126336,Anniversary,5.0402,2025-10-29,6.8,157
5499,83389,From Up on Poppy Hill,6.4402,2011-07-16,7.527,1972
5500,22582,Tom and Jerry: The Movie,6.4049,1992-10-01,6.3,631
5501,837,Videodrome,5.6257,1983-02-04,7.244,2517
5502,2288,Closer,6.0361,2004-12-03,6.831,3775
5503,422782,Two in the Morning,5.1673,1987-10-19,0.0,0
5504,596258,Anna,5.1308,2019-07-05,6.1,16
5505,406708,Caçadores de Espécies e o Símbolo Secreto,5.0689,2014-01-01,0.0,0
5506,47002,Love Letter,6.0016,1995-03-25,7.833,269
5507,1734700,Tulus Cinta,4.2772,2018-01-01,0.0,0
5508,11697,The Man Who Shot Liberty Valance,5.6692,1962-04-13,7.819,1310
5509,1647409,Desperada,5.8141,2026-03-23,0.0,0
5510,25704,Post Grad,6.8385,2009-08-21,4.989,322
5511,8965,Atlantis: Milo's Return,5.5863,2003-02-25,6.331,3909
5512,653349,Vacation Friends,5.2733,2021-08-27,7.0,909
5513,8989,Harry and the Hendersons,5.1912,1987-06-05,6.131,754
5514,4379,Monster-in-Law,6.5849,2005-05-13,6.23,1785
5515,926606,The Home,6.0377,2025-07-24,6.825,294
5516,334761,Sword and Dice,5.3165,1959-04-06,7.0,1
5517,419785,Keyamat Theke Keyamat,4.5644,1993-03-20,8.0,6
5518,1050684,Ivan and the Mare,4.9793,1992-01-01,0.0,0
5519,724209,Heart of Stone,6.0958,2023-08-09,6.698,1939
5520,19576,One Piece: The Movie,5.2681,2000-03-04,7.1,396
5521,417546,The Other End,4.8891,2016-10-06,6.536,42
5522,865030,Lily,4.8374,2024-01-31,0.0,0
5523,806704,The Batman: Part II,5.3608,2028-02-17,0.0,0
5524,118451,Eungyo,4.9462,2012-04-25,6.748,103
5525,1208808,Night Shift,5.3502,2024-12-05,6.438,194
5526,820232,Demon Slayer: Kimetsu no Yaiba - Sibling's Bond,5.5316,2019-03-29,7.884,254
5527,1435734,Better Class,4.7819,2026-04-10,5.5,8
5528,321055,The Beijing Chick,4.9072,1991-01-01,9.0,1
5529,23169,Remember Me,6.5811,2010-03-11,7.103,3761
5530,10774,Network,6.0124,1976-11-27,7.798,2063
5531,353070,Going in Style,5.9322,2017-04-06,6.694,3074
5532,1555951,Salikmata,4.8198,2025-10-22,3.3,3
5533,447759,Adult Only Institute,4.9076,2017-03-14,4.667,15
5534,12572,"New York, I Love You",5.6598,2008-09-06,5.957,608
5535,13688,CJ7,6.2754,2008-01-30,7.324,817
5536,483841,Georgian Grapes,5.4017,1999-06-04,4.9,7
5537,373219,Zaragoza's Lesson,5.2039,2014-09-23,3.7,3
5538,9101,Down Periscope,5.9899,1996-03-01,6.396,541
5539,290917,Red Earth,5.2119,1982-09-06,7.0,5
5540,290917,Red Earth,5.2119,1982-09-06,7.0,5
5541,170028,Grève party,5.2355,1998-03-04,5.4,5
5542,400106,Bright,6.5481,2017-12-22,6.163,6023
5543,792587,Youth Like Fire,5.2775,1976-09-01,0.0,0
5544,1094274,Y2K,4.4633,2024-12-06,5.136,297
5545,291145,Before the Last Curtain Falls,5.7801,2014-11-13,6.0,3
5546,82650,Diary of a Wimpy Kid: Dog Days,6.294,2012-08-02,6.372,1079
5547,272371,Saanghuro,5.3386,2013-05-14,0.0,0
5548,1632,Mississippi Burning,6.3964,1988-12-08,7.7,1986
5549,476292,Maquia: When the Promised Flower Blooms,6.9129,2018-02-24,8.137,717
5550,672322,Rurouni Kenshin: The Beginning,6.1772,2021-06-04,7.7,554
5551,1202442,Colônia Contra-Ataca: 2ª Temporada - Saga Vinet,5.4162,2014-09-20,8.0,1
5552,878778,Há um azul no céu,5.4674,2020-11-26,0.0,0
5553,643215,Asterix & Obelix: The Middle Kingdom,6.7215,2023-02-01,4.826,1191
5554,302429,Strange Magic,6.2476,2015-01-23,7.254,580
5555,12159,What Dreams May Come,6.0241,1998-10-02,7.244,2567
5556,1600672,EVANGELION 30th Anniversary Special Screening,5.5683,2026-02-21,8.3,10
5557,664469,Amsterdam,6.1132,2022-09-27,6.064,1854
5558,76489,The Three Stooges,5.4041,2012-04-13,5.8,658
5559,1735145,Jejak Karmila,4.8443,2016-01-01,0.0,0
5560,50009,Eşrefpaşalılar,4.8846,2010-03-05,5.3,8
5561,1732537,Mr Millennium,4.6604,2021-01-01,0.0,0
5562,548908,Chandrokotha,5.0254,2003-08-22,8.4,5
5563,26550,Little Lips,6.3217,1978-02-08,5.032,31
5564,15356,The Girl Next Door,5.4266,2007-07-19,6.648,799
5565,609313,Badlands,5.287,2019-06-15,0.0,0
5566,1165116,Incognito,5.0016,2012-03-02,0.0,0
5567,626872,Emergency Declaration,5.2514,2022-08-03,7.5,438
5568,801688,Kalki 2898-AD,4.895,2024-06-26,6.395,185
5569,478640,Có Căn Nhà Nằm Nghe Nắng Mưa,5.0755,2017-05-05,7.0,1
5570,14560,Paul Blart: Mall Cop,6.114,2009-01-15,5.454,2756
5571,803410,Agent Mambo: True Pac,5.0596,2021-04-15,0.0,0
5572,313072,His Excellency,5.3511,1928-03-20,7.5,2
5573,326313,Kayıp Aşıklar,4.8532,2004-03-11,0.0,0
5574,112949,Safe Haven,5.7444,2013-02-07,7.234,2445
5575,100,"Lock, Stock and Two Smoking Barrels",5.4201,1998-08-28,8.096,7291
5576,7553,Waiting...,5.4809,2005-10-07,6.2,999
5577,1074156,淫乱人间,5.167,1994-01-01,3.0,2
5578,1215562,Entre Espaços,4.1973,2023-03-31,0.0,0
5579,707431,The Final Phase,5.3919,2020-07-04,6.6,43
5580,5919,The Towering Inferno,6.2941,1974-12-14,7.005,1053
5581,714379,Land of Bears,5.4248,2019-04-18,0.0,0
5582,248116,Fronte tēva pagalmā,5.0549,1984-06-22,0.0,0
5583,13836,Race to Witch Mountain,5.7039,2009-03-13,5.795,1840
5584,335777,The Nut Job 2: Nutty by Nature,6.7619,2017-08-11,6.156,477
5585,349498,Flying Colors,4.7326,2015-05-01,7.554,169
5586,1226120,Jadi bikin?,4.3267,2021-12-18,0.0,0
5587,9909,Dangerous Minds,6.1218,1995-08-11,7.0,1300
5588,585518,Riddles In Mathematics,5.5347,2017-02-08,0.0,0
5589,17993,Henry & June,5.8849,1990-09-28,6.044,234
5590,10538,Passenger 57,5.4157,1992-11-06,6.023,1143
5591,12481,The Big Boss,5.7644,1971-10-23,7.062,860
5592,20982,Naruto Shippuden the Movie,5.1682,2007-08-04,7.419,1071
5593,529216,Mirage,6.0802,2018-11-30,7.461,2026
5594,389053,The Do-Over,5.5705,2016-05-27,5.702,1624
5595,649609,Renfield,6.1643,2023-04-07,6.441,2185
5596,400,Things to Do in Denver When You're Dead,5.9965,1995-12-01,6.455,438
5597,14254,The Uninvited,7.4281,2009-01-30,6.459,1653
5598,940780,Somos Dois,4.2945,1950-12-06,8.0,1
5599,99182,Kathai,5.2603,2010-01-29,0.0,0
5600,11286,The Cannonball Run,6.0998,1981-06-19,6.2,709
5601,552676,Stranded,5.7787,2017-12-20,0.0,0
5602,4477,The Devil's Own,5.8562,1997-03-13,6.193,1385
5603,504,Monster,5.8465,2003-12-24,7.206,2584
5604,688200,The Visit,4.5157,2005-07-13,0.0,0
5605,9696,Ichi the Killer,5.4041,2001-12-22,6.995,1122
5606,176241,Prison Break: The Final Break,5.3363,2009-09-10,7.476,736
5607,284358,A Vida é Curta!,4.8595,,0.0,0
5608,26181,Some Girls Do,4.5516,1969-01-23,5.78,25
5609,1588,Bring It On,6.2318,2000-08-25,6.3,1879
5610,1411007,Welded Together,5.4227,2025-06-20,9.0,1
5611,1646,Freedom Writers,6.8806,2007-01-05,7.929,2452
5612,325133,Neighbors 2: Sorority Rising,6.6173,2016-05-04,5.817,4664
5613,436903,Noite Escura de São Nunca,5.1612,2015-07-16,0.0,0
5614,8408,Day of the Dead,6.1659,1985-07-03,7.018,1420
5615,13600,City of Ember,7.0345,2008-10-07,6.369,1925
5616,860,WarGames,4.5785,1983-06-03,7.069,2210
5617,431814,Budapest Bár - Szívemben bomba van,5.5269,2012-12-31,0.0,0
5618,709631,Cobweb,6.7552,2023-07-19,6.423,1107
5619,370365,Archipelago,5.3335,2016-01-08,2.7,3
5620,370365,Archipelago,5.3335,2016-01-08,2.7,3
5621,11411,Superman IV: The Quest for Peace,5.82,1987-07-24,4.605,1430
5622,2334,Taxi 3,5.5027,2003-01-29,5.756,1682
5623,11676,Nothing to Lose,5.6595,1997-07-18,6.573,722
5624,10312,Patch Adams,6.2953,1998-12-25,7.317,3482
5625,789551,Hug Me,5.2021,2018-09-26,0.0,0
5626,32579,Under the Same Moon,5.2,2007-07-27,7.912,357
5627,582913,The Room,6.282,2019-09-12,6.401,1056
5628,13252,Cleaner,6.1373,2007-09-11,6.091,948
5629,1312867,Backrider,4.9176,2024-08-13,4.75,4
5630,293070,The Grain,4.9836,2007-10-25,7.0,3
5631,631517,Damn Graduation,4.9781,2017-03-30,0.0,0
5632,1121070,Supermarket Affairs,6.2969,2023-02-05,0.0,0
5633,736312,Fall Out,5.2096,2020-07-11,0.0,0
5634,692372,Trusha,5.15,2015-10-04,9.0,1
5635,11327,Midnight Express,6.2027,1978-08-31,7.4,1916
5636,696374,Gabriel's Inferno,5.5249,2020-05-29,8.381,2477
5637,641536,Hey U!,5.161,2019-11-24,0.0,0
5638,226395,"If It's Not Now, Then When?",5.0362,2012-09-01,6.2,4
5639,722149,Luther: The Fallen Sun,6.2763,2023-02-24,6.6,1123
5640,288618,Atlántida,4.9277,2014-10-02,5.667,12
5641,2043,Along Came a Spider,5.5343,2001-04-06,6.346,2091
5642,8869,Eight Legged Freaks,5.7407,2002-07-17,5.806,1366
5643,522241,The Courier,7.1636,2020-01-24,7.033,1365
5644,52212,Miranda,5.112,1985-10-15,5.14,118
5645,677638,We Bare Bears: The Movie,5.3332,2020-06-30,7.8,866
5646,26198,The Keep,5.4133,1983-12-16,5.636,320
5647,2309,Inkheart,6.0086,2008-12-11,6.302,2301
5648,376660,The Edge of Seventeen,6.0757,2016-11-18,7.152,4293
5649,1658982,The Roast of Kevin Hart,5.4616,2026-05-10,6.1,28
5650,1735027,Menanti Februari,4.1476,2017-01-01,0.0,0
5651,386716,Young Mother 3,5.1617,2015-09-03,6.028,18
5652,1099975,Mana Museum,5.3003,2023-03-24,0.0,0
5653,324732,Tears of a Mother,5.2215,1937-01-17,7.0,1
5654,1020047,In the Hand of Dante,5.3112,2026-06-12,5.491,54
5655,5966,Along Came Polly,6.4652,2004-01-16,6.034,3060
5656,713354,Khyanikaa: The Lost Idea,5.3429,2018-06-08,0.0,0
5657,14817,Good Burger,5.324,1997-07-25,6.206,586
5658,755909,Inconstância,5.2449,2011-07-19,0.0,0
5659,1150706,Концерт Нурлана Сабурова,5.0392,2018-12-02,0.0,0
5660,9281,Witness,5.633,1985-02-08,7.091,1926
5661,1432474,Nimrods,5.7655,2026-08-06,0.0,0
5662,791128,Youngest Sister Class,5.0456,2020-05-01,4.625,8
5663,1018716,Case in Dash-Kale,5.4451,1963-01-01,0.0,0
5664,40205,16 Wishes,5.6249,2010-10-02,6.32,1373
5665,293935,Jesus '71,4.4586,1993-01-01,7.0,1
5666,388375,Se Não...,5.4897,2015-04-25,10.0,1
5667,321697,Steve Jobs,5.4307,2015-10-09,6.774,4409
5668,787052,Amityville Poltergeist,5.2134,2020-12-01,3.1,8
5669,514968,Granny Project,5.4721,2017-07-11,7.5,2
5670,227719,Project Almanac,6.18,2015-01-28,6.792,2902
5671,25538,Yi Yi,4.9328,2000-09-20,7.947,685
5672,825198,Takes on People Smoking,5.4395,2021-07-01,0.0,0
5673,389446,Çekmeköy Underground,4.7273,2015-03-13,5.0,3
5674,863235,Helicopter,5.5223,2021-08-28,0.0,0
5675,18480,Brüno,5.5908,2009-07-08,5.631,1950
5676,575808,End of Season,5.1404,2019-01-28,8.0,1
5677,247806,Forgotten Things,5.0263,1982-01-03,9.0,1
5678,891897,Ледяная история,5.1015,2021-12-02,0.0,0
5679,377362,Clarisse or Something About Us,5.4793,2015-10-30,4.409,11
5680,1130225,Ilya Sobolev: Third,4.763,2023-05-18,0.0,0
5681,10956,Joe Dirt,6.104,2001-04-10,5.646,826
5682,438674,Dragged Across Concrete,5.7222,2019-02-21,6.594,1150
5683,500561,Wanda,4.8516,2018-01-01,0.0,0
5684,784949,Give me the pump 2,4.5487,2015-10-15,9.0,1
5685,732059,Rock Around the Kremlin,5.3252,1985-08-01,0.0,0
5686,472664,Diálogo,5.1243,2010-01-01,0.0,0
5687,1239194,Sabaleros trabajadores,4.36,2021-01-01,0.0,0
5688,1734167,Drip Drop,4.2833,2026-05-17,0.0,0
5689,413337,Girl in the Box,5.4651,2016-09-10,6.709,163
5690,8879,Pale Rider,5.812,1985-06-28,7.166,1222
5691,565028,Candyman,5.4837,2021-08-25,5.994,1803
5692,452026,El víbora,4.8599,2002-01-01,0.0,0
5693,315129,Dreams of Love,4.864,1935-01-01,10.0,1
5694,307977,Fuera Del Aire: La Película,5.6336,2014-11-28,0.0,0
5695,1522027,Son of Sara: Volume 1,5.3692,2025-11-17,10.0,1
5696,518446,Circus,4.9237,2018-04-19,0.0,0
5697,10552,Cat's Eye,6.0235,1985-04-12,6.74,748
5698,334431,Legend of My Youth,5.3048,1992-01-02,4.667,3
5699,11202,Patton,5.2867,1970-01-25,7.451,1232
5700,795788,Pork and Moon,4.8088,2013-01-01,4.0,1
5701,396194,Ennio,6.2633,2022-02-17,8.313,386
5702,3536,U-571,5.4701,2000-04-20,6.546,1391
5703,39202,Detective Conan: Crossroad in the Ancient Capital,5.2884,2003-04-19,7.117,183
5704,66,Absolute Power,6.4286,1997-02-14,6.7,1265
5705,1254404,Falling Up,4.4082,2022-08-01,0.0,0
5706,481256,Sinister Shadow,5.5063,2018-01-24,0.0,0
5707,468668,Rain Blues,5.4017,1982-12-20,6.0,1
5708,834329,A este lado de la carretera: Danza Invisible y la magia de Torremolinos,5.4933,2021-06-07,2.0,1
5709,16538,"I Love You, Man",5.7551,2009-03-20,6.574,1973
5710,454992,The Spy Who Dumped Me,6.4389,2018-08-02,6.368,2389
5711,1552,Parenthood,4.9285,1989-07-31,6.665,734
5712,10234,Funny Games,5.701,1997-09-11,7.307,2119
5713,484503,The Black Pearl,4.4297,1982-01-01,0.0,0
5714,357469,Rádio Pirata,4.99,1987-01-01,5.3,10
5715,598387,The Tiger's Apprentice,7.245,2024-02-16,7.247,148
5716,795899,Crime Scene,5.4759,2021-07-25,4.0,1
5717,634908,Husma,4.8983,2019-09-20,9.0,1
5718,440897,A Tale of First Love,5.2998,1957-07-28,8.0,2
5719,676581,The Island,5.0936,2023-06-07,6.5,4
5720,440897,A Tale of First Love,5.2998,1957-07-28,8.0,2
5721,676581,The Island,5.0936,2023-06-07,6.5,4
5722,10098,The Kid,6.5062,1921-01-21,8.1,2413
5723,33194,Xiu Xiu: The Sent-Down Girl,5.7664,1998-02-19,7.24,50
5724,534567,The Black Stones,4.7724,1956-12-02,0.0,0
5725,12783,The Duchess,6.4772,2008-09-05,6.981,1829
5726,526051,Look Away,6.1305,2018-10-12,6.544,982
5727,1677,Ray,5.8961,2004-10-29,7.455,2257
5728,266745,Ukrainian Literature: Guide for Assholes,5.5572,2010-09-23,2.0,1
5729,1608601,El lienzo,4.4877,2024-07-01,0.0,0
5730,79137,Russell Howard: Right Here Right Now,5.5509,2011-11-14,6.615,13
5731,656663,Jackass Forever,6.4196,2022-02-01,6.79,941
5732,1642859,Iron Maiden: Burning Ambition,5.348,2026-05-07,8.733,60
5733,12104,Pink Floyd: The Wall,5.7186,1982-07-14,7.941,1679
5734,2640,Heathers,6.0145,1989-03-31,7.267,1906
5735,349048,Daughter of the Lake,5.6239,2015-08-27,7.0,10
5736,9560,A Walk in the Clouds,5.7692,1995-05-27,7.377,1140
5737,882339,钱在路上跑,4.9674,2014-12-12,7.0,1
5738,62764,Mirror Mirror,6.8685,2012-03-15,5.92,3305
5739,292399,The Whirlpool,5.5218,1927-01-02,8.0,1
5740,661411,Dentro da Caixinha — Segredo de Criança,5.2563,2016-06-15,4.0,1
5741,977599,Self-Defense,4.8284,2016-03-31,0.0,0
5742,620071,Arevik,5.3593,1978-11-10,8.0,1
5743,396263,GANTZ:O,5.9708,2016-10-14,7.369,858
5744,11522,Pretty in Pink,5.5652,1986-02-28,6.688,1227
5745,326501,Sábado À Noite,5.4245,2007-01-05,0.0,0
5746,5551,Space Cowboys,5.7652,2000-08-04,6.4,1552
5747,129139,The To Do List,5.5555,2013-07-24,5.766,1104
5748,173,"20,000 Leagues Under the Sea",5.8953,1954-12-23,7.1,997
5749,12150,Sea of Love,5.8317,1989-09-15,6.601,697
5750,23082,The Invention of Lying,6.1674,2009-10-02,6.213,2363
5751,455512,Close,5.0347,2008-01-01,0.0,0
5752,499726,MILF,5.3336,2018-05-02,5.712,598
5753,45933,The Nurse on a Military Tour,5.3224,1977-09-02,5.012,43
5754,1182387,Armor,5.692,2024-10-30,5.5,301
5755,390678,Cobra,4.9671,1977-01-01,5.0,1
5756,1658217,Sawsawan,5.5432,2026-04-10,5.0,1
5757,9513,Garfield: A Tail of Two Kitties,6.1645,2006-06-15,5.608,2362
5758,37533,White Wedding,5.535,1989-11-08,6.628,129
5759,671569,Kathbirali,5.0818,2020-01-17,4.5,4
5760,671569,Kathbirali,5.0818,2020-01-17,4.5,4
5761,465086,The Grudge,6.8573,2019-12-31,5.408,1331
5762,635731,Pig,5.4307,2021-07-16,6.615,1773
5763,23023,Tooth Fairy,4.5479,2010-01-14,5.49,2129
5764,163940,The Peddler,5.7284,2010-04-10,6.6,5
5765,1242404,Steve,4.4464,2025-09-19,6.4,295
5766,6723,The Rookie,6.0128,1990-12-07,5.895,628
5767,422124,O Amor Que Não Ousa Dizer Seu Nome,5.4119,2013-10-10,0.0,0
5768,949559,Estática,4.4747,2022-05-08,5.5,1
5769,393850,Senza vergogna,5.2463,1986-03-19,4.808,13
5770,1108828,Girls Will Be Girls,5.1362,2024-08-21,7.043,47
5771,589194,Everyday Relationship,5.1326,2018-08-30,7.0,1
5772,1075834,Downpour,5.1412,1929-04-18,0.0,0
5773,1403040,UFC 312: Du Plessis vs. Strickland 2,5.3942,2025-02-08,6.667,3
5774,578522,Fatherland,4.8661,2017-05-13,7.2,4
5775,626429,Wohti Le Kay Jani Aay,4.943,2010-11-11,10.0,1
5776,77985,Maria's Lovers,5.5799,1984-07-15,6.023,65
5777,1189198,Genie,4.0718,2023-11-22,6.511,274
5778,318781,Colonia,5.7469,2016-02-12,7.255,2006
5779,398399,Delusion Is Redemption to Those in Distress,5.7097,2016-05-15,6.8,4
5780,1015744,Hope Bahnhof,4.8537,2022-08-24,0.0,0
5781,1107815,El aumento,5.2225,2023-05-04,2.0,1
5782,10345,K-9,4.3392,1989-04-28,6.169,1069
5783,598285,Strip and War,5.3307,2019-04-12,0.0,0
5784,336,"Duck, You Sucker",7.1604,1971-10-29,7.667,1199
5785,762968,Do Revenge,5.5807,2022-09-14,6.386,1021
5786,10135,Road House,5.4658,1989-05-19,6.8,1557
5787,1317938,Norma: Antara Mertua dan Menantu,5.4926,2025-03-31,6.813,8
5788,863951,Sobre Olhares,4.7251,2021-08-20,0.0,0
5789,23488,Dorian Gray,5.9445,2009-09-09,6.048,2256
5790,14248,Igor,5.2172,2008-09-19,6.032,612
5791,631708,Fortín alto,5.1408,1941-06-03,0.0,0
5792,588958,The Patriot,5.0897,2018-11-18,0.0,0
5793,3036,Mary Shelley's Frankenstein,4.7236,1994-11-04,6.445,1393
5794,1710,Copycat,5.5187,1995-10-27,6.475,1319
5795,15854,Kung Fu Panda: Secrets of the Furious Five,6.2446,2008-11-08,6.8,479
5796,1137616,SEMAINU,5.2997,2023-06-04,0.0,0
5797,17134,12 Rounds,6.3168,2009-03-19,5.902,854
5798,717930,Kandahar,6.5435,2023-05-25,6.773,1282
5799,439309,Corpo Delito,5.0097,2017-01-28,5.9,4
5800,118379,Viva Erotica,5.1843,1996-11-28,6.8,39
5801,499488,Smilinguido em Histórias de Formiga 2,5.0493,2008-06-21,7.3,3
5802,696967,Pyrale,4.5988,2020-04-25,6.2,2
5803,11128,Ladder 49,5.4478,2004-10-01,6.471,891
5804,1243609,BanG Dream! 3rd☆LIVE Sparklin'PARTY 2017!,5.0222,2017-02-05,0.0,0
5805,1440769,The Beekeeper 2,5.2782,2027-01-14,0.0,0
5806,1731821,Rotten Society,4.4643,,0.0,0
5807,493607,Lukamari,5.2296,2016-06-24,10.0,1
5808,185567,Zulu,5.2892,2013-12-04,6.678,524
5809,10664,[REC]²,5.7505,2009-09-15,6.635,2228
5810,12610,Osmosis Jones,5.1532,2001-08-10,6.498,1098
5811,16523,Where the Wild Things Are,6.1059,2009-10-16,6.5,2045
5812,13151,Scooby-Doo on Zombie Island,5.6954,1998-09-22,7.7,864
5813,10730,King Kong,6.6268,1976-09-08,6.3,933
5814,3989,Team America: World Police,5.7514,2004-10-10,6.722,2079
5815,9282,11:14,4.7913,2004-08-20,6.804,971
5816,287627,Orpheus and Eurydice,5.1731,1986-01-06,8.0,1
5817,1305715,Unexpected Family,5.7156,2026-01-01,7.859,39
5818,791853,The Adventures of Tin Liao,5.3556,2013-04-17,0.0,0
5819,1124491,Entre Muros,4.2973,2023-04-28,10.0,3
5820,189172,Under the Mountains,5.1547,1920-07-06,6.5,2
5821,1531141,Something Sweet,5.4192,2025-07-19,0.0,0
5822,547970,Murk Light,4.9914,2012-10-16,0.0,0
5823,343213,Mamá,5.0656,2010-04-18,0.0,0
5824,339988,The Circle,6.9639,2017-04-27,5.52,4612
5825,4291,Kikujiro,5.612,1999-06-05,7.513,608
5826,9623,The Juror,5.5991,1996-02-02,5.717,450
5827,1409570,Desan: The Epidemic,4.6414,2022-12-09,0.0,0
5828,230289,Ağır Abi,5.0066,2011-07-14,2.0,2
5829,10157,Police Academy 2: Their First Assignment,6.0285,1985-03-28,6.099,1752
5830,502416,Ma,5.6387,2019-05-29,5.816,2465
5831,704459,The Germans and Their Men,5.6355,1990-11-06,9.0,1
5832,846821,Dad's Sneakers,5.3778,2022-01-23,0.0,0
5833,357653,The Lost European,4.9156,2015-01-17,0.0,0
5834,1182634,El caníbal,5.0149,2020-08-07,0.0,0
5835,1729552,Badman Kembali,4.0351,2022-01-01,0.0,0
5836,641574,Sense sostre,5.0799,2019-11-15,6.0,1
5837,400981,Onça Pintada - Mais Perto Do Que Se Pode Imaginar,5.0144,2014-06-06,0.0,0
5838,8987,The River Wild,4.5838,1994-09-30,6.459,974
5839,1003426,Ximen Family,4.9952,1989-12-01,0.0,0
5840,400981,Onça Pintada - Mais Perto Do Que Se Pode Imaginar,5.0144,2014-06-06,0.0,0
5841,8987,The River Wild,4.5838,1994-09-30,6.459,974
5842,1003426,Ximen Family,4.9952,1989-12-01,0.0,0
5843,166725,The Dwarf,5.0909,1912-09-12,4.643,7
5844,10781,The Texas Chainsaw Massacre: The Beginning,6.1977,2006-10-05,6.164,1996
5845,55962,Cheila,5.4158,2010-07-16,6.3,3
5846,864756,The Sun Rises Down Below,5.4658,2021-09-01,9.3,3
5847,8831,Timecop,4.9557,1994-09-15,6.027,1351
5848,1121338,The Mexican Hoax,5.0536,1972-01-01,10.0,1
5849,67457,Vendémiaire,4.8214,1919-01-17,6.0,7
5850,477272,İlk Öpücük,4.8199,2017-10-20,7.9,8
5851,334005,Stellar Chronicles,5.3608,2014-10-31,7.5,2
5852,480681,An Affair,5.4491,2018-10-05,5.363,62
5853,7095,Jack,5.3631,1996-08-09,6.291,1375
5854,925365,The Secret of Success,5.4562,1964-01-01,0.0,0
5855,595766,Risque Hospital,5.119,2019-04-16,0.0,0
5856,1340249,Que Luz,4.4135,,0.0,0
5857,781732,Animal,5.5091,2023-12-01,6.157,201
5858,9103,The Quest,5.6868,1996-04-19,6.194,806
5859,781966,Outraged,4.9714,2020-12-23,0.0,0
5860,227306,Unbroken,6.0834,2014-12-25,7.423,4407
5861,977597,Euromaidan SOS,5.0048,2016-03-31,0.0,0
5862,1098983,Inchi Inchi Prem,5.314,2013-11-15,0.0,0
5863,1087304,Almost Like Everyone,5.0976,2023-03-16,0.0,0
5864,9768,Cry-Baby,5.0952,1990-04-06,6.534,1581
5865,399360,Alpha,5.6936,2018-08-17,6.6,2795
5866,9407,Red Corner,5.7148,1997-10-30,6.324,411
5867,387820,Strange Hair Salon,4.7971,2015-10-22,6.7,12
5868,16366,Joseph: King of Dreams,6.0904,2000-11-07,6.9,1082
5869,10423,Dragon: The Bruce Lee Story,5.6884,1993-05-07,6.912,809
5870,9918,Glory Road,6.2105,2006-01-13,7.41,812
5871,581734,Nomadland,5.5308,2021-01-29,7.161,3421
5872,622668,Officetel - Skillful Ones,4.5795,2019-06-07,4.0,1
5873,279431,A Kiss on the Mouth,4.9335,1987-01-02,3.0,3
5874,619566,The Mischievous Boy,4.4496,1978-07-21,6.8,8
5875,922934,Ekjon Telapoka,4.7422,2022-01-06,0.0,0
5876,379170,Sherlock: The Abominable Bride,5.5478,2016-01-01,7.833,2363
5877,1230215,Hors limites,4.9516,2024-12-13,6.7,10
5878,425001,The War with Grandpa,6.2286,2020-08-27,6.438,1073
5879,445761,On Dark Paths,5.1715,2014-01-01,7.0,4
5880,441090,Partisans,5.1434,2016-10-04,4.0,1
5881,986299,Faded,4.7217,2021-01-25,0.0,0
5882,382159,Elixir,4.8443,2016-03-17,1.0,1
5883,412099,Ødeland,4.7365,2015-03-27,8.4,5
5884,48261,Green Hat,4.9334,2004-01-01,5.75,12
5885,203878,Señoritas,5.304,2013-02-25,5.3,6
5886,102362,Dead Man Down,6.0508,2013-03-08,6.161,1577
5887,1015606,Obi-Wan Kenobi: A Jedi's Return,5.2345,2022-09-07,6.795,1020
5888,8461,Funny Games,6.0839,2008-03-14,6.548,2304
5889,1181862,Farewell Tour,4.0892,2023-05-24,0.0,0
5890,9558,King of New York,5.6895,1990-07-18,6.757,801
5891,679057,Bosomy Tae-hee,5.1331,2020-02-27,4.714,7
5892,451179,Sinfonia de um Homem Só,5.5185,2012-10-20,3.0,1
5893,453135,"A Film, Reclaimed",5.239,2015-05-15,0.0,0
5894,1592586,The Ogre's Bride,4.5351,2026-03-27,9.0,0
5895,1560753,La Pena,4.3327,2025-10-11,0.0,0
5896,534878,Cornholios,5.0285,2018-05-24,0.0,0
5897,272108,Alien from the Darkness,5.4109,1997-01-24,6.214,14
5898,858807,Mafia 2,4.4364,2021-06-03,0.0,0
5899,411542,Butterflies,4.6773,2014-10-18,6.0,1
5900,71469,The Darkest Hour,6.1095,2011-12-22,5.308,1607
5901,40264,Vampires Suck,5.7934,2010-08-18,4.405,1413
5902,36728,Naruto Shippuden the Movie: The Will of Fire,5.0099,2009-08-01,7.4,516
5903,427719,X-Rated 2: The Greatest Adult Stars of All-Time,5.3689,2016-10-28,6.7,105
5904,381130,Banco Imobiliário,5.0187,2016-01-28,0.0,0
5905,1413097,Melania,5.3385,2026-01-30,3.659,167
5906,1147220,Кошки-мышки,5.4155,2015-03-10,0.0,0
5907,396290,Memórias do Meu Tio,5.3138,2011-05-06,0.0,0
5908,262543,Automata,6.7061,2014-10-09,5.897,1828
5909,262391,Serial (Bad) Weddings,5.8466,2014-04-16,6.66,3536
5910,390478,L'Apparition,4.9926,1986-03-30,8.5,2
5911,1116465,A Legend,4.8811,2024-07-05,6.795,161
5912,1731945,Ampas,4.6123,2022-01-01,0.0,0
5913,325358,Superfast!,5.4351,2015-03-05,5.103,514
5914,463580,Flying Gold,5.2037,1932-12-04,7.0,1
5915,235037,On the field of blood. Aceldama,4.659,2001-04-18,0.0,0
5916,1499,Teenage Mutant Ninja Turtles III,5.3182,1993-03-17,5.516,926
5917,665276,Onek Sadher Moyna,5.1529,2014-11-07,7.0,1
5918,1447917,Rapsa,4.5985,2025-05-02,5.0,3
5919,168530,Ride Along,6.2474,2014-01-07,6.253,2449
5920,168530,Ride Along,6.2474,2014-01-07,6.253,2449
5921,912916,The Other Zoey,5.324,2023-10-19,6.964,501
5922,107501,Tarzan in the City,5.3344,1974-09-04,8.0,1
5923,497368,Kagazpatra,5.1331,2019-03-22,0.0,0
5924,249164,If I Stay,6.1065,2014-08-21,7.345,4334
5925,59981,Legends of Oz: Dorothy's Return,4.9331,2014-05-08,6.268,379
5926,1386500,Tokyo Inn,4.3458,2024-06-29,0.0,0
5927,1659193,Instante,4.8947,2026-04-23,0.0,0
5928,785663,Old Henry,6.3463,2021-10-01,7.261,731
5929,869022,Sad Portraits,4.8561,2021-08-06,10.0,1
5930,77076,Dr. Goldfoot and the Girl Bombs,6.4277,1966-07-29,5.031,64
5931,268227,Erotica: Moonlight,5.0463,2008-12-19,5.854,24
5932,124310,Suddenly in the Dark,6.142,1981-07-17,6.565,23
5933,555138,First Feature,5.4003,2018-07-20,10.0,4
5934,898495,阿拉尔·我和你,5.059,2014-09-26,5.0,1
5935,263827,Identification,4.626,1975-02-28,8.0,1
5936,71668,Piranha 3DD,6.6518,2012-05-11,4.332,1165
5937,11187,Child's Play 3,6.247,1991-08-30,5.901,1773
5938,397685,Wikén,4.8267,2016-04-15,0.0,0
5939,590006,Crimea. As It Was,5.2531,2016-03-14,8.0,4
5940,263308,Whoops,5.2208,1993-02-12,7.0,2
5941,1146750,África,4.4654,2023-07-27,0.0,0
5942,471831,One on One,5.1252,2017-08-01,5.3,13
5943,1049,Sommersby,5.1514,1993-02-05,6.367,431
5944,3525,Working Girl,5.9436,1988-12-20,6.603,1075
5945,1732517,Dukun Diva,4.5106,2021-01-01,0.0,0
5946,11003,The Wedding Singer,5.3362,1998-02-13,6.776,1953
5947,1043109,Tunnel,4.3989,2021-12-01,0.0,0
5948,284133,Irukku Aana Illai,5.7513,2014-07-18,4.0,2
5949,920708,Vāranāsi,5.4302,2027-04-07,0.0,0
5950,453133,My Brother's Wife 3: The Woman Downstairs,5.0584,2017-01-14,4.6,5
5951,10336,Spawn,5.1195,1997-07-31,5.468,1511
5952,11171,Mysterious Skin,5.3101,2005-03-30,7.712,1318
5953,360216,Minden egér szereti a sajtot,4.811,1981-01-01,9.0,1
5954,7735,The Wave,5.9202,2008-03-13,7.489,3651
5955,1527163,Moda Tharindu,5.0096,2025-10-10,8.0,1
5956,1196573,She Rides Shotgun,4.9644,2025-07-31,6.997,311
5957,8193,Napoleon Dynamite,5.7109,2004-06-11,6.79,2206
5958,5924,Papillon,6.3255,1973-12-16,7.828,2148
5959,1117898,The Cat in the Hat,5.6043,2026-11-05,0.0,0
5960,17335,Obsessed,5.4063,2009-02-26,5.756,708
5961,9293,John Tucker Must Die,5.4601,2006-07-27,6.095,1498
5962,1025822,Dokh,4.8437,2022-07-08,0.0,0
5963,250225,The Duke of Burgundy,4.8909,2015-02-20,6.319,381
5964,521,Dial M for Murder,5.7691,1954-05-29,8.002,2897
5965,10083,No Way Out,5.7776,1987-08-14,6.861,822
5966,755812,"Miraculous World: New York, United HeroeZ",6.6356,2020-09-25,8.081,1130
5967,1731568,Irama Kita,3.9855,2023-01-01,0.0,0
5968,502682,Book Club,6.3505,2018-05-18,6.23,837
5969,375834,"It's Called 'Murder', Baby",5.6601,1983-06-15,7.0,5
5970,156126,"Onesime, Clockmaker",5.2636,1912-11-01,6.0,12
5971,576712,Everybody’s Everything,5.9661,2019-11-12,8.446,308
5972,14239,Cool World,6.0182,1992-07-10,5.671,815
5973,16620,La Bamba,5.4174,1987-07-24,7.276,818
5974,11471,A Better Tomorrow,5.5572,1986-08-02,7.3,626
5975,14367,Adventures in Babysitting,5.0365,1987-07-01,6.866,770
5976,8844,Jumanji,5.2543,1995-12-15,7.249,11431
5977,384277,The Spell,4.9963,1970-02-23,10.0,1
5978,25998,Men Behind the Sun,5.2984,1988-12-01,6.218,266
5979,1061990,City Hunter,4.6485,2024-04-24,6.488,260
5980,25998,Men Behind the Sun,5.2984,1988-12-01,6.218,266
5981,1061990,City Hunter,4.6485,2024-04-24,6.488,260
5982,397560,Mal día,4.8599,2015-05-20,0.0,0
5983,241251,The Boy Next Door,5.4215,2015-01-23,4.9,2129
5984,271718,Trainwreck,6.6324,2015-07-17,5.783,2741
5985,671757,Day Six,5.1027,2016-04-30,3.833,6
5986,848700,Minotaur,5.3912,2026-10-14,0.0,0
5987,1158616,Guess Who's Calling!,4.6523,2025-06-04,6.3,74
5988,720732,Timeless Romance,4.9028,2019-10-08,4.0,1
5989,11393,The Natural,5.454,1984-05-11,6.9,680
5990,239832,Paixão de um Homem,5.2247,1972-12-25,7.0,1
5991,52629,El Infierno,6.7827,2010-09-03,7.934,799
5992,758679,Mothers' Instinct,5.4605,2024-01-11,6.849,687
5993,16995,State of Play,6.1285,2009-04-17,6.811,2176
5994,1728954,My Grandfather Charles Manson,4.6899,2026-07-22,7.4,4
5995,41515,Yogi Bear,7.0277,2010-12-17,5.568,954
5996,1045249,No Darkness Last Forever,5.0332,2023-12-21,0.0,0
5997,105929,Bohachi Bushido: The Villain,4.1235,1974-02-02,6.5,4
5998,1306525,The Elixir,5.3634,2025-10-22,5.955,211
5999,681732,Years of Macau,5.1734,2019-12-07,0.0,0
6000,1733128,What Was,4.8098,2024-05-12,0.0,0
6001,600950,Hijra in Between,5.0743,2021-03-31,7.2,26
6002,1075536,Suki,4.6544,2023-02-24,4.583,12
6003,664799,Bosomy Younger Sister-in-law,5.1473,2019-12-25,6.0,2
6004,409393,Killer Assistant,4.5877,2016-04-01,5.7,13
6005,369557,Sing Street,5.546,2016-03-11,7.858,2478
6006,869548,The Envelope of Grief,4.9131,2018-07-13,8.0,1
6007,8617,Prom Night,6.03,2008-04-10,5.07,800
6008,1305194,Mi prima la sexóloga 2 (de la fantasía a la realidad),4.923,2024-05-15,7.202,124
6009,129123,Erotic Nightmare,5.6582,1999-05-20,5.147,17
6010,245869,Tragic Jungle,4.8092,1963-02-07,6.75,2
6011,132344,Before Midnight,5.878,2013-04-05,7.49,2746
6012,1596278,Time and Water,5.0625,2026-05-29,6.9,4
6013,448241,In Search of the Land Without Evil,5.3789,2017-02-12,0.0,0
6014,500682,The Highwaymen,4.958,2019-03-15,6.768,2262
6015,471301,New Life S.A.,4.8018,2020-12-03,0.0,0
6016,4413,The Brave One,6.1092,2007-09-12,6.588,1103
6017,418687,Estopô Balaio,4.7393,2017-03-16,2.0,1
6018,397500,Sueño vagabundo,5.0089,2015-01-31,0.0,0
6019,7984,In the Name of the Father,5.6735,1993-12-27,7.889,2010
6020,855381,落水记,5.2225,1956-01-01,8.0,1
6021,9620,Paycheck,5.6846,2003-12-25,6.223,2068
6022,828613,About Fate,6.9597,2022-09-08,7.487,533
6023,482526,Après six heures,5.0617,2018-01-01,0.0,0
6024,839,Duel,5.9482,1971-12-25,7.421,2110
6025,333354,Extortion,5.4496,2017-01-02,6.153,324
6026,873024,National Holiday,5.1263,2021-09-19,0.0,0
6027,1400357,The Christophers,5.1684,2026-03-30,6.734,64
6028,544436,Apna Khana Khud Garam Karlo,4.965,2018-06-18,9.0,3
6029,831010,Lakhmi,5.4454,1962-03-22,0.0,0
6030,1100848,Zetsu-Rin! Invisible Hentai Man: Second Virgin and Magic Potion,7.1844,2016-09-02,0.0,0
6031,953669,Another One for Daddy,5.5825,2021-11-30,0.0,0
6032,71689,Phineas and Ferb The Movie: Across the 2nd Dimension,6.2624,2011-08-05,7.1,611
6033,988716,Naadi Dosh,4.885,2022-06-17,6.5,4
6034,482373,Don't Breathe 2,6.1857,2021-08-12,6.979,2871
6035,1195631,William Tell,5.0985,2025-01-17,6.183,257
6036,810132,Nommara 17,5.6457,1989-07-21,0.0,0
6037,596298,Monster God,4.7844,2019-05-24,4.5,3
6038,999644,You Are So Not Invited to My Bat Mitzvah,4.8901,2023-08-18,6.48,527
6039,423617,The Blue Years,4.964,2017-03-12,5.7,10
6040,423617,The Blue Years,4.964,2017-03-12,5.7,10
6041,206751,A Revolução de Maio,4.8663,1937-06-06,7.0,2
6042,98567,Chinese Zodiac,5.6542,2012-12-20,6.173,909
6043,1551,Flatliners,5.2744,1990-08-10,6.517,1767
6044,49730,Red Riding Hood,6.793,2011-03-10,5.974,3335
6045,5902,A Bridge Too Far,6.3254,1977-06-15,7.2,952
6046,1394783,National Passion,3.8852,2015-05-24,0.0,0
6047,1048241,My Spy The Eternal City,5.1294,2024-07-18,6.529,488
6048,6522,Life,5.3736,1999-04-16,6.654,889
6049,506211,When I Am 20,4.8431,2006-08-31,0.0,0
6050,1532555,Prato Principal,4.0685,2025-09-26,0.0,0
6051,556984,The Trial of the Chicago 7,5.8489,2020-09-25,7.657,3402
6052,84308,"Madrid, 1987",5.3151,2012-04-13,6.541,73
6053,539537,Fantasy Island,6.497,2020-02-12,5.753,2658
6054,262882,The New Moscow,4.8327,1938-04-01,5.783,23
6055,10587,Police Academy 4: Citizens on Patrol,6.0904,1987-04-02,5.518,1300
6056,9454,EverAfter,6.0201,1998-07-31,7.5,1599
6057,64348,Robotrix,5.0738,1991-05-31,6.01,48
6058,49986,Les enragés,5.2215,1985-01-09,7.0,2
6059,50456,Hanna,5.3372,2011-04-07,6.584,3723
6060,22683,Gifted Hands: The Ben Carson Story,5.1666,2009-02-07,7.811,791
6061,49021,Killer Elite,6.6741,2011-09-22,6.27,2361
6062,26691,Neuilly Yo Mama!,5.0967,2009-08-12,6.013,949
6063,1296900,Учитель в законе,4.8808,2007-01-01,0.0,0
6064,1650883,Gatao 3,4.9059,,0.0,0
6065,1511789,Captain Hook: The Cursed Tides,4.7772,2025-07-11,4.923,52
6066,893571,Raat Jaga Phool,4.9761,2021-12-31,9.0,1
6067,430040,The Hurricane Heist,5.7289,2018-02-28,5.682,1084
6068,2171,Wet Hot American Summer,5.0989,2001-07-27,6.237,900
6069,1153608,Dias Atrás,4.2104,2023-07-24,0.0,0
6070,137402,Hand in Hand,5.204,2011-11-18,0.0,0
6071,964935,échappé,4.5561,2020-05-08,0.0,0
6072,239425,Nekrüt,5.0221,2008-10-31,0.0,0
6073,374908,Ta mère !,4.9158,2015-12-30,2.5,1
6074,730028,The Most Beautiful Boy in the World,6.3481,2021-07-30,7.39,59
6075,8007,Behind Enemy Lines,6.3184,2001-11-30,6.438,1679
6076,10403,The Player,5.4757,1992-05-08,7.195,964
6077,2362,Westworld,5.5422,1973-08-15,6.8,1481
6078,351460,Death Note,5.8338,2017-08-25,4.272,4149
6079,505283,My Cousin Sister,4.7562,2019-06-03,3.0,2
6080,10403,The Player,5.4757,1992-05-08,7.195,964
6081,2362,Westworld,5.5422,1973-08-15,6.8,1481
6082,351460,Death Note,5.8338,2017-08-25,4.272,4149
6083,505283,My Cousin Sister,4.7562,2019-06-03,3.0,2
6084,1492,1492: Conquest of Paradise,5.5789,1992-08-09,6.286,932
6085,859882,NUREOCHITA DOJO,5.2219,2019-01-31,0.0,0
6086,365172,Fever at Dawn,4.6332,2015-11-06,6.5,4
6087,445581,A Dream,5.0711,2017-09-15,0.0,0
6088,262,The King of Comedy,6.4773,1982-12-18,7.778,2611
6089,438794,Escándalo,4.9027,1940-05-07,7.5,2
6090,4241,Visitor Q,5.2069,2001-03-17,6.3,550
6091,11453,Deuce Bigalow: European Gigolo,6.2481,2005-08-12,5.308,1037
6092,226857,Endless Love,6.3424,2014-02-12,6.933,1778
6093,759175,The Princess,6.0875,2022-06-16,6.788,862
6094,1029235,Azrael,5.157,2024-09-27,5.844,462
6095,919586,O Assalto,4.6565,2023-09-05,0.0,0
6096,252838,The Wedding Ringer,6.4985,2015-01-16,6.459,1711
6097,452832,Serenity,6.3116,2019-01-24,5.463,1641
6098,328111,The Secret Life of Pets,5.7831,2016-06-18,6.324,8586
6099,616651,Stillwater,5.4266,2021-07-29,6.632,1435
6100,1094138,Jackpot!,6.3057,2024-08-13,6.369,819
6101,10024,My Sister's Keeper,5.415,2009-06-26,7.369,2272
6102,211816,Secret World,4.28,1969-07-09,6.25,4
6103,532865,The Dig,5.684,2021-01-14,6.84,1370
6104,454619,Overboard,5.8809,2018-04-13,6.663,1513
6105,470044,The Hate U Give,5.656,2018-10-19,8.075,2231
6106,486968,"Adiós, tiburón",4.5517,1996-11-13,0.0,0
6107,727497,The Wound and the Knife (Notes for a Film About García Wehbi),5.3572,2019-04-07,3.0,3
6108,433134,The Mutability of All Things and the Possibility of Changing Some,5.3228,2011-12-01,5.0,1
6109,1639837,Távol,4.8685,2026-03-01,0.0,0
6110,505262,My Hero Academia: Two Heroes,5.5213,2018-08-03,7.89,1136
6111,1077280,Die Hart,5.5383,2023-02-22,5.91,523
6112,912,The Thomas Crown Affair,5.024,1968-06-26,6.8,586
6113,1076912,Chubai. Speaking Again,4.6695,2023-01-19,0.0,0
6114,457916,Your Young Years Will Dry Your Tears,5.6047,2017-05-11,0.0,0
6115,839688,Terang Boelan,5.5647,1937-12-08,10.0,1
6116,535581,The Dead Don't Die,5.5573,2019-05-15,5.435,2892
6117,1286818,Miles & Ellen,5.177,2024-05-10,0.0,0
6118,1652947,Tuklas,4.9715,2026-03-20,7.0,2
6119,439015,Slender Man,6.5243,2018-05-17,4.307,2178
6120,6877,Failure to Launch,6.4096,2006-03-10,5.847,1839
6121,290886,The Bitter Truth,4.6168,1956-09-05,8.0,1
6122,610338,14+: Continued,4.6442,2023-05-11,6.6,10
6123,286765,Bald Head for Bald Head,4.6926,1972-08-13,7.0,5
6124,430384,My Wife's Sister,4.9131,2016-12-20,5.3,19
6125,144050,Jeca e Seu Filho Preto,4.9376,1978-04-17,6.7,10
6126,398181,You Were Never Really Here,6.3604,2017-11-08,6.544,3085
6127,364353,Patah Hati,4.5104,1952-08-02,0.0,0
6128,871919,Hug,4.6577,2013-07-18,0.0,0
6129,866187,Violeta: uma assassina de aluguel em crise,5.0515,2021-08-27,0.0,0
6130,291458,Que Esse Grito Não Seja em Vão!,5.0953,2012-09-29,0.0,0
6131,14175,Valiant,6.0123,2005-03-25,5.655,1003
6132,556901,Teen Titans Go! vs. Teen Titans,5.2671,2019-07-21,7.524,524
6133,1565790,Double Occupancy,4.4486,2026-06-12,6.0,1
6134,875459,Magda,4.8565,2022-11-03,0.0,0
6135,718081,"This One's for You, Alice",4.8815,2018-09-23,0.0,0
6136,816789,Ni guang,4.9377,1982-01-01,8.0,1
6137,39107,Dragon Ball Z: Fusion Reborn,5.4474,1995-03-04,7.562,940
6138,15137,Evangelion: 1.0 You Are (Not) Alone,5.5699,2007-09-01,7.606,1112
6139,891699,Silent Night,5.7683,2023-11-30,6.145,971
6140,1691,Hostel: Part II,6.9473,2007-06-07,5.858,2248
6141,1252051,Disforia,4.8571,2025-09-20,4.75,12
6142,110416,Song of the Sea,5.916,2014-06-23,7.984,1604
6143,625450,Tall Girl,6.2545,2019-09-13,6.28,1965
6144,927107,The Bricklayer,4.9654,2023-12-14,5.781,405
6145,405960,Óbito,4.56,2010-02-25,0.0,0
6146,426934,Poseí2,4.8741,2011-08-11,0.0,0
6147,1072699,Inside Furioza,5.4772,2025-10-14,6.571,99
6148,665074,Foreign Volunteers: In the Hell of Raqqa,5.1843,2019-10-10,8.0,2
6149,937249,57 Seconds,5.4493,2023-09-29,6.141,685
6150,328328,New Gilgames,4.7531,1963-03-02,8.0,1
6151,651188,The Impure Ones,5.0565,2019-11-24,0.0,0
6152,857197,"Yue Fei, A National Hero",5.0676,1940-01-01,0.0,0
6153,724109,Hole-in-law,4.8506,2020-07-06,5.786,14
6154,11449,The Amityville Horror,4.83,1979-07-27,6.287,1061
6155,1630993,Fashion Designa,4.2747,2025-09-03,10.0,1
6156,360673,The Resolution,5.3918,1972-09-19,10.0,1
6157,284296,Top Five,5.4613,2014-12-12,6.1,499
6158,1155234,Endless Journey of Love,4.708,2025-05-30,9.157,51
6159,10364,Catch-22,6.2777,1970-06-24,6.7,362
6160,284296,Top Five,5.4613,2014-12-12,6.1,499
6161,1155234,Endless Journey of Love,4.708,2025-05-30,9.157,51
6162,10364,Catch-22,6.2777,1970-06-24,6.7,362
6163,1559541,Private Browser,4.0879,2026-04-12,0.0,0
6164,455577,The Right Man,4.6729,1960-01-21,8.0,1
6165,602147,Inheritance,5.7478,2020-04-30,6.31,745
6166,463173,Couleé-D,5.0657,2017-06-23,10.0,1
6167,426543,The Nutcracker and the Four Realms,6.3216,2018-10-26,6.082,2257
6168,776069,And Now Shut Your Eyes,4.9552,2020-12-10,6.0,1
6169,9394,They Call Me Trinity,5.564,1970-12-22,7.5,1481
6170,1160956,Panda Plan,5.3771,2024-10-01,6.9,300
6171,1137614,SUMANAI,5.3486,2023-05-13,0.0,0
6172,708169,The End,4.8891,2019-12-11,2.0,1
6173,9396,Crocodile Dundee II,5.1106,1988-05-19,5.871,1251
6174,256835,Toy Story That Time Forgot,6.1265,2014-12-02,7.12,1155
6175,625413,No Way Home,4.627,2012-06-20,1.0,1
6176,33689,It Takes Two,5.5279,1995-11-17,6.505,987
6177,856157,Two Versus One,4.9201,1933-01-01,0.0,0
6178,26388,Buried,5.6183,2010-09-24,6.635,3088
6179,1453597,El Cuco,4.0107,2012-01-01,0.0,0
6180,178,Blown Away,6.2676,1994-07-01,6.214,633
6181,187503,Koroghlu,5.0717,1960-10-10,5.5,2
6182,568399,Poster Boy,4.61,2015-02-08,5.0,1
6183,337688,Cold,5.0358,2014-03-21,5.5,6
6184,29427,The Crazies,6.4386,2010-02-26,6.31,2324
6185,289720,Outcast,5.8659,2014-09-26,5.151,514
6186,555285,"Are You There God? It's Me, Margaret.",4.6195,2023-03-29,7.157,526
6187,1730,Inland Empire,5.8654,2006-12-06,6.988,1276
6188,976734,Canary Black,5.5867,2024-10-10,6.22,519
6189,1239146,Woody Woodpecker Goes to Camp,5.3031,2024-04-12,6.43,208
6190,1683,The Reaping,6.055,2007-04-04,5.768,906
6191,248107,Dunduriņš,4.9476,1974-01-04,6.0,1
6192,38142,5 Centimeters per Second,6.1219,2007-03-03,7.294,2187
6193,1243341,Z-O-M-B-I-E-S 4: Dawn of the Vampires,5.9207,2025-07-10,7.0,156
6194,159174,I Will Raffle Off My Heart,5.3168,2012-08-03,7.9,8
6195,1300501,Patriot,4.7028,2026-05-01,6.7,14
6196,403326,Sailor's Song,4.4254,2014-04-09,2.0,2
6197,1644629,Love Sitter,4.4481,2026-03-23,0.0,0
6198,263755,Vedavathi,4.7408,1941-02-21,0.0,1
6199,1096197,No Way Up,5.6083,2024-01-18,6.233,1132
6200,4960,"Synecdoche, New York",5.1917,2008-10-24,7.532,1638
6201,454526,Taraz,4.8307,2016-10-13,7.0,1
6202,42269,We All Loved Each Other So Much,5.6256,1974-12-21,8.279,658
6203,1688163,Hayok,4.6245,2026-05-15,4.667,3
6204,402860,Faroeste: Um Autêntico Western,5.6127,2013-01-01,0.0,0
6205,1193683,The Way of Generations,4.9038,2023-10-12,0.0,0
6206,547932,The Trouble Agent,5.3102,2016-03-11,3.3,3
6207,195733,120 Kilometers an Hour,4.8811,1937-05-21,7.25,2
6208,1409646,Breaking News,4.3798,,0.0,0
6209,71859,We Need to Talk About Kevin,5.7476,2011-09-28,7.536,3144
6210,408218,Miller & Fried – The Birth of Football’s Country,5.1415,2016-07-28,10.0,2
6211,1141610,Nobody Knows,4.1218,2023-06-09,0.0,0
6212,1254808,Nouvelle Vague,5.1902,2025-10-08,7.198,250
6213,468202,The Girl in the Fog,5.4499,2017-10-26,6.756,1087
6214,10907,The Adventures of Robin Hood,5.3531,1938-05-13,7.472,858
6215,11977,Caddyshack,5.7818,1980-07-25,6.592,1321
6216,1500099,Versa,5.1504,2025-04-15,8.161,56
6217,466476,Liebe möglicherweise,4.8733,2016-12-02,4.0,1
6218,1705729,Man of War,6.2617,2026-07-03,6.2,27
6219,29259,Le Trou,5.6136,1960-03-18,8.236,580
6220,1138515,A Way to Home,4.7189,2017-01-07,0.0,0
6221,513176,Amarakavi,4.9937,1952-02-09,0.0,0
6222,926899,The House,4.3206,2022-01-14,7.02,1159
6223,110930,Goodbye Mothers,4.8512,2008-02-01,5.0,1
6224,17663,Anne of Green Gables,5.1115,1985-12-01,8.111,261
6225,13812,Quarantine,5.6488,2008-10-10,5.772,1418
6226,1245833,Lumen - Акустика (Концерт в центре им. Вс. Мейерхольда),4.9107,2014-09-05,10.0,1
6227,1550797,Prep & Landing: The Snowball Protocol,6.2647,2025-11-27,6.814,35
6228,455360,Rosemarie,5.188,2017-04-27,0.0,0
6229,284293,Still Alice,6.3316,2014-12-05,7.467,3303
6230,294682,Little Forest: Summer/Autumn,4.9555,2014-08-30,7.77,121
6231,131015,The Fortress,4.8111,1979-01-01,7.2,5
6232,38985,Sorcerer,5.569,1977-06-24,7.458,672
6233,1921,Sweet November,5.8583,2001-02-16,6.873,1463
6234,188222,Entourage,6.3398,2015-06-03,6.239,1127
6235,399713,Hidden Passion,5.1331,1991-12-12,5.5,6
6236,874782,Sadan Hanım,4.5628,2021-09-21,6.0,2
6237,598331,Rumble,4.1598,2021-02-12,6.745,562
6238,317012,To the Fourth Generation,5.096,1942-11-02,7.0,1
6239,109443,Anchorman 2: The Legend Continues,5.9653,2013-12-18,6.144,2863
6240,9885,Wolf Creek,5.5195,2005-09-16,6.23,1311
6241,10468,28 Days,6.2902,2000-04-06,6.154,1101
6242,1443762,The Big Fake,5.1767,2025-10-19,6.624,233
6243,504364,Action Jasmine,4.5366,2015-05-15,0.0,0
6244,343583,The Sun and the Little Snow Men,4.8106,1985-06-07,8.5,2
6245,183011,Justice League: The Flashpoint Paradox,4.6413,2013-07-30,7.888,1992
6246,11416,The Mission,6.2014,1986-09-06,7.396,1570
6247,11644,Blow Out,6.1553,1981-07-24,7.4,1705
6248,846874,Posterity,4.9936,2021-08-10,6.0,1
6249,500795,Horizon,4.8459,2018-02-16,6.3,3
6250,20126,Deep Red,4.6265,1975-03-07,7.717,1609
6251,3116,Midnight Cowboy,5.7976,1969-05-25,7.533,1640
6252,18269,Lady and the Tramp II: Scamp's Adventure,5.9223,2001-02-18,6.339,1327
6253,1735531,Lionel Messi - The GOAT - Official Movie,4.4951,2019-07-19,0.0,0
6254,2082,Halloween,6.0569,2007-08-31,6.244,2598
6255,928,Gremlins 2: The New Batch,5.9791,1990-06-15,6.525,2952
6256,552643,My Wife's Lover 2,5.3364,2018-06-14,4.5,2
6257,10035,100 Girls,5.3948,2000-09-01,5.744,496
6258,1340110,Redux Redux,5.0888,2025-12-28,6.75,196
6259,360679,Miss Windbag,4.761,1963-09-19,9.0,1
6260,10035,100 Girls,5.3948,2000-09-01,5.744,496
6261,1340110,Redux Redux,5.0888,2025-12-28,6.75,196
6262,360679,Miss Windbag,4.761,1963-09-19,9.0,1
6263,568435,El tesoro,4.6007,2018-12-08,8.0,1
6264,580951,First Love,5.0178,2015-02-12,8.0,4
6265,19898,Pandorum,5.3048,2009-09-08,6.598,2711
6266,1546869,La barraca,4.253,2025-09-15,0.0,0
6267,11236,The Secret Garden,4.935,1993-08-13,7.427,988
6268,1155282,Creation of the Gods III: Creation Under Heaven,4.3855,,0.0,0
6269,3594,The Number 23,6.1758,2007-02-23,6.41,3569
6270,567797,The Dry,7.4402,2021-01-01,6.787,854
6271,857127,The Wedding Night,4.8485,1942-01-01,7.0,1
6272,9556,Darkman,5.2769,1990-08-24,6.422,1547
6273,232351,Two Raging Grannies,5.2786,2013-11-13,7.0,2
6274,292011,Richard Jewell,6.6965,2019-12-13,7.416,2762
6275,758009,Shotgun Wedding,5.8731,2022-12-28,6.234,1327
6276,302156,Criminal,5.7025,2016-04-07,6.207,1907
6277,1198071,Pepita Petanca,4.1743,2023-11-01,0.0,0
6278,21519,Project A,4.634,1983-12-22,7.254,575
6279,300439,Operation Mantis,4.9435,1984-01-01,3.5,4
6280,433412,Live from Dhaka,5.0973,2019-03-29,7.3,6
6281,263675,Pudhiya Boomi,4.3558,1968-06-27,5.0,1
6282,14139,Timecrimes,6.2242,2007-11-01,7.018,1496
6283,1283515,Verity,5.5253,2026-09-30,0.0,0
6284,852385,Those Flower,5.1705,2021-04-15,0.0,0
6285,629218,Voyage in the Misty Night,5.055,1958-05-20,8.0,1
6286,18988,The Lion in Winter,4.9501,1968-08-20,7.372,409
6287,16270,Career Opportunities,5.4841,1991-03-29,6.9,771
6288,823625,Blacklight,6.8157,2022-02-10,6.135,1284
6289,123,The Lord of the Rings,5.7373,1978-11-15,6.591,1066
6290,192102,3 Days to Kill,5.9328,2014-02-14,6.1,2346
6291,1025872,All In,4.5796,2019-12-26,6.8,2
6292,9890,The Stepford Wives,4.8006,2004-06-10,5.685,1445
6293,10202,Bedtime Stories,6.2328,2008-12-24,6.154,3009
6294,853609,Instinct,4.4383,2020-10-21,0.0,0
6295,1418657,The Yeti,4.9427,2026-04-04,6.101,69
6296,11284,Freddy's Dead: The Final Nightmare,6.0225,1991-09-05,5.297,1500
6297,1257633,L’espera,5.2559,2022-07-01,0.0,0
6298,124674,Ah-Chung,5.0225,1996-12-31,7.0,3
6299,678048,The Best Groom,4.5466,1975-01-01,7.0,2
6300,124674,Ah-Chung,5.0225,1996-12-31,7.0,3
6301,678048,The Best Groom,4.5466,1975-01-01,7.0,2
6302,1658209,Maid's Obsession,5.0774,2026-03-27,3.7,3
6303,78633,Nam Naadu,4.871,2007-09-21,5.0,1
6304,142061,"Batman: The Dark Knight Returns, Part 2",4.9079,2013-01-03,7.922,1612
6305,510794,Tu Mo Hero,5.0766,2017-10-20,0.0,0
6306,81128,A Moment of Romance,4.9146,1990-06-14,7.2,66
6307,1117652,"Farewell, Lebanon",4.8131,1968-09-09,0.0,0
6308,267023,BLACKland,4.2839,2006-01-01,5.0,2
6309,702,A Streetcar Named Desire,5.2912,1951-09-18,7.611,1495
6310,470547,Beyond the Mountains,5.2642,2017-02-02,0.0,0
6311,916728,Slingshot,4.9053,2024-08-30,6.077,259
6312,9566,The Fan,5.72,1996-08-15,5.994,888
6313,2355,Reign Over Me,6.0188,2007-03-22,7.214,1223
6314,280316,Cheppu,5.2013,1987-07-04,6.167,3
6315,412560,A Symphony of Cooking Utensils,5.1249,1983-01-01,0.0,0
6316,856606,Visiting Shanghai After Sixty Years,4.964,1938-01-01,0.0,0
6317,137093,Last Vegas,6.2042,2013-10-31,6.399,2294
6318,443852,The Dream,4.9138,1931-07-22,10.0,1
6319,14435,My Bloody Valentine,4.2442,2009-01-16,5.575,1339
6320,14435,My Bloody Valentine,4.2442,2009-01-16,5.575,1339
6321,1150433,Natasha’s Dream,4.7752,2023-06-29,0.0,0
6322,1118741,Fallen Aliens,4.7679,2023-05-03,0.0,0
6323,1107049,Getaway,5.1387,2023-04-28,0.0,0
6324,18670,Legend of the Red Dragon,4.8973,1994-02-05,7.1,174
6325,1070829,Smile Again,5.674,1985-09-11,1.7,3
6326,481836,Two Mothers,5.5495,2017-08-01,7.0,7
6327,8923,Green Street Hooligans,5.1867,2005-09-09,7.274,2601
6328,1710008,Nothing to Lose,6.511,2026-07-08,6.69,58
6329,331313,Keeping Up with the Joneses,5.9425,2016-10-20,6.1,2168
6330,9445,Apt Pupil,5.2334,1998-10-23,6.548,737
6331,1162240,Chinese Erotic Movies,4.882,1997-03-09,5.0,2
6332,29362,Full of It,5.2653,2007-03-01,5.38,146
6333,1234000,Daughter-in-law Who Cheated On Her Father-in-law,4.9788,2023-02-03,3.0,2
6334,525661,Bombshell,6.5273,2019-12-13,6.771,3238
6335,1083472,Miss Nothing,3.9817,2020-09-01,0.0,0
6336,1151534,Nowhere,4.7611,2023-09-29,7.316,1597
6337,1131560,Susy: Una vedette en el Congreso,5.2492,2023-10-26,8.25,8
6338,1731870,"Sincerely, Jude",4.3291,,0.0,0
6339,707648,Le scooter à deux vitesses,5.2892,,0.0,0
6340,263743,Marmayogi,5.0531,1951-02-01,7.0,1
6341,103922,Into the Dark,5.2743,2012-02-03,4.9,5
6342,392,Chocolat,7.2491,2000-12-22,6.971,3544
6343,406859,This Time Tomorrow,4.9823,2016-10-07,6.1,8
6344,353616,Pitch Perfect 3,6.0638,2017-12-20,6.506,3477
6345,41233,Step Up 3D,5.7538,2010-08-04,6.824,2033
6346,625139,La estrella,4.104,2018-01-01,0.0,0
6347,230986,15 Days,4.795,2000-12-30,7.8,4
6348,455,Bend It Like Beckham,5.3686,2002-04-11,6.331,2051
6349,386370,"Farewell, Berlin Wall",4.9687,2015-06-19,8.5,2
6350,207265,Short Tutorial on Loving,4.6415,1982-07-13,4.8,4
6351,1729443,Rindu Kasih,4.649,2022-01-01,0.0,0
6352,104524,Helter Skelter,4.8745,2012-07-14,6.7,173
6353,1545403,La Coffurse,4.3074,2018-12-02,0.0,0
6354,28032,Thumbelina,6.8163,1994-03-30,6.467,542
6355,650734,Харах Оды,4.9949,2019-09-17,0.0,0
6356,1323784,Bad Influence,5.0199,2025-01-24,5.728,301
6357,20533,Jonah Hex,6.0645,2010-06-18,4.968,1564
6358,1631917,18th Rose,5.2965,2026-04-09,7.7,27
6359,5156,Bicycle Thieves,6.3823,1948-07-21,8.167,2702
6360,11051,The Last Temptation of Christ,5.5294,1988-05-28,7.214,1211
6361,692307,Mr. Virgin,4.6793,2018-08-17,10.0,1
6362,621717,August,4.9457,2019-09-10,7.2,4
6363,1145524,MeShura,4.4715,2017-10-19,0.0,0
6364,50321,Mars Needs Moms,5.9615,2011-03-09,5.982,798
6365,9067,Tank Girl,4.9148,1995-03-31,5.495,586
6366,6038,Shanghai Knights,5.3201,2003-02-06,6.141,2483
6367,794228,The Ivy,4.7103,2026-03-13,6.0,1
6368,1310753,Guerra Civil,4.403,2024-04-26,10.0,1
6369,736526,Troll,4.9547,2022-11-30,6.556,2062
6370,1052517,Qing tian hen hai,4.9853,1980-01-01,10.0,1
6371,333669,Bastille Day,6.3367,2016-04-22,6.319,1553
6372,630392,The Cursed,5.7072,2021-07-28,6.562,436
6373,783534,We Come into Life,5.5956,2021-01-20,0.0,0
6374,449992,The Night Comes For Us,5.5321,2018-10-05,6.928,829
6375,10833,Heartbreakers,4.9086,2001-03-23,6.144,1010
6376,102531,José María,4.6249,1963-01-01,6.5,2
6377,460668,I Feel Pretty,6.0536,2018-04-19,6.382,2140
6378,9975,Curious George,5.5492,2006-02-10,6.529,570
6379,1161302,TOKYO03 FROLIC A HOLIC feat. Creepy Nuts in Budokan,5.0683,2023-03-04,0.0,0
6380,1161302,TOKYO03 FROLIC A HOLIC feat. Creepy Nuts in Budokan,5.0683,2023-03-04,0.0,0
6381,561817,Clinic,4.8827,1993-01-01,6.6,10
6382,536869,Cats,6.2408,2019-12-19,4.085,1053
6383,1555331,D.I.S.C.O.,4.787,2026-01-01,6.615,13
6384,1596008,Con City,4.1633,2026-06-26,6.5,2
6385,404822,Tigipió - Uma Questão de Amor e Honra,5.2424,1987-12-10,10.0,1
6386,1083968,Locked,5.7841,2025-03-20,6.199,591
6387,272878,Max,5.2784,2015-06-25,7.12,949
6388,11699,Bad Lieutenant: Port of Call New Orleans,5.1488,2009-09-11,6.18,1296
6389,11901,High Plains Drifter,5.533,1973-04-19,7.326,1362
6390,13374,Ice Princess,6.4499,2005-03-17,6.4,948
6391,548449,Night Inn,4.424,1947-01-01,6.0,1
6392,134411,Snitch,6.2664,2013-02-21,6.128,2511
6393,1057856,Sister Sister 2,6.0406,2023-10-12,6.967,30
6394,500840,I'm Thinking of Ending Things,5.151,2020-08-28,6.535,2236
6395,594149,Insula,5.8521,2019-04-07,0.0,0
6396,1101965,Bahaghara dot com,5.0451,2023-03-19,0.0,0
6397,75283,Czech Peace,4.5945,2010-05-06,5.7,8
6398,511809,West Side Story,5.7055,2021-12-08,6.9,1813
6399,103731,Mud,5.339,2013-04-26,7.057,3104
6400,576174,Easy Virtue,4.9193,1992-05-16,8.333,3
6401,38363,Fair Game,5.6615,2010-05-20,6.455,872
6402,73881,Thawing Out,5.3225,2009-01-31,5.6,40
6403,544868,Ondalla Eradalla,4.8478,2018-08-24,0.0,0
6404,19673,Sexmission,5.3663,1984-05-13,7.231,340
6405,538851,The Creator,5.3477,2018-03-27,0.0,0
6406,308369,Me and Earl and the Dying Girl,4.9144,2015-06-12,7.531,2782
6407,165083,A Strange Marriage Part 3,4.536,1984-02-03,0.0,0
6408,977692,Crimea SOS,4.8154,2016-03-31,0.0,0
6409,533103,Bakhtiyar,4.537,1942-01-01,0.0,0
6410,444996,Neo Chinpira: Zoom Goes the Bullet,4.9051,1990-05-11,6.571,7
6411,35854,Flash Point,5.1227,2007-07-26,6.942,378
6412,300494,A Bride from the North,4.8402,1975-11-19,6.417,6
6413,435208,Three D,4.216,2014-01-15,0.0,0
6414,715931,Emancipation,6.5895,2022-12-02,7.761,1283
6415,468224,Tolkien,4.9059,2019-05-03,6.911,1556
6416,4437,2010,6.6787,1984-12-06,6.663,1092
6417,508628,Oru Thottil Sabadham,5.111,1989-01-13,0.0,0
6418,9404,Police Story 4: First Strike,5.9471,1996-02-10,6.487,545
6419,804219,The Journey,4.6885,2021-12-17,3.0,1
6420,804219,The Journey,4.6885,2021-12-17,3.0,1
6421,1174870,The Part of His Life He Wants to Show Me,4.269,2023-08-24,5.0,3
6422,411873,The Little Hours,5.5344,2017-06-30,5.889,664
6423,416237,The Gemini,4.5367,2016-09-09,5.3,3
6424,213477,Meeting at the Old Mosque,4.5513,1970-03-09,8.0,2
6425,1431071,System,4.503,2026-05-22,7.0,5
6426,1266798,Dog 51,5.12,2025-10-15,6.11,327
6427,178809,The Colony,5.0611,2013-04-12,5.464,1268
6428,9585,Not Without My Daughter,5.0766,1991-01-11,6.699,340
6429,1007847,Kinsman,4.8271,,0.0,0
6430,998846,Back to Black,4.7061,2024-04-11,6.658,729
6431,502762,Death of a Beauty,5.225,1986-01-01,9.0,1
6432,546726,Sub Rosa,4.9218,2014-08-10,6.0,18
6433,474764,The Lodge,6.6502,2020-01-16,6.081,1441
6434,84348,V/H/S,5.3163,2012-07-28,6.103,1737
6435,1306056,Female 4,4.9329,2024-06-17,0.0,0
6436,9948,The Fox and the Hound 2,5.9186,2006-11-09,6.031,717
6437,707505,Debt,5.0581,2020-05-22,5.0,1
6438,372363,14 Days,5.01,2009-12-18,8.0,3
6439,13649,High School Musical 2,5.5025,2007-08-17,6.502,3897
6440,615643,Minari,6.125,2021-02-12,7.324,1889
6441,489430,Terrified,5.1462,2018-05-03,6.718,847
6442,886887,昆仑兄弟,5.1189,2019-04-26,8.0,1
6443,57157,Young Adult,6.0288,2011-11-11,5.806,1372
6444,882059,Boy Kills World,5.2723,2024-04-24,6.672,857
6445,1241693,Do Deewane Seher Mein,4.225,2026-02-20,6.375,16
6446,1069597,Wild Green,5.0202,,0.0,0
6447,795928,KARL RICH: Crazy ft. PAS,5.1383,2021-02-03,6.7,3
6448,197645,"Shanghaï Blues, nouveau monde",5.5528,2013-05-02,5.9,4
6449,1045061,La Fabbricazione,4.8152,2015-05-15,0.0,0
6450,346905,Memorias de Lucía,5.4843,2003-12-30,6.0,1
6451,1025171,El balneari,4.4312,2022-10-08,7.0,1
6452,1003813,Out of the Blue,5.2952,2022-08-26,5.784,132
6453,1514381,EgyBest,5.175,2026-03-19,0.0,0
6454,13483,Awake,6.0595,2007-11-28,6.579,1586
6455,952704,Shadow Box,4.6648,,0.0,0
6456,558724,Snipers Shot,4.9697,2016-06-06,10.0,1
6457,10199,The Tale of Despereaux,5.5463,2008-12-18,6.155,1031
6458,58151,Fright Night,6.078,2011-08-18,6.247,2156
6459,247810,Rocky Road,4.5928,1983-01-03,0.0,0
6460,8834,Conspiracy Theory,6.0213,1997-08-08,6.626,1683
6461,977163,Love Battle vs Bullfighting,4.8518,2022-06-29,3.7,3
6462,11887,High School Musical 3: Senior Year,5.7596,2008-10-11,6.538,3628
6463,1636891,Mexicali,5.1741,2026-03-13,7.675,60
6464,959895,Lileya,4.8784,1959-01-11,10.0,1
6465,352821,Su precio... unos dólares,4.0857,1970-09-10,6.5,4
6466,1440645,Goodbye Evelyn,3.5286,2023-12-28,0.0,0
6467,864574,Uma Cidade Chamada Tiradentes,5.0242,2006-03-02,0.0,0
6468,9687,Keeping Mum,5.9306,2005-12-02,6.672,627
6469,325789,The Infiltrator,4.7338,2016-07-13,6.677,1839
6470,253350,The Cousin,6.1887,1974-07-26,5.438,16
6471,376570,Hush,5.3168,2016-03-12,6.727,4896
6472,880173,Sword From Boddha or Devil,4.79,2010-02-17,0.0,0
6473,238673,Peace on Earth,4.3557,1917-02-15,5.5,4
6474,11894,Curly Sue,5.7744,1991-10-25,6.375,578
6475,401532,A Última no Tambor,5.472,2012-06-10,0.0,0
6476,251885,Graciadió,4.9879,1997-08-23,6.143,7
6477,11000,The Birdcage,5.9802,1996-03-03,7.046,1388
6478,853160,The Dust of Modern Life,5.141,2021-07-20,0.0,0
6479,12093,Lilya 4-ever,5.3405,2002-08-23,7.626,680
6480,12093,Lilya 4-ever,5.3405,2002-08-23,7.626,680
6481,239571,The Best of Me,5.0508,2014-10-15,7.471,2723
6482,1036860,JK Slayer,4.6061,2012-04-11,10.0,1
6483,1337379,Roll,4.6483,1975-06-13,0.0,0
6484,968724,Vértice del frío,4.9977,2023-05-05,8.0,1
6485,11509,Silverado,4.9202,1985-07-10,6.95,836
6486,11260,Meet Dave,5.7407,2008-07-08,5.33,1580
6487,922,Dead Man,6.2584,1995-12-23,7.303,1757
6488,132363,The Butler,5.9054,2013-08-16,7.319,3056
6489,1736854,Potong,4.7939,2020-01-01,0.0,0
6490,13972,The Women,5.618,2008-09-12,5.1,368
6491,1597538,Angkinin Mo Ako,5.5349,2026-05-15,0.0,0
6492,1046261,Paraguaçu,4.5679,2022-08-30,0.0,0
6493,1524027,家庭教師が解く！～殺人方程式の推理ドリル～,4.9461,2013-05-20,7.0,1
6494,543753,High Society,4.9809,2018-08-29,5.508,60
6495,541134,The Good Nurse,5.3647,2022-10-19,6.872,1470
6496,6552,Idle Hands,5.5164,1999-04-30,6.216,761
6497,543830,Church Sister,4.9686,2018-06-21,8.1,4
6498,383489,Keep On Smoking Ladányi!,5.0279,1938-02-22,10.0,1
6499,294832,Car Washers,4.5966,2001-07-08,8.0,1
6500,580116,The Rape,4.9194,1982-05-15,4.5,10
6501,611291,Bring the Soul: The Movie,5.2971,2019-08-07,8.288,462
6502,540,D.E.B.S.,5.2075,2005-03-25,6.6,649
6503,476926,The Titan,5.1186,2018-03-30,5.328,1345
6504,682012,Little Amélie or the Character of Rain,6.761,2025-06-25,7.916,196
6505,518727,Bad Bad Winter,5.192,2018-05-09,4.7,3
6506,493479,Kri,5.0926,2018-02-09,0.0,1
6507,549053,Last Christmas,5.7718,2019-11-07,7.195,2657
6508,335796,Ouija: Origin of Evil,5.2863,2016-10-20,6.16,2658
6509,11975,The Rainmaker,6.143,1997-11-18,7.026,1513
6510,1473332,No One Will Hear Your Scream,4.7431,2025-09-05,5.7,9
6511,623485,PEACE: An Element Audiovisual Project,5.0416,2018-10-16,0.0,0
6512,75638,Red Lights,4.3374,2012-03-02,6.179,1425
6513,1422011,It Ends,4.6609,2026-08-21,0.0,0
6514,1015296,Raízes,5.2489,2021-01-01,0.0,0
6515,565310,The Farewell,5.5644,2019-07-12,7.411,1562
6516,406436,Mr. Dólar,4.9238,1964-12-18,0.0,0
6517,1018719,Horrors of the Past,4.4857,1925-03-27,10.0,1
6518,664386,Clasico,5.0984,2019-01-01,0.0,0
6519,135746,The River,4.4384,2001-01-01,4.571,7
6520,135746,The River,4.4384,2001-01-01,4.571,7
6521,1116490,Cash Out,5.3618,2024-04-26,6.186,266
6522,263738,Gulebagavali,5.0339,1955-07-29,6.0,1
6523,169103,Junior Jr. Comes,4.8482,1972-10-26,8.0,1
6524,597316,My Little Pony: A New Generation,5.0097,2021-09-22,7.65,346
6525,11704,The Secret of NIMH,5.4735,1982-06-17,7.443,961
6526,188855,Roraima - Climbers of the Lost World,5.1354,2012-07-01,6.8,8
6527,636343,Santa Teresa,4.3982,2014-05-10,0.0,0
6528,1467005,Female Instructor's Strange Private Lesson,4.3151,2025-02-13,6.0,1
6529,925273,ET & Dustin,4.9537,2021-04-08,0.0,0
6530,320956,The Cuckold,5.2625,2009-08-11,3.5,8
6531,527261,The Silence,6.1879,2019-05-16,6.029,1719
6532,53932,The Ages of Lulu,5.0984,1990-12-03,6.409,303
6533,14635,The Rookie,6.4656,2002-03-25,6.81,497
6534,171424,The Green Inferno,5.7579,2014-09-04,5.734,1607
6535,232954,Elastic Transformation,4.1772,1908-11-21,6.0,5
6536,336882,The Wave,6.3917,2015-08-28,6.697,1426
6537,484237,Tuftland,4.9437,2018-04-06,4.889,18
6538,157386,The Spectacular Now,5.4923,2013-08-02,6.685,3052
6539,9280,Femme Fatale,6.0364,2002-04-30,6.164,671
6540,1632861,Why Love,5.2231,,0.0,0
6541,250574,Creep,5.3466,2014-03-08,6.4,1673
6542,6283,MouseHunt,5.3873,1997-12-19,6.54,1387
6543,617569,Youngest Aunt,4.1834,2019-07-18,8.5,2
6544,9030,The Eye,5.5467,2008-02-01,5.9,1172
6545,545890,My Good Dad,5.1061,1970-01-28,10.0,1
6546,795421,Boxers from the Snowy Mountains,5.1455,1991-01-01,0.0,0
6547,415561,Operación Alacrán,4.6612,1976-01-02,0.0,0
6548,307663,Vice,6.4021,2015-01-16,4.4,585
6549,2039,Moonstruck,5.6906,1987-12-16,6.843,1118
6550,274991,Mister Designer,4.0625,1988-12-01,5.952,31
6551,452557,Wolf Warrior 2,4.8045,2017-07-27,6.499,340
6552,416148,Rocco,5.2953,2016-11-30,5.513,187
6553,13969,First Daughter,5.8772,2004-09-24,6.178,1022
6554,6644,El Dorado,5.881,1966-12-17,7.4,594
6555,290512,The Mountain Between Us,5.2102,2017-10-05,6.647,2561
6556,11811,Leprechaun,4.7517,1993-01-08,5.574,869
6557,1735171,Peluang Kedua,3.9682,2016-01-01,0.0,0
6558,33909,Wall Street: Money Never Sleeps,5.7021,2010-09-20,6.096,1721
6559,384288,The Alphabet Revolution,5.01,2014-03-20,0.0,0
6560,504056,Big Brother,5.2115,2018-08-16,7.55,292
6561,239241,Female Ninjas Magic Chronicles 2: Secret of the Christian Bells,4.0102,1992-08-21,8.0,2
6562,1522079,Sathi Leelavathi,4.088,2026-05-08,0.0,0
6563,23202,Trick 'r Treat,5.5334,2007-12-09,6.982,2101
6564,387426,Okja,5.5872,2017-06-28,7.327,4583
6565,11024,Scooby-Doo 2: Monsters Unleashed,5.0694,2004-03-24,6.1,2947
6566,485613,Argentine Symphony,4.5286,1942-11-06,7.0,1
6567,467568,Meherjaan,4.8155,2011-01-21,0.0,0
6568,482626,Thorn,5.1117,2016-10-27,3.9,7
6569,22897,It's Complicated,5.4306,2009-12-23,6.51,1543
6570,128052,The History of Aviation,5.0937,2009-01-01,7.3,3
6571,843228,"Lu Ping, the Chivalrous Thief",4.1858,1989-01-01,0.0,0
6572,264980,Loves of a French Pussycat,4.5132,1972-03-09,4.222,9
6573,13920,Radio,5.6711,2003-10-24,7.326,867
6574,49020,Submarine,4.3496,2011-03-18,7.4,1607
6575,523139,In the Tall Grass,5.8426,2019-09-20,5.549,2435
6576,658049,Button Blanket,4.6787,2009-10-22,0.0,0
6577,610150,Dragon Ball Super: Super Hero,5.7867,2022-06-11,7.894,3054
6578,347647,Traders,5.3185,2016-03-11,6.213,54
6579,90427,Robot Will Help Us...,5.2826,1975-01-01,5.0,7
6580,347647,Traders,5.3185,2016-03-11,6.213,54
6581,90427,Robot Will Help Us...,5.2826,1975-01-01,5.0,7
6582,411519,Falta Alguém no Manicômio,5.0255,1948-08-31,10.0,1
6583,13051,Max Payne,6.1354,2008-10-15,5.418,2298
6584,329366,Silence,4.8359,1977-03-07,0.0,0
6585,10658,Howard the Duck,5.433,1986-08-01,5.456,1155
6586,9549,The Right Stuff,5.3611,1983-10-20,7.4,986
6587,1472005,Carcosa,3.9357,,0.0,0
6588,1491832,Bandera roja,3.6373,2015-01-01,0.0,0
6589,1416391,Toaster,5.1223,2026-04-15,5.922,32
6590,75212,As Aventuras de Pedro Malasartes,4.8453,1960-09-26,6.0,14
6591,1591771,Zootopia 3,4.2741,,0.0,0
6592,746423,Transit,4.6144,2020-09-18,8.0,1
6593,10951,Gorgeous,5.3558,1999-02-12,6.475,433
6594,82505,House at the End of the Street,6.3154,2012-09-21,5.794,1923
6595,856353,Battle on the Lake,5.1509,1955-01-01,8.0,1
6596,8836,The X-Files: I Want to Believe,5.2995,2008-07-24,5.861,1684
6597,264406,Lalon,4.786,2004-12-31,7.7,10
6598,1631,A Real Young Girl,4.9209,1976-06-01,5.268,151
6599,904877,Strange Thing,4.6525,1987-01-01,7.0,1
6600,755530,Folaim - School is Next Week,5.4082,2012-08-25,0.0,0
6601,878966,Crane Lantern,4.654,2022-01-24,5.5,2
6602,849092,The Orbits of Water (Solid Version),5.095,2021-11-26,5.0,2
6603,1237331,Быть человеком,4.5465,1973-01-01,0.0,0
6604,1453624,Virus,4.2792,2010-01-01,0.0,0
6605,1273049,Dragon,4.7631,2025-02-21,7.25,46
6606,1641327,Collision Theory,4.7816,2026-02-19,0.0,0
6607,152742,The Best Offer,5.6734,2013-01-01,7.812,3110
6608,6620,Sabrina,5.9415,1954-09-01,7.5,1376
6609,1241634,Saiyaara,4.7439,2025-07-18,6.399,145
6610,132219,Homeland,4.6779,2010-09-14,4.231,13
6611,348127,El sueño de todos,5.293,2014-04-17,6.0,1
6612,16690,Return to Never Land,6.6963,2002-02-14,6.472,2410
6613,11335,Popeye,4.9495,1980-12-12,5.581,720
6614,330083,P.K.P.,4.71,1926-09-28,5.6,8
6615,758537,Cinématon XXXIV,4.63,1984-06-21,5.0,1
6616,267951,Así,4.2032,2005-11-18,4.167,6
6617,705,All About Eve,5.5311,1950-11-09,8.076,1727
6618,11422,Midway,5.0281,1976-06-18,6.621,331
6619,412672,My Father's Wings,4.473,2016-07-06,6.2,11
6620,9086,Young Guns II,5.2859,1990-08-01,6.525,612
6621,1155089,Justice League: Crisis on Infinite Earths Part One,5.9272,2024-01-08,7.258,416
6622,897571,The Illusion of Control: The Beginning,5.4532,2017-11-23,0.0,0
6623,1268053,Winnie the Pooh: Blood and Honey 3,4.8725,,0.0,0
6624,18860,Swordsman,5.1812,1990-04-05,7.0,93
6625,318622,The Birth of New China,4.9911,1989-09-21,6.1,9
6626,710426,Deseo,5.1907,2020-06-16,3.5,2
6627,460019,Truth or Dare,6.6606,2018-04-12,5.936,4243
6628,99099,Shogun's Joy of Torture,5.273,1968-09-28,5.588,40
6629,11884,The Last Starfighter,4.9475,1984-07-13,6.596,781
6630,11185,"See No Evil, Hear No Evil",5.6667,1989-05-12,6.8,1098
6631,375366,The Girl with All the Gifts,5.9542,2016-09-23,6.598,2194
6632,284062,Freedom Station,4.558,2013-06-04,5.5,2
6633,837335,La Chimera,5.7378,2023-10-12,7.288,600
6634,1266993,Smarana Samapthi - An Absolution,5.1909,1999-06-10,0.0,0
6635,112869,The Man Who Couldn't Sleep,4.879,2012-05-04,2.0,2
6636,1147710,Hijack 1971,5.076,2024-06-21,6.721,156
6637,16617,Mindhunters,5.485,2004-05-07,6.448,1354
6638,286476,The House-Warming,4.4059,1983-08-12,8.25,4
6639,1732293,Cinematically Richer,4.3103,,0.0,0
6640,256129,The Alley,4.6845,1981-02-18,6.2,5
6641,4507,Jamon Jamon,5.7087,1992-09-03,6.211,408
6642,439051,"Rosas no Céu, Milagres na Terra",5.3743,1955-06-09,10.0,1
6643,15167,Barbie in the Nutcracker,5.8221,2001-09-30,6.894,1123
6644,11829,Trinity Is Still My Name,5.6262,1971-10-21,7.427,1022
6645,109691,Crònica d'una campanya,5.1775,2012-04-12,0.0,0
6646,27064,Mishima: A Life in Four Chapters,5.8588,1985-09-20,7.822,357
6647,683906,It Came a Trouble to the City,5.0524,1966-01-01,6.0,1
6648,1479992,Unknown Route,4.1862,2008-05-31,0.0,0
6649,1294698,Case 137,4.2113,2025-11-19,6.9,255
6650,712144,Downstream to Kinshasa,5.7339,2020-09-12,7.3,11
6651,11683,Land of the Dead,5.7252,2005-06-18,6.26,1839
6652,1420733,The Cursed: Insatiable Desires,4.4151,2025-09-17,5.6,9
6653,39324,Dragon Ball Z: The History of Trunks,5.6454,1993-02-24,7.636,621
6654,931035,Elder Sister's Diary,4.3158,1984-06-29,4.2,5
6655,1082010,Advanced Prostitute 2,4.5666,2022-10-19,7.0,1
6656,1556321,Death Whisperer: Saming the Werebeast,4.8251,2026-09-30,0.0,0
6657,381439,The Watch,4.9751,1949-12-31,0.0,0
6658,263746,Manthiri Kumari,4.9462,1950-06-24,10.0,1
6659,1003423,The Third Victim,4.9572,1981-01-01,6.0,2
6660,487325,Siri-Ará,4.719,2008-11-21,0.0,0
6661,143,All Quiet on the Western Front,5.4072,1930-04-29,7.753,943
6662,10122,Flight of the Navigator,4.9975,1986-07-30,6.969,963
6663,10529,Outlander,5.5243,2008-04-24,6.466,1445
6664,1404320,Wild Agent 2: Peach Assassination,4.6693,2024-12-19,4.6,5
6665,534613,Племяшка,4.907,2014-11-16,0.0,0
6666,10489,Cujo,5.2347,1983-08-10,6.176,1152
6667,1244557,Lumen - Дыши,4.9821,2006-06-20,8.0,1
6668,154693,The Sky Above,5.1098,2011-11-18,4.5,4
6669,44729,One Piece: Baron Omatsuri and the Secret Island,5.5663,2005-03-05,7.199,249
6670,270965,Mind the Steps!,4.4944,1989-01-01,7.2,9
6671,6312,Brotherhood of the Wolf,5.09,2001-01-31,6.74,1763
6672,366980,Peculiar Attraction,4.7571,1988-03-03,6.717,30
6673,666154,Kayara,5.2142,2025-01-02,7.632,121
6674,418579,Young Sister-In-Law,5.181,2016-09-27,6.0,2
6675,1559332,Blood Money,4.0292,,0.0,0
6676,619814,Žaltvykslės,4.7389,1980-09-05,0.0,0
6677,280266,A Date,4.4053,2012-01-01,0.0,0
6678,1043905,Dirty Angels,5.3192,2024-12-11,6.125,392
6679,227783,The Nut Job,6.3774,2014-01-17,5.916,1053
6680,13225,FernGully: The Last Rainforest,5.0495,1992-04-10,6.404,648
6681,910,The Big Sleep,5.9995,1946-08-22,7.593,1176
6682,667257,Impossible Things,5.4114,2021-06-17,8.413,427
6683,542288,Barnavännen,4.6195,2004-03-18,0.0,0
6684,10877,Exit Wounds,4.26,2001-03-16,5.905,594
6685,101368,Night Accident,4.8297,1980-06-06,5.8,5
6686,587496,The Rental,6.5398,2020-07-23,5.541,1005
6687,1280015,Sunny Dancer,7.8922,2026-08-12,0.0,0
6688,668829,Have You Forgotten What We Used to Play?,4.8494,2010-09-24,2.0,3
6689,830784,"Lyle, Lyle, Crocodile",7.2444,2022-10-07,7.034,685
6690,456554,Frozen May,4.3744,2017-05-05,4.8,5
6691,1060980,Lifere kichhi bi heipare,4.4355,2022-12-11,0.0,0
6692,557564,Mayskaya Street,4.8203,2017-04-23,0.0,0
6693,11041,The Beverly Hillbillies,5.3371,1993-10-15,6.317,603
6694,484457,Aos Sí,4.5992,2017-10-30,0.0,0
6695,1461283,Les deseo,4.926,,0.0,0
6696,1093457,Cupid and Demon,4.5969,1994-01-01,8.0,1
6697,286460,An Afternoon Affair,4.6516,1983-08-12,9.0,1
6698,1568498,Rowdy Raja,4.0933,1984-07-03,0.0,0
6699,533914,"The Packet of ""Kazbek""",4.3415,1958-01-01,7.5,2
6700,533914,"The Packet of ""Kazbek""",4.3415,1958-01-01,7.5,2
6701,403138,Time to Get Married,4.9517,1960-01-03,0.0,0
6702,1215532,Chickenhare and the Secret of the Groundhog,4.8099,2025-09-19,7.4,8
6703,583874,Those Names Are Those Years,4.9541,2018-11-15,0.0,0
6704,1074627,Monkey Bizness,4.6239,2015-02-13,0.0,0
6705,286775,Electric Schock,4.4257,1979-08-13,7.0,1
6706,79218,Ice Age: A Mammoth Christmas,6.0309,2011-11-24,6.447,711
6707,2789,The Chronicles of Riddick,5.6139,2004-06-11,6.559,4567
6708,1729492,Bisikan Bella,4.1798,2022-01-01,0.0,0
6709,431530,A Bad Moms Christmas,5.6579,2017-08-04,6.321,2219
6710,669294,Lee Eun-mi Big Breasts,5.4671,2020-02-01,2.0,1
6711,598730,Run,4.9514,2019-06-11,0.0,0
6712,10806,In & Out,5.7338,1997-09-10,6.451,759
6713,671622,My Sister-in-law's Secret,4.9756,2019-12-20,6.4,11
6714,957304,Drive-Away Dolls,5.7087,2024-02-22,5.513,599
6715,38357,Morning Glory,5.9441,2010-11-10,6.371,1651
6716,1097556,Larysa Kadochnikova. The War,4.6533,2023-02-24,0.0,0
6717,1494,Curse of the Golden Flower,5.9213,2006-12-14,6.868,831
6718,574,The Man Who Knew Too Much,4.74,1956-05-16,7.434,1575
6719,11198,City Hunter,5.123,1993-01-14,6.577,467
6720,354160,Dossiê Kavernista,4.9458,2012-01-01,0.0,0
6721,2749,15 Minutes,5.9375,2001-03-01,5.921,822
6722,1265196,"Amos, Vogel",4.2174,2024-10-23,0.0,0
6723,481543,Drop Everything,4.7984,2017-10-02,0.0,0
6724,1171462,Golden Kamuy,4.7575,2024-01-19,7.076,99
6725,1073380,The Qing Palace's Secret Affairs 1,4.7596,2002-01-01,6.0,1
6726,316935,Sheng xia and her fiance,4.9549,1985-01-01,6.0,1
6727,353759,Last Day of School,5.2232,2015-07-13,8.5,2
6728,533642,Child's Play,6.9021,2019-06-19,5.972,2078
6729,10216,Species II,5.9547,1998-04-10,5.195,835
6730,62734,Paganini,3.4418,1990-05-25,5.276,29
6731,576530,Just Like a Cat,5.2969,1993-01-01,4.667,6
6732,59962,This Means War,5.8549,2012-02-14,6.181,3644
6733,723072,Host,5.5715,2020-09-10,6.572,1300
6734,488213,More Than a Movie,4.9975,2017-11-23,0.0,0
6735,257943,Quiéreme más,4.5978,2013-05-30,0.0,0
6736,1302904,Practical Magic 2,5.5132,2026-09-09,0.0,0
6737,1214314,One More Shot,4.851,2024-01-09,6.53,297
6738,1081761,Bohu Ama Bichhuati,4.706,2023-01-29,0.0,0
6739,1483,Begotten,5.4133,1991-06-05,5.939,362
6740,596141,Where There Is a Long Winter,5.3442,1968-10-21,8.0,1
6741,901261,Eida Kopal!,4.835,2021-06-25,0.0,0
6742,635183,Atonement,4.7328,2015-09-29,0.0,0
6743,9846,To Live and Die in L.A.,5.1588,1985-11-01,7.1,804
6744,1328234,Duty Calls,3.9217,2024-05-24,0.0,0
6745,744631,The Cloud Is Still There,4.9827,2020-09-13,10.0,1
6746,9298,Ali G Indahouse,4.457,2002-03-21,6.06,1518
6747,470459,El árbol,4.8833,2007-02-01,0.0,0
6748,808430,The Male Gaze: Nocturnal Instincts,6.6928,2021-03-15,4.286,7
6749,32985,Solomon Kane,5.8566,2009-12-23,6.041,1554
6750,855734,共赴国难,4.8177,1932-01-01,0.0,0
6751,791,The Fog,5.3258,2005-10-14,4.631,850
6752,797,Persona,5.401,1966-10-18,8.12,2442
6753,94047,My Way,4.4455,2011-12-21,7.92,456
6754,1563676,Like a Limbless Tree,4.6868,2025-11-01,0.0,0
6755,1367125,Gaua (The Night),4.6182,2025-11-13,6.613,71
6756,12103,Don't Say a Word,5.8348,2001-09-28,6.265,1095
6757,792001,Amor Bandido,4.6803,2021-03-18,6.65,120
6758,13490,Welcome Home Roscoe Jenkins,5.288,2008-02-08,6.042,319
6759,8665,K-19: The Widowmaker,5.2242,2002-07-19,6.582,1206
6760,13310,Let the Right One In,5.6414,2008-10-24,7.542,3317
6761,1162383,Fe,4.2893,2013-01-01,0.0,0
6762,1621552,Facing El Chapo,6.0552,2026-08-21,0.0,0
6763,15906,Barbie and the Magic of Pegasus,5.4204,2005-10-04,7.234,777
6764,10017,The Wraith,5.2104,1986-10-01,6.382,525
6765,766319,Mariah Carey's Magical Christmas Special,6.7971,2020-12-03,6.2,72
6766,979588,Flat Belly Syndrome,4.8299,2022-06-02,0.0,0
6767,727731,Tea Picking Girl,4.6955,1924-01-01,0.0,0
6768,856169,前程万里,4.7872,1941-01-01,0.0,0
6769,42297,Burlesque,5.7307,2010-11-23,7.2,2391
6770,784130,The Night Belongs to Lovers,5.3879,2021-12-16,5.7,20
6771,427164,Zwischen Gebäuden,4.5451,1989-02-02,0.0,0
6772,1109086,War 2,4.9311,2025-08-13,6.072,69
6773,1014392,Swirling in the Dreams,4.525,2022-06-15,0.0,0
6774,1124340,Spring Awakening: Filmed Live on Astral Theater,4.7742,,0.0,0
6775,637534,The Stronghold,5.4263,2021-08-18,7.366,1429
6776,551528,Poramon 2,4.5712,2018-06-16,6.2,4
6777,354181,Les Misérables,4.6257,1987-01-01,7.5,2
6778,878348,A Busca do Eu e o Silêncio,4.9289,2021-09-09,10.0,1
6779,74387,Goon,5.1547,2012-01-06,6.428,1045
6780,1017412,The Toddler,4.2886,2021-09-07,0.0,0
6781,1492675,Sobre Nós,3.9762,2025-05-26,0.0,0
6782,306397,Hari Darshan,4.2473,1972-01-01,8.0,1
6783,9900,Grandma's Boy,5.7834,2006-01-06,6.517,760
6784,431400,Tristezas Não Pagam Dívidas,4.8643,1943-12-22,9.0,1
6785,1052531,Conquering Time – Ágnes Keleti,4.3846,2022-09-15,8.0,1
6786,1018525,Hitam & Putih,4.714,2017-04-13,0.0,0
6787,532259,Skull Fracture or 'Aren't You Rather Young to Be Writing Your Memoirs?',5.0664,2017-06-05,0.0,0
6788,1728395,Real One,3.8942,2025-10-10,0.0,0
6789,1623854,Outros Santos,3.839,2026-01-26,0.0,0
6790,1577259,Hozu Khan,4.7207,2025-11-01,0.0,0
6791,205345,Baker's Bread,7.2152,1977-02-25,5.2,5
6792,666666,Надоело умирать,5.3655,2020-02-03,0.0,0
6793,59515,Operational activities,4.9047,2007-01-01,0.0,0
6794,1251900,The Shrine,4.5672,2026-02-06,2.7,3
6795,12599,Pokémon the Movie 2000,5.5243,1999-07-17,6.8,951
6796,1094974,Take Cover,4.793,2024-10-04,6.334,214
6797,308504,Last Knights,5.8616,2015-04-03,6.382,1170
6798,21316,Leroy & Stitch,4.972,2006-06-23,6.534,614
6799,9942,Major League,5.1748,1989-02-16,6.893,894
6800,1727761,Aroosa,4.9697,1993-05-14,0.0,0
6801,330666,Foucault Against Himself,5.5053,2014-06-18,6.2,6
6802,2026,Hostage,5.1292,2005-03-09,6.357,1792
6803,10328,Cocoon,5.0863,1985-06-21,6.636,1432
6804,1002487,Enchanting Huangshan Mountain,4.8156,1986-01-01,8.0,1
6805,356609,COLD MOON,4.8154,2008-10-07,0.0,0
6806,996243,Dos y un Sueño,5.4183,2022-07-05,0.0,0
6807,504197,Mad Couple,4.6422,2014-01-01,0.0,0
6808,66284,Thai Veedu,3.8173,1983-04-14,4.0,1
6809,699965,Récits d'une jeunesse exilée - J'ai marché jusqu'à vous,5.1956,2016-10-17,10.0,1
6810,11675,Halloween H20: 20 Years Later,5.6754,1998-08-05,6.0,1827
6811,8978,Assault on Precinct 13,6.9188,2005-01-19,6.187,1221
6812,295693,The Boss Baby,5.171,2017-03-23,6.454,7521
6813,414049,Lucky,4.7208,2016-02-05,0.0,0
6814,35304,Miss Sweden,4.6239,2004-03-09,5.241,29
6815,11006,Smokey and the Bandit,4.9398,1977-05-27,7.0,822
6816,442512,First Love,5.013,2008-02-19,0.0,0
6817,2976,Hairspray,5.8289,2007-07-19,6.7,2646
6818,21506,Noroi: The Curse,4.8432,2005-08-20,6.87,443
6819,250060,Alcalde por elección,4.7384,1976-12-06,6.25,8
6820,250060,Alcalde por elección,4.7384,1976-12-06,6.25,8
6821,7007,Rising Sun,5.8108,1993-07-30,6.142,850
6822,10747,The Outlaw Josey Wales,4.0394,1976-06-30,7.452,1314
6823,925,Do the Right Thing,5.4305,1989-06-14,7.765,2027
6824,348964,Baby Phone,4.7815,2014-01-17,5.1,73
6825,2163,Breakdown,5.2192,1997-05-02,6.935,1130
6826,614406,Inhale-Exhale,4.7201,2019-06-15,8.5,3
6827,671074,My Wife's Lover 3,4.9029,2020-01-10,3.7,3
6828,531384,Project Gutenberg,4.5296,2018-09-30,7.18,142
6829,922334,Chanita's Kiss,4.6529,1974-09-16,0.0,0
6830,76599,Ville à vendre,5.8132,1992-02-26,5.2,5
6831,13398,Tokyo Godfathers,5.5422,2003-12-05,7.929,1539
6832,441282,Night Hunter,5.4426,2019-08-08,6.584,1090
6833,1509546,El limonero,4.1498,2019-05-01,0.0,0
6834,1730878,Ghost Hotel,4.9318,2026-07-03,0.0,0
6835,1734278,Penunggang Agama,4.4158,2021-01-01,0.0,0
6836,1617852,Speed Faster,5.1671,2026-01-23,7.1,8
6837,815997,Justicia Divina,4.342,2012-02-04,5.7,3
6838,847000,Capture,4.6506,1982-12-19,7.2,4
6839,846007,Без права на пощаду,4.9398,1970-10-15,7.5,2
6840,359882,Inquisición y libertad,5.0615,1982-01-01,5.0,1
6841,257590,Vacations on the Dead Street,4.6204,1978-08-24,9.5,2
6842,9550,House of Flying Daggers,5.5363,2004-07-16,7.269,1818
6843,873752,Echoes,4.6349,2020-11-26,0.0,0
6844,2926,The Three Musketeers,5.4462,1973-12-11,6.73,370
6845,471676,Arriba Michoacán,4.6548,1987-07-09,5.5,4
6846,423600,Julian,4.7136,,0.0,0
6847,983507,Good Boy,4.1973,2022-06-03,6.291,380
6848,397,French Kiss,6.0767,1995-05-05,6.5,809
6849,13283,Barbie as the Island Princess,6.3174,2007-09-17,7.266,782
6850,523917,Atlantis of the Russian North,4.8846,2015-06-30,0.0,0
6851,1076729,Murder in Winter Yalta,4.5186,2007-09-08,2.5,1
6852,1468417,First Moon,4.5122,2025-05-06,4.4,61
6853,479030,Hell '43,4.5344,1980-09-30,10.0,1
6854,1559234,Martín comes back,4.2156,2025-10-15,0.0,0
6855,435621,Temptation Summary,3.7756,1990-11-15,3.0,6
6856,8840,DragonHeart,5.5262,1996-05-31,6.565,2189
6857,904270,The Truth Close-Up,4.3555,1988-12-31,9.0,1
6858,9788,Accepted,5.3839,2006-08-18,6.5,1822
6859,605886,To Catch a Killer,5.6847,2023-04-06,6.85,1352
6860,8840,DragonHeart,5.5262,1996-05-31,6.565,2189
6861,904270,The Truth Close-Up,4.3555,1988-12-31,9.0,1
6862,9788,Accepted,5.3839,2006-08-18,6.5,1822
6863,605886,To Catch a Killer,5.6847,2023-04-06,6.85,1352
6864,335832,Boonie Bears: A Mystical Winter,4.3633,2015-01-30,7.7,15
6865,56288,Spy Kids: All the Time in the World,5.9834,2011-08-18,4.691,1070
6866,701952,My Girlfriend's Mother 2,4.604,2018-08-30,3.0,11
6867,1201055,Sexual Dynamite Heroine 06: Fighter of the Sun Leona,4.6596,2015-03-27,0.0,0
6868,1592952,Coded Hearts,4.1053,,0.0,0
6869,119892,The Monkey King,5.9355,2014-01-09,5.6,238
6870,1164345,At Least in the Movies 2,4.5354,2023-06-06,0.0,0
6871,12123,Chain Reaction,5.6602,1996-08-02,5.818,1225
6872,1722197,V4.04,4.7813,,0.0,0
6873,579583,The King of Staten Island,5.0928,2020-07-22,6.981,1155
6874,1463449,A Closure,4.7389,2025-04-28,0.0,0
6875,943786,Contre Braque,4.005,2022-02-01,0.0,0
6876,524247,The Intruder,5.6979,2019-05-03,6.053,631
6877,37786,Sex and the City 2,5.6508,2010-05-26,6.041,1748
6878,2193,My Tutor,4.7441,1983-03-04,5.1,83
6879,978,Seven Years in Tibet,6.3042,1997-09-12,7.169,3153
6880,1732390,Almafobiya,4.2553,2022-03-08,0.0,0
6881,482221,The Doll,4.683,2015-01-22,6.0,1
6882,948713,The Last Kingdom: Seven Kings Must Die,4.9583,2023-04-14,7.244,866
6883,1079346,5lbs of Pressure,4.7609,2024-03-08,5.869,65
6884,12919,Can't Buy Me Love,5.4338,1987-08-14,6.89,724
6885,1239203,Delfina,4.027,2022-01-01,0.0,0
6886,79518,Naked,4.4137,2006-06-28,5.273,11
6887,114596,"5 Incher, Almost a Skateboard Video",4.8207,2012-06-04,0.0,0
6888,8069,Barbarella,5.5062,1968-10-10,6.002,860
6889,749163,Luce & Me,4.7883,2020-10-04,6.5,2
6890,814699,Red Jungle,4.632,2022-06-22,5.667,6
6891,761167,Angry Lone Island,4.9025,1989-01-01,10.0,1
6892,310981,Mars in the Well,5.4652,2014-12-04,0.0,0
6893,53653,Prison on Fire,4.2335,1987-11-13,7.032,108
6894,8982,The Protector,6.4745,2005-08-11,7.1,950
6895,1396990,Спид Стар,4.3715,2024-12-04,0.0,0
6896,334673,XX: Beautiful Target,4.5961,1995-03-10,4.857,7
6897,1239251,Megamind vs. the Doom Syndicate,5.0536,2024-03-01,5.037,347
6898,963,The Maltese Falcon,5.2464,1941-10-18,7.699,1907
6899,1065460,To Fall,4.7407,2023-01-20,2.0,1
6900,1065460,To Fall,4.7407,2023-01-20,2.0,1
6901,6069,The Witches of Eastwick,5.836,1987-06-12,6.546,1584
6902,300673,The Finest Hours,5.6054,2016-01-27,6.597,1772
6903,12205,Dark Water,4.9458,2002-01-19,6.815,730
6904,11208,Wicker Park,5.425,2004-09-03,6.813,750
6905,1492608,John Candy: I Like Me,5.8345,2025-09-04,7.872,109
6906,230179,Big Game,5.9556,2014-09-05,5.493,1238
6907,280245,Pie,4.7923,2012-01-01,0.0,0
6908,507463,Ernakulam Junction,4.9079,1971-12-03,8.0,1
6909,52683,In All Innocence,5.074,1998-11-25,5.875,32
6910,34480,The Descent: Part 2,5.5483,2009-10-14,5.98,1350
6911,1239416,Sáng Đèn,4.1741,2024-03-24,7.0,1
6912,1165,The Queen,4.9938,2006-09-15,6.949,1444
6913,344602,Tendre piège,4.3485,1996-05-10,10.0,1
6914,64720,Take Shelter,5.2063,2011-09-30,7.058,2030
6915,366486,Two Lines,4.3416,2008-02-27,6.0,2
6916,914136,Bai Ivan: The Movie,4.8805,2021-11-12,6.25,4
6917,10623,Cradle 2 the Grave,5.8819,2003-02-28,6.118,1047
6918,11258,Hard Rain,5.6639,1998-01-16,5.878,817
6919,745787,Trigger,4.5053,2018-08-12,0.0,0
6920,1359607,Miss Kobayashi's Dragon Maid: A lonely dragon wants to be loved,4.6728,2025-06-27,8.917,72
6921,604868,Rescue,4.8247,2019-07-12,0.0,0
6922,1088226,Artem & Eva,4.5668,2023-03-07,7.375,20
6923,419114,Bed-Rella,5.6785,2016-09-22,8.5,4
6924,1429585,Blue Hour,4.2435,2027-03-10,0.0,0
6925,8740,The Vanishing,5.3839,1988-10-27,7.416,842
6926,11678,Vertical Limit,5.8372,2000-12-08,6.019,1187
6927,168153,The Secret of the Mountain,5.6842,1959-12-27,6.4,8
6928,744244,The March,4.5207,2020-09-17,0.0,0
6929,929039,Beacon Lamp,5.0155,1977-05-05,0.0,0
6930,1098927,Pobitro Bhalobasha,4.972,2018-10-05,0.0,0
6931,263109,Shaun the Sheep Movie,5.8913,2015-02-05,6.986,1536
6932,10715,Looney Tunes: Back in Action,5.5839,2003-11-14,6.365,1626
6933,14624,The Ultimate Gift,5.1134,2007-03-09,7.682,540
6934,1678248,X Factor,4.6929,2007-12-22,8.0,2
6935,165082,A Strange Marriage Part 2,4.47,1984-02-02,0.0,0
6936,713167,Zakura,4.5547,2020-11-04,0.0,0
6937,15720,The Man from Elysian Fields,5.0483,2001-09-13,5.886,66
6938,800939,Ticket to Paradise,6.0675,2022-09-08,6.413,1417
6939,51043,Loch Ness,4.0394,1996-08-23,5.684,128
6940,364721,Si Buta,4.391,1974-01-01,0.0,0
6941,465595,Sweet Sex,4.7622,2017-07-06,6.909,22
6942,1280018,Pozo ciego,4.1692,2007-01-01,6.0,1
6943,577,To Die For,5.6523,1995-09-22,6.584,903
6944,11601,Stir of Echoes,4.9884,1999-09-10,6.696,1374
6945,745943,Vouta,4.7594,2020-09-21,4.0,4
6946,1641780,Acesso Negado,4.0195,2026-02-26,0.0,0
6947,1643646,Clara.mem,4.1524,2017-07-22,0.0,0
6948,793200,Misión en Buenos Aires,4.7451,1954-02-03,10.0,1
6949,13459,Barbie in 'A Christmas Carol',5.7396,2008-11-03,7.2,589
6950,800815,The Pale Blue Eye,5.9488,2022-12-22,6.791,2221
6951,1360829,VIRGIN PUNK Clockwork Girl,6.1547,2025-06-27,7.971,35
6952,583083,The Kissing Booth 2,5.6894,2020-07-24,7.6,5157
6953,23966,Deadgirl,4.1758,2008-09-06,5.272,386
6954,823883,Aunt's Beauty Salon Closing Day,4.74,2021-02-04,5.4,5
6955,10012,Cursed,5.4166,2005-02-25,5.504,794
6956,1059128,Queer,5.0554,2024-11-27,6.53,547
6957,638535,Laughing Matters,4.6011,2019-10-10,8.0,1
6958,1044665,ACA 147: Vartanyan vs. Raisov,4.5349,2022-11-04,0.0,0
6959,919207,12.12: The Day,5.2226,2023-11-22,7.6,148
6960,10012,Cursed,5.4166,2005-02-25,5.51,795
6961,1059128,Queer,5.0554,2024-11-27,6.53,547
6962,638535,Laughing Matters,4.6011,2019-10-10,8.0,1
6963,1044665,ACA 147: Vartanyan vs. Raisov,4.5349,2022-11-04,0.0,0
6964,919207,12.12: The Day,5.2226,2023-11-22,7.6,148
6965,9416,Money Talks,5.4381,1997-08-22,6.003,435
6966,10413,Nowhere to Run,5.7738,1993-01-15,6.5,849
6967,17581,Naruto Shippuden the Movie: Bonds,4.7296,2008-08-02,7.319,526
6968,2116,Out of Time,5.7219,2003-10-03,6.37,1336
6969,378018,The Void,5.0135,2016-09-22,6.018,1463
6970,653131,Schoolmistress 2,4.2465,2018-12-18,7.3,3
6971,109410,42,5.4965,2013-04-12,7.206,1986
6972,11879,Near Dark,5.993,1987-10-02,6.8,897
6973,288414,I Like Sexy Women,4.3758,2014-07-09,5.5,2
6974,13466,October Sky,5.7544,1999-02-19,7.678,1460
6975,312791,GirlHouse,5.0956,2014-10-16,5.959,327
6976,5289,Chaos,5.6061,2005-01-17,6.315,1168
6977,1006765,张铁匠的罗曼史,4.6466,1982-12-01,0.0,0
6978,1589713,Dance of the Damned,4.8179,2026-05-27,8.0,4
6979,10711,French Connection II,4.044,1975-05-18,6.781,481
6980,133400,Time,4.5853,1986-11-02,6.0,5
6981,700199,Mom's Friend 4,4.6534,2018-01-08,6.1,7
6982,904661,The Fox and the Ouzel,4.3654,1982-01-01,0.0,0
6983,9425,Soldier,5.1576,1998-10-23,6.414,977
6984,916192,"The Tunnel to Summer, the Exit of Goodbyes",5.0141,2022-09-09,7.729,291
6985,1591669,Little Death,3.9874,,10.0,1
6986,429464,A Really Crazy Wednesday,5.2067,2016-12-16,0.0,0
6987,1319965,All of You,4.7481,2025-09-26,6.327,165
6988,47423,Once a Thief,4.7202,1991-02-02,6.845,184
6989,534179,Mother's Friends,4.3272,2017-05-01,5.7,6
6990,263744,Sarvadhikari,4.7426,1951-09-14,10.0,1
6991,274957,Teri Yaad,4.7107,1948-08-07,8.5,2
6992,1313230,Cidade Desgraça,3.8624,,0.0,0
6993,339967,Colossal,4.683,2017-04-06,6.279,2308
6994,879750,Behind The Face,4.7779,2016-05-13,0.0,0
6995,1673393,Krishnavataram Part 1: The Heart (Hridayam),4.4139,2026-05-07,9.0,6
6996,533009,Once Upon a Time,4.6625,1967-01-01,0.0,0
6997,20770,But I'm a Cheerleader,5.2257,2000-07-07,7.1,861
6998,787448,Senen Raja,3.9803,1954-11-04,0.0,0
6999,630358,From Now On,4.8339,2016-01-01,5.0,2
7000,236679,Vocação do Poder,4.7403,2005-03-31,10.0,1
7001,10246,Porky's,4.9039,1981-11-13,6.407,980
7002,108747,Love and Crime,4.3897,1969-08-27,7.2,10
7003,9381,Babylon A.D.,5.4454,2008-08-20,5.667,2290
7004,49526,Premium Rush,5.5957,2012-08-24,6.361,2353
7005,417830,Diary of a Wimpy Kid: The Long Haul,5.2782,2017-05-19,5.3,539
7006,1617133,Solitaire,4.0881,2026-07-04,0.0,0
7007,24614,Legend of the Sacred Stone,4.7144,2000-01-22,7.3,3
7008,347969,The Ridiculous 6,5.1008,2015-12-11,5.226,1551
7009,602713,Fury,4.6202,1966-02-14,8.0,2
7010,394591,Nos parecía importante,4.9286,2016-09-30,5.0,3
7011,38322,"Big Mommas: Like Father, Like Son",5.9334,2011-02-16,5.545,1318
7012,800409,Zarnitsa,4.9142,2021-04-26,5.2,14
7013,962,The Gold Rush,5.613,1925-07-13,7.967,1863
7014,188329,There's Only One Girl in the World,4.9906,1930-05-12,5.4,5
7015,118632,Ghatak,3.8669,1996-11-08,7.556,18
7016,1734176,Sitik Tok,3.9899,2021-01-01,0.0,0
7017,17101,Bleach the Movie: The DiamondDust Rebellion,4.8953,2007-12-22,6.793,198
7018,639815,And So He Opens His Eyes,4.8728,2019-09-28,6.0,1
7019,369471,The Unspoiled Diamond,4.8991,1982-05-15,4.286,7
7020,1657907,Black Dove,4.7932,2026-04-30,0.0,0
7021,1042550,Our Uncle Pedro,4.658,2021-06-01,0.0,0
7022,24150,Halloween II,6.1267,2009-08-28,5.313,1556
7023,855712,孤岛春秋,4.8078,1941-01-01,0.0,0
7024,875357,Ultimate Wife,5.0491,1997-08-01,2.0,2
7025,591538,The Tragedy of Macbeth,6.3283,2021-12-05,6.918,887
7026,12090,Just Married,5.9219,2003-01-08,5.773,1475
7027,1566269,The First Snow of Fraggle Rock,4.9345,2025-12-04,7.0,13
7028,82682,Gangster Squad,5.9707,2013-01-09,6.38,4288
7029,15577,Crossing Over,5.8352,2009-02-10,6.1,414
7030,15357,District 13: Ultimatum,5.5629,2009-02-18,6.401,1296
7031,5143,Hannah and Her Sisters,4.8801,1986-02-07,7.463,1187
7032,12149,Frailty,4.8193,2002-04-12,6.947,1362
7033,458594,Peppermint,4.8335,2018-09-06,6.736,2266
7034,1020991,Killing Myself,4.1808,2022-09-22,4.0,1
7035,8850,The Shadow,5.7066,1994-07-01,6.058,575
7036,1003733,Assassination In Harbin,5.1072,1985-08-01,0.0,0
7037,359273,Contigo y aquí,4.4008,1974-09-04,8.0,1
7038,1029884,Basiyat,4.6473,2020-10-31,0.0,0
7039,1001311,Under Paris,5.3502,2024-06-04,5.926,1433
7040,1003733,Assassination In Harbin,5.1072,1985-08-01,0.0,0
7041,359273,Contigo y aquí,4.4008,1974-09-04,8.0,1
7042,1029884,Basiyat,4.6473,2020-10-31,0.0,0
7043,1001311,Under Paris,5.3502,2024-06-04,5.926,1433
7044,328528,Holiday in Britain,4.7514,1975-03-03,6.25,4
7045,1118615,Credit,4.5541,2023-04-22,4.0,1
7046,567646,Extreme Job,4.9076,2019-01-23,7.164,359
7047,345914,The House,6.0634,2017-06-29,5.634,989
7048,910390,Lived and Drank,4.325,1985-01-01,0.0,0
7049,1175176,The Flesh,4.3776,2024-01-01,0.0,0
7050,342918,Командировка,4.5609,2009-03-26,0.0,0
7051,32856,Valentine's Day,5.5654,2010-02-10,5.929,3193
7052,682052,Offline Valley,4.1832,2018-01-12,7.0,1
7053,502235,Purpose of Reunion 3,4.1634,2018-02-20,5.583,12
7054,1734242,Potong Raya,4.2833,2021-01-01,0.0,0
7055,1379486,Victorian Psycho,4.7605,2026-09-24,0.0,0
7056,51429,Female Yakuza Tale,4.3327,1973-06-06,6.1,40
7057,8874,My Best Friend's Wedding,5.7174,1997-06-19,6.564,2919
7058,353929,Egorka,4.448,1984-12-23,8.667,3
7059,305632,Muß man sich gleich scheiden lassen,5.1891,1933-10-09,7.0,1
7060,15515,The 7th Voyage of Sinbad,5.9629,1958-12-05,6.9,326
7061,437542,I Don't Like Younger Men,4.4761,2017-01-19,4.2,4
7062,189486,Katka's Reinette Apples,4.9654,1926-12-24,5.6,10
7063,37933,Tales from Earthsea,5.5347,2006-07-29,6.529,1513
7064,129000,The Apolitical Man,4.3616,1977-05-02,4.333,6
7065,13019,Young People Fucking,4.5587,2007-09-05,5.827,243
7066,378,Raising Arizona,5.5796,1987-03-13,7.054,2372
7067,9272,The Good Son,6.3362,1993-09-24,6.788,1061
7068,165081,A Strange Marriage Part 1,4.921,1984-02-01,0.0,0
7069,376865,High Life,5.3294,2018-09-26,5.715,1244
7070,12102,Kramer vs. Kramer,5.8066,1979-12-07,7.566,2499
7071,445703,Aryamala,4.8014,1941-03-08,0.0,0
7072,1064307,Spermageddon,5.4823,2024-12-28,6.5,135
7073,208134,Jackass Presents: Bad Grandpa,5.6306,2013-10-22,6.169,1716
7074,509635,Alone,5.2314,2020-09-10,6.363,873
7075,1576198,Madulas,5.182,2025-11-14,4.0,1
7076,41210,The Switch,6.1374,2010-08-20,6.23,2057
7077,334775,On the Sideline,4.5931,1976-04-06,8.0,2
7078,347031,Swiss Army Man,4.5584,2016-06-24,6.916,3858
7079,327331,The Dirt,4.6544,2019-03-18,7.434,1341
7080,334775,On the Sideline,4.5931,1976-04-06,8.0,2
7081,347031,Swiss Army Man,4.5584,2016-06-24,6.916,3859
7082,327331,The Dirt,4.6544,2019-03-18,7.434,1341
7083,63492,What's Your Number?,5.4567,2011-09-30,6.463,2449
7084,1734675,Teratai Kemboja,4.3625,2018-01-01,0.0,0
7085,1013052,U Are the Universe,4.7603,2025-04-24,7.622,78
7086,151026,How to Seduce Your Teacher,4.3407,1979-08-09,5.157,51
7087,1216663,Mau Retiro,3.5939,2022-12-10,0.0,0
7088,1717118,Le miracle,4.2838,2026-07-04,0.0,0
7089,1036864,JK Slayer Yaksa,4.5427,2013-07-26,3.0,1
7090,1687625,Billeting,3.7361,1938-11-02,0.0,0
7091,11545,Rushmore,4.4897,1998-12-11,7.396,2765
7092,44040,Devil,5.5659,2010-09-16,6.103,3149
7093,1381071,Godzilla Minus Zero,5.1077,2026-11-03,0.0,0
7094,555645,Caecitas,4.5106,2017-11-02,0.0,0
7095,453017,Presos del silencio,4.8453,2004-10-01,7.5,2
7096,1523662,Victoria's Silver,3.9143,2025-08-15,6.0,5
7097,11708,Chitty Chitty Bang Bang,5.1264,1968-12-17,6.829,753
7098,1735152,Kerana Anisa,4.0109,2016-01-01,0.0,0
7099,10632,The Hunted,5.3746,2003-03-11,6.174,937
7100,956491,Facies,4.2774,2022-04-14,7.2,5
7101,8066,Stay,5.1419,2005-09-24,6.6,1548
7102,837390,The Well,4.8097,2019-11-19,0.0,0
7103,10651,The Dead Pool,5.2259,1988-07-13,6.3,961
7104,518493,The Song of the Tree,4.7105,2018-03-01,5.3,11
7105,1121881,Love You Anyway,3.9835,2017-09-08,0.0,0
7106,1497841,Carmen Mía,4.013,2018-01-01,0.0,0
7107,18126,Hannah Montana: The Movie,5.6437,2009-04-10,6.585,2117
7108,1175174,Fackham Hall,5.0013,2025-12-05,6.679,187
7109,402578,The Coop,4.3055,2015-04-16,5.0,6
7110,488515,The Execution,5.0546,2014-05-23,6.5,4
7111,572640,Sanctorum,4.8475,2019-09-07,5.4,8
7112,820446,Downton Abbey: A New Era,5.1428,2022-04-27,7.208,624
7113,338947,Hellraiser,5.455,2022-09-28,6.21,1064
7114,893168,Summer House,4.8083,1992-01-31,0.0,0
7115,10027,Unleashed,5.342,2005-02-02,6.947,2223
7116,19405,Recess: School's Out,4.0987,2001-02-16,6.582,378
7117,870324,Lifelines,4.8197,2023-01-21,0.0,0
7118,672741,Till Death,5.7808,2021-07-02,6.688,980
7119,4543,Monty Python's The Meaning of Life,5.4476,1983-03-31,7.301,2138
7120,870324,Lifelines,4.8197,2023-01-21,0.0,0
7121,672741,Till Death,5.7808,2021-07-02,6.688,980
7122,4543,Monty Python's The Meaning of Life,5.4476,1983-03-31,7.301,2138
7123,12657,Soul Plane,5.414,2004-05-28,5.496,513
7124,343797,Domino,4.568,1973-01-01,6.5,2
7125,787478,The Jade Hairpin,5.2748,1962-01-01,0.0,0
7126,300592,Baptism,4.263,1968-04-01,9.0,1
7127,462181,Palm Swings,4.3689,2017-10-03,5.934,61
7128,11165,Tora! Tora! Tora!,5.2783,1970-01-26,7.2,609
7129,1483926,Mal viaje,4.3328,2024-12-16,0.0,0
7130,14003,Fullmetal Alchemist the Movie: Conqueror of Shamballa,4.5709,2005-07-21,7.339,412
7131,829733,Národ sobě,4.6619,1948-01-01,0.0,0
7132,355830,Gala-Suit,4.7437,1949-08-23,7.0,1
7133,325821,The Green Van,4.7329,1959-12-19,7.8,6
7134,99425,Karungali,4.7565,2011-07-29,7.0,1
7135,383962,Blue Dress,5.054,2017-05-31,4.5,1
7136,335047,Border Dog Scarlet,4.5033,1979-05-04,5.3,3
7137,578908,Bad Trip,5.2339,2021-03-25,6.106,597
7138,1318188,Silent Hue,3.8818,2024-12-06,0.0,0
7139,472451,Boy Erased,5.895,2018-09-24,6.977,1501
7140,271443,Les guérisseurs,4.6177,1988-01-02,8.0,1
7141,9912,The World's Fastest Indian,5.488,2005-10-12,7.682,906
7142,1092,The Third Man,5.6129,1949-08-31,7.89,2142
7143,454266,Essay on Grandfather,4.8707,1987-04-25,6.0,1
7144,860321,Mistake of Perspiration,4.6053,2019-05-06,0.0,0
7145,339476,Particulier à particulier,4.7228,2014-03-20,5.2,2
7146,896536,The Legend of Ochi,4.7326,2025-04-18,6.143,329
7147,10366,Universal Soldier: The Return,4.7564,1999-08-05,5.9,1360
7148,41961,Little Vera,4.4967,1988-10-01,5.935,54
7149,1099639,The Temptation of the Mature 50s Mother-in-law,4.2531,2023-02-03,7.4,7
7150,14262,Desperate Living,5.0319,1977-05-27,6.347,121
7151,2124,Color of Night,5.462,1994-08-19,5.768,637
7152,242512,Ouija,5.4619,2014-10-24,5.135,2800
7153,300520,At Midnight,4.5516,1957-12-25,7.0,1
7154,463653,Boys from Liv Island,4.7557,1969-06-27,0.0,0
7155,1558001,Sleepless night,3.8019,,0.0,0
7156,1191363,Es Gourmet,4.283,2023-11-23,0.0,0
7157,463957,Vorgon's Lonesome Raid,4.8466,2010-01-01,0.0,0
7158,1100427,School Master,4.9327,1985-12-13,0.0,0
7159,1501018,A Family of Bastards,4.2678,2026-06-12,5.468,62
7160,1061798,Jim Queen,5.3792,2026-06-17,7.919,74
7161,455005,The Field,4.6506,2019-09-24,5.0,12
7162,339259,The Man with the Iron Heart,5.1489,2017-05-25,6.549,826
7163,938092,Call Center Accepts Everything,4.1587,2021-10-05,5.0,3
7164,1090737,Portraitist,4.3664,2019-07-23,0.0,0
7165,10019,Mannequin,4.923,1987-02-13,6.88,839
7166,1457515,Air Force Elite: Thunderbirds,4.0191,2025-05-22,7.0,44
7167,760937,God On The Balcony,4.6024,2021-01-17,0.0,0
7168,479625,Hyperconnectés : le cerveau en surcharge,4.9807,2016-09-04,10.0,1
7169,1732458,Angah,4.2032,2022-01-01,0.0,0
7170,468949,Cat Killer Silver,4.7552,1989-04-01,6.3,3
7171,940139,Here,4.8102,2024-10-30,6.488,696
7172,1429801,Hotel Chanchada,4.0665,,0.0,0
7173,824369,Bhai Bhai,4.56,1956-07-21,8.0,1
7174,641934,Am I OK?,5.29,2024-06-06,6.354,353
7175,868899,Czech paradise,4.6859,1954-01-01,0.0,0
7176,482040,Mom's Friend 3,4.7967,2017-03-30,5.2,5
7177,384682,Office Christmas Party,4.909,2016-11-25,5.718,2240
7178,744301,The Atmosphere Station,4.5194,2020-09-17,0.0,0
7179,854663,"Blood Type O, Watermelon Chest Housekeeper",5.0297,2021-01-08,6.412,17
7180,969681,Spider-Man: Brand New Day,2011.4042,2026-07-28,7.989,843
7181,1368337,The Odyssey,1053.6131,2026-07-15,7.95,2147
7182,1081003,Supergirl,497.4835,2026-06-24,6.739,1491
7183,634649,Spider-Man: No Way Home,487.6625,2021-12-15,7.935,22449
7184,454639,Masters of the Universe,393.722,2026-06-03,7.274,1544
7185,1275779,Disclosure Day,394.3346,2026-06-10,7.426,2319
7186,1339713,Obsession,364.8722,2026-05-13,8.248,4184
7187,1284465,The Death of Robin Hood,332.9399,2026-06-18,6.497,150
7188,1108427,Moana,301.0393,2026-07-08,5.83,165
7189,1084244,Toy Story 5,316.2019,2026-06-17,7.417,750
7190,1481343,The Devil's Mouth,302.2541,2026-07-29,6.617,402
7191,1315772,Minions & Monsters,275.5266,2026-06-24,6.4,253
7192,980431,Avatar Aang: The Last Airbender,254.4263,2026-07-24,9.311,640
7193,1083381,Backrooms,258.4743,2026-05-27,7.096,2475
7194,1375646,Colony,210.7822,2026-05-21,8.08,388
7195,1311031,Demon Slayer: Kimetsu no Yaiba Infinity Castle,195.3807,2025-07-18,8.602,1589
7196,1698863,The Odyssey,239.0727,2026-07-03,5.75,8
7197,1564614,Leviticus,194.878,2026-06-17,6.152,102
7198,1273221,Scary Movie,182.9806,2026-06-03,6.492,1420
7199,557,Spider-Man,188.8814,2002-05-01,7.339,21000
7200,1727780,Borderline,163.4223,2026-07-17,6.45,10
7201,1273221,Scary Movie,182.9806,2026-06-03,6.5,1422
7202,315635,Spider-Man: Homecoming,180.7367,2017-07-05,7.331,23466
7203,687163,Project Hail Mary,162.7023,2026-03-15,8.658,6748
7204,1314481,The Devil Wears Prada 2,154.8675,2026-04-29,7.104,1889
7205,1110034,Kraken,155.2919,2026-02-06,6.3,258
7206,1698856,Master of the Universe,124.9473,2026-05-22,4.763,40
7207,47612,Au Bonheur des Dames,165.8721,1930-07-03,6.3,36
7208,1523145,Your Heart Will Be Broken,126.2544,2026-03-26,7.046,120
7209,1127384,Deep Water,109.7525,2026-04-30,7.194,348
7210,1285366,Shape of My Heart,133.9328,2024-07-06,6.25,4
7211,1228710,The Mandalorian and Grogu,109.9912,2026-05-20,7.426,1107
7212,1510795,"Shake, Rattle & Roll: Evil Origins",124.7969,2026-06-05,3.0,4
7213,1668364,Desire,112.7246,2026-05-07,6.802,179
7214,429617,Spider-Man: Far From Home,114.0726,2019-06-28,7.395,17244
7215,82976,The Novices,160.7638,1970-04-01,4.769,13
7216,936075,Michael,108.7248,2026-04-22,8.697,3844
7217,949838,72 HOURS,103.2815,2026-07-20,6.799,256
7218,151024,The Soldier with Great Maneuvers,87.3865,1978-12-07,4.904,47
7219,1280738,The Furious,106.3439,2026-06-10,7.3,285
7220,931285,Mortal Kombat II,99.5231,2026-05-06,7.908,2257
7221,1226863,The Super Mario Galaxy Movie,97.121,2026-04-01,8.262,3341
7222,83533,Avatar: Fire and Ash,95.5319,2025-12-17,7.636,4031
7223,1469342,Her Private Hell,85.3193,2026-07-23,5.0,26
7224,1569947,The Priest: Thanksgiving Massacre,99.0936,2025-08-08,3.652,23
7225,1430698,The Bay,86.0255,2026-07-02,6.5,17
7226,1728704,Siping,94.488,2026-07-10,2.833,3
7227,1307118,Soulm8te,89.4643,2026-07-31,6.284,37
7228,1656061,Immortal Combat,85.9357,2026-04-24,4.853,17
7229,1304313,Lee Cronin's The Mummy,79.4601,2026-04-15,7.942,2430
7230,1382832,Hungry,77.0561,2026-06-03,7.231,195
7231,1516698,The Last Sunrise,81.8402,2026-08-26,0.0,0
7232,329505,Lola's Secret,81.8299,1984-05-04,7.049,71
7233,1930,The Amazing Spider-Man,82.4019,2012-06-23,6.7,18778
7234,299536,Avengers: Infinity War,83.8358,2018-04-25,8.24,32452
7235,1439930,The Punisher: One Last Kill,80.6808,2026-05-12,8.301,1982
7236,1318621,Descendants: Wicked Wonderland,71.0492,2026-07-16,7.6,137
7237,102382,The Amazing Spider-Man 2,79.6107,2014-04-16,6.5,14467
7238,1487861,Elize: Shadows of a Woman,78.0859,2026-07-22,7.387,119
7239,278,The Shawshank Redemption,73.9571,1994-09-23,8.727,30924
7240,1631506,The Hanged Woman,65.5772,2026-04-22,5.519,27
7241,157336,Interstellar,75.6661,2014-11-05,8.484,40590
7242,24428,The Avengers,73.4975,2012-04-25,8.062,39012
7243,559,Spider-Man 3,72.0186,2007-05-01,6.469,15453
7244,1290821,Shelter,70.4563,2026-01-28,7.771,1630
7245,1007757,Swapped,65.4377,2026-05-01,8.893,2049
7246,1003596,Avengers: Doomsday,65.0052,2026-12-16,0.0,0
7247,755898,War of the Worlds,68.843,2025-07-29,4.076,1056
7248,1327819,Hoppers,67.0007,2026-03-04,8.185,2092
7249,652,Troy,62.816,2004-05-13,7.183,11300
7250,324857,Spider-Man: Into the Spider-Verse,70.6052,2018-12-06,8.394,17533
7251,569094,Spider-Man: Across the Spider-Verse,64.3963,2023-05-31,8.34,8900
7252,44980,Zero Woman 2,77.8176,1995-09-05,5.0,8
7253,1413976,Citizen Vigilante,56.341,2026-06-19,6.32,300
7254,656908,Ramayana,60.1384,2026-11-08,0.0,0
7255,1234821,Jurassic World Rebirth,59.5917,2025-06-23,6.273,3598
7256,1084242,Zootopia 2,63.1069,2025-11-26,7.68,3194
7257,155,The Dark Knight,60.8267,2008-07-16,8.534,36267
7258,238,The Godfather,62.3851,1972-03-14,8.686,23261
7259,822119,Captain America: Brave New World,60.3616,2025-02-12,5.961,3232
7260,27205,Inception,59.7278,2010-07-15,8.372,39740
7261,976912,Graphic Desires,53.1809,2023-08-31,7.074,135
7262,1301421,The Sheep Detectives,55.6172,2026-04-30,7.921,1301
7263,1419406,The Shadow's Edge,55.8319,2025-08-16,7.9,1058
7264,271110,Captain America: Civil War,56.9967,2016-04-27,7.45,24264
7265,1122573,In the Grey,54.3417,2026-05-13,7.556,644
7266,617126,The Fantastic 4: First Steps,55.5106,2025-07-23,6.957,3608
7267,1318447,Apex,52.1894,2026-04-24,6.877,1762
7268,550,Fight Club,54.9333,1999-10-15,8.437,32518
7269,286217,The Martian,50.4245,2015-09-30,7.705,21549
7270,872585,Oppenheimer,53.9747,2023-07-19,8.024,12145
7271,599335,OK! Madam,48.6735,2020-08-12,7.1,56
7272,122,The Lord of the Rings: The Return of the King,54.2284,2003-12-17,8.502,26986
7273,1307247,OK! Madam: Bon Voyage,51.4879,2026-08-12,0.0,0
7274,671,Harry Potter and the Philosopher's Stone,51.4933,2001-11-16,7.901,29918
7275,533535,Deadpool & Wolverine,50.3144,2024-07-24,7.583,9063
7276,840464,Greenland 2: Migration,50.358,2026-01-07,6.429,1414
7277,1368314,Passenger,44.8123,2026-05-20,7.311,673
7278,532794,Sex Plate 17,47.1536,2017-11-13,5.786,14
7279,98894,Jessica,47.8028,1962-04-19,4.294,17
7280,68718,Django Unchained,42.8873,2012-12-25,8.193,28319
7281,1567187,A Mother's Recall,43.0969,2025-10-21,5.0,1
7282,862,Toy Story,49.4793,1995-11-22,7.984,20258
7283,1305672,I Know Who You Are,47.7496,2026-06-19,6.2,5
7284,1101412,Fall 2: Deadpoint,49.1113,2026-09-02,0.0,0
7285,603,The Matrix,48.6068,1999-03-31,8.253,28333
7286,19995,Avatar,41.1466,2009-12-16,7.61,34360
7287,1726,Iron Man,48.4453,2008-04-30,7.7,28443
7288,1599191,仙逆剧场版 弑仙之战,53.746,,0.0,0
7289,391312,Mourning Wife,50.406,2001-09-28,3.0,4
7290,1325734,The Drama,48.8726,2026-04-01,6.904,1454
7291,1337148,Aisha Can't Fly Away,41.0189,2025-05-20,5.5,4
7292,1061474,Superman,45.695,2025-07-09,7.323,5184
7293,299534,Avengers: Endgame,48.872,2019-04-24,8.239,28186
7294,1212763,Evil Dead Burn,43.8004,2026-07-07,6.8,226
7295,986056,Thunderbolts*,48.324,2025-04-30,7.295,3783
7296,1241982,Moana 2,44.6861,2024-11-21,6.987,3192
7297,1368166,The Housemaid,41.4337,2025-12-18,7.269,2788
7298,11,Star Wars,44.0799,1977-05-25,8.206,22589
7299,120,The Lord of the Rings: The Fellowship of the Ring,46.8713,2001-12-18,8.44,27991
7300,1212763,Evil Dead Burn,43.8004,2026-07-07,6.8,226
7301,1265609,War Machine,43.5051,2026-02-12,7.44,2216
7302,99861,Avengers: Age of Ultron,44.4862,2015-04-22,7.276,24712
7303,5721,Vixen!,41.3936,1968-10-15,5.529,105
7304,1361774,The Dink,35.5916,2026-07-23,6.265,83
7305,350,The Devil Wears Prada,41.6951,2006-06-29,7.44,14012
7306,385687,Fast X,42.3562,2023-05-17,7.0,6417
7307,1272837,28 Years Later: The Bone Temple,41.9341,2026-01-14,7.11,1534
7308,1305781,Blades of the Guardians,42.2152,2026-02-17,7.988,170
7309,680,Pulp Fiction,42.8223,1994-09-10,8.5,30551
7310,496243,Parasite,42.3945,2019-05-30,8.489,20996
7311,233604,Women Hell Song,44.399,1970-12-01,4.9,8
7312,1235877,Jana Nayagan,39.256,2026-07-22,5.4,9
7313,1297842,GOAT,41.771,2026-02-11,8.105,951
7314,14836,Coraline,39.952,2009-02-05,7.923,9214
7315,597,Titanic,39.7146,1997-12-18,7.901,27464
7316,1491920,Kung Fu Soccer,39.764,2026-07-11,6.2,17
7317,121,The Lord of the Rings: The Two Towers,41.5668,2002-12-18,8.425,24260
7318,10681,WALL·E,36.3037,2008-06-26,8.118,20577
7319,98,Gladiator,41.7382,2000-05-04,8.23,21191
7320,911430,F1,37.8664,2025-06-25,7.814,4372
7321,687259,Ghost Stories,36.9463,1982-01-01,6.2,2
7322,1723013,Hibla 2,39.1172,2026-06-30,3.0,1
7323,453395,Doctor Strange in the Multiverse of Madness,40.1634,2022-05-04,7.232,10560
7324,1198994,Send Help,35.3007,2026-01-22,7.043,2074
7325,1233413,Sinners,36.4,2025-04-16,7.5,4908
7326,361743,Top Gun: Maverick,39.934,2022-05-21,8.158,11271
7327,1380291,Tom Clancy's Jack Ryan: Ghost War,38.3041,2026-05-20,6.959,710
7328,1659155,The Truthers,33.6186,2026-07-24,5.965,57
7329,200066,The Sparrow's Fluttering,46.4539,1988-01-01,4.2,12
7330,1242898,Predator: Badlands,37.2378,2025-11-05,7.825,3422
7331,558,Spider-Man 2,37.2842,2004-06-25,7.32,16607
7332,448772,A Great Love,37.479,1995-01-01,5.0,5
7333,572802,Aquaman and the Lost Kingdom,35.8734,2023-12-20,6.51,3593
7334,1010581,My Fault,36.8291,2023-06-08,7.731,4151
7335,1171145,Crime 101,38.3094,2026-02-11,7.015,1235
7336,438631,Dune,36.0058,2021-09-15,7.784,15226
7337,1101383,The End of Oak Street,36.4112,2026-08-12,0.0,0
7338,1159559,Scream 7,36.272,2026-02-25,6.232,1198
7339,1321008,Black Box,33.1182,2026-06-25,6.241,54
7340,693134,Dune: Part Two,37.6051,2024-02-27,8.13,8286
7341,1595852,Boulevard,34.0893,2026-04-10,7.475,157
7342,177572,Big Hero 6,31.4714,2014-10-24,7.726,16758
7343,672,Harry Potter and the Chamber of Secrets,37.8972,2002-11-13,7.707,23833
7344,674,Harry Potter and the Goblet of Fire,37.0502,2005-11-16,7.802,22413
7345,614945,Voicemails for Isabelle,34.8813,2026-06-20,8.363,735
7346,497,The Green Mile,36.1336,1999-12-10,8.506,19542
7347,1087192,How to Train Your Dragon,35.4872,2025-06-06,7.929,3008
7348,13,Forrest Gump,37.1008,1994-06-23,8.464,30114
7349,12445,Harry Potter and the Deathly Hallows: Part 2,37.08,2011-07-12,8.081,22211
7350,1443894,Forgive Us All,29.5193,2025-05-08,5.694,54
7351,414906,The Batman,38.1925,2022-03-01,7.664,12236
7352,1301310,Zombies of the Third Reich,31.7409,2025-06-10,4.1,5
7353,933260,The Substance,33.8203,2024-09-07,7.13,6259
7354,1184918,The Wild Robot,41.8019,2024-09-12,8.311,6366
7355,863,Toy Story 2,36.0552,1999-10-30,7.618,15160
7356,502356,The Super Mario Bros. Movie,34.7376,2023-04-05,7.6,10964
7357,950396,The Gorge,35.949,2025-02-13,7.7,4014
7358,89657,Country Hooker,30.6621,1974-10-04,4.2,6
7359,673,Harry Potter and the Prisoner of Azkaban,35.7786,2004-05-31,8.01,23402
7360,673,Harry Potter and the Prisoner of Azkaban,35.7786,2004-05-31,8.01,23403
7361,240,The Godfather Part II,35.9794,1974-12-20,8.57,14116
7362,1306368,The Rip,36.5451,2026-01-13,7.086,1811
7363,284053,Thor: Ragnarok,34.8413,2017-10-02,7.582,22234
7364,585,"Monsters, Inc.",35.1859,2001-11-01,7.856,20026
7365,12444,Harry Potter and the Deathly Hallows: Part 1,35.08,2010-11-17,7.734,20592
7366,216919,Deseo,32.7905,2013-09-13,6.546,271
7367,49026,The Dark Knight Rises,32.1221,2012-07-17,7.797,24642
7368,244786,Whiplash,33.5903,2014-10-10,8.375,16868
7369,574475,Final Destination Bloodlines,34.1109,2025-05-14,7.033,3001
7370,272093,Maddalena,26.5332,1971-11-19,5.4,15
7371,105,Back to the Future,35.2547,1985-07-03,8.328,22085
7372,129,Spirited Away,32.2022,2001-07-20,8.534,18623
7373,952079,Invited Delivery Man 2,33.2428,2022-03-11,7.0,1
7374,1430077,Hokum,30.725,2026-04-29,6.938,640
7375,76600,Avatar: The Way of Water,33.2096,2022-12-14,7.6,14442
7376,122917,The Hobbit: The Battle of the Five Armies,34.9529,2014-12-10,7.339,15556
7377,354912,Coco,33.257,2017-10-27,8.198,21199
7378,1279493,The Get Out,31.2828,2026-06-18,6.4,50
7379,260514,Cars 3,33.7276,2017-06-15,6.864,6492
7380,10193,Toy Story 3,34.6526,2010-06-16,7.813,16002
7381,8587,The Lion King,35.4759,1994-06-15,8.253,19919
7382,12,Finding Nemo,35.5124,2003-05-30,7.821,20754
7383,1288341,Seven Snipers,29.3267,2026-04-30,6.031,96
7384,335984,Blade Runner 2049,30.5047,2017-10-04,7.599,15401
7385,767,Harry Potter and the Half-Blood Prince,32.3766,2009-07-15,7.682,21000
7386,2062,Ratatouille,32.4428,2007-06-28,7.845,18714
7387,1218925,Chainsaw Man - The Movie: Reze Arc,31.6542,2025-09-19,8.5,1072
7388,76341,Mad Max: Fury Road,31.4941,2015-05-13,7.636,24332
7389,526024,Boy Undone,31.2146,2017-05-31,4.75,20
7390,1124,The Prestige,31.7177,2006-10-19,8.211,17854
7391,447365,Guardians of the Galaxy Vol. 3,34.7053,2023-05-03,7.931,8569
7392,694,The Shining,31.2235,1980-05-23,8.201,19145
7393,284054,Black Panther,30.4586,2018-02-13,7.364,23706
7394,10195,Thor,31.063,2011-04-21,6.771,22550
7395,798645,The Running Man,30.9479,2025-11-11,6.755,1812
7396,564,The Mummy,30.8104,1999-04-16,6.989,10218
7397,218,The Terminator,30.5931,1984-10-26,7.686,14852
7398,950387,A Minecraft Movie,30.1359,2025-03-31,6.245,3169
7399,489,Good Will Hunting,31.9613,1997-12-05,8.163,14071
7400,1168190,The Wrecking Crew,31.9317,2026-01-28,7.076,1184
7401,22,Pirates of the Caribbean: The Curse of the Black Pearl,31.3572,2003-07-09,7.832,22522
7402,807,Se7en,31.2888,1995-09-22,8.381,23444
7403,1422,The Departed,31.4019,2006-10-04,8.159,16426
7404,68721,Iron Man 3,32.0065,2013-04-18,6.933,23639
7405,11036,The Notebook,30.4766,2004-06-25,7.891,12711
7406,552524,Lilo & Stitch,33.2161,2025-05-17,7.193,2228
7407,1531018,Hot Night,27.9299,2025-08-29,7.0,3
7408,1266127,Ready or Not: Here I Come,29.0328,2026-03-19,7.604,1423
7409,324786,Hacksaw Ridge,30.6594,2016-10-07,8.193,15068
7410,950028,The Invite,30.7755,2026-06-25,7.715,114
7411,675,Harry Potter and the Order of the Phoenix,31.9983,2007-07-08,7.673,21018
7412,1202033,Enola Holmes 3,30.4175,2026-06-30,6.9,553
7413,424,Schindler's List,31.6526,1993-12-15,8.57,17685
7414,713704,Evil Dead Rise,30.8196,2023-04-12,7.0,3851
7415,39254,Real Steel,32.2059,2011-09-28,7.13,9393
7416,1716513,Extreme Makeover: Homer Edition,29.1891,2026-06-17,7.203,59
7417,475557,Joker,32.392,2019-10-01,8.121,28010
7418,1054867,One Battle After Another,29.2262,2025-09-23,7.348,3992
7419,744,Top Gun,29.7779,1986-05-16,7.071,9736
7420,1408170,Lenin,27.526,2026-07-10,6.2,4
7421,845781,Red One,31.6893,2024-10-31,6.971,3098
7422,226674,The Adolescent,30.0281,1979-01-24,4.7,18
7423,157209,Oedipus Orca,13.5103,1977-04-04,4.5,12
7424,280,Terminator 2: Judgment Day,29.2079,1991-07-03,8.16,14571
7425,641284,Carnal Excitation,29.4106,1978-03-22,4.0,4
7426,575265,Mission: Impossible - The Final Reckoning,31.1708,2025-05-17,7.174,3001
7427,1330021,Remarkably Bright Creatures,28.2141,2026-05-07,8.479,802
7428,808,Shrek,28.5285,2001-05-18,7.775,19057
7429,49013,Cars 2,28.5182,2011-06-11,6.187,8589
7430,389,12 Angry Men,30.7453,1957-04-10,8.566,10191
7431,293660,Deadpool,30.3106,2016-02-09,7.625,33012
7432,106646,The Wolf of Wall Street,31.3829,2013-12-25,8.027,26218
7433,769,GoodFellas,28.861,1990-09-12,8.451,14568
7434,1156594,Our Fault,28.4561,2025-10-15,7.393,723
7435,301528,Toy Story 4,31.8972,2019-06-19,7.464,10811
7436,1698575,"Snoopy Presents: There's No Place Like Home, Snoopy",31.0786,2026-07-30,7.895,19
7437,284052,Doctor Strange,31.3527,2016-10-25,7.424,23648
7438,283995,Guardians of the Galaxy Vol. 2,31.0279,2017-04-25,7.6,23155
7439,1724,The Incredible Hulk,31.3386,2008-06-12,6.2,12891
7440,210577,Gone Girl,31.8412,2014-10-01,7.89,20173
7441,37165,The Truman Show,28.4488,1998-06-04,8.155,20538
7442,30471,Spiderbabe,31.5856,2003-10-14,4.6,40
7443,1022789,Inside Out 2,25.3455,2024-06-11,7.543,6840
7444,505642,Black Panther: Wakanda Forever,29.5723,2022-11-09,7.001,7613
7445,68726,Pacific Rim,27.5407,2013-07-11,6.94,13602
7446,194117,Woman in the Moon,31.0715,1988-03-31,5.6,8
7447,802,Lolita,27.5391,1962-06-13,7.3,2271
7448,39688,Like a Brother,28.0449,2005-04-17,4.3,25
7449,102899,Ant-Man,29.2615,2015-07-14,7.067,21040
7450,16869,Inglourious Basterds,26.4591,2009-08-02,8.217,24492
7451,372058,Your Name.,27.5651,2016-07-01,8.482,12776
7452,101,Léon: The Professional,26.5333,1994-09-14,8.293,16301
7453,76338,Thor: The Dark World,29.2704,2013-10-30,6.512,18503
7454,393392,Modori River,23.4615,1983-04-16,5.7,3
7455,228150,Fury,29.2859,2014-10-15,7.547,13083
7456,20352,Despicable Me,29.2534,2010-07-08,7.261,16221
7457,1100988,28 Years Later,27.482,2025-06-18,6.603,2752
7458,150540,Inside Out,29.8516,2015-06-17,7.907,23686
7459,545611,Everything Everywhere All at Once,23.8994,2022-03-24,7.709,8204
7460,11012,Damage,25.231,1992-12-02,6.607,714
7461,76768,The Devil In The Flesh,27.3588,1991-06-11,2.8,4
7462,857,Saving Private Ryan,23.9476,1998-07-24,8.231,17528
7463,497698,Black Widow,30.1503,2021-07-07,7.16,11406
7464,945961,Alien: Romulus,27.1944,2024-08-13,7.165,4730
7465,432279,Melancoly Baby,23.5168,1979-08-29,6.333,3
7466,38757,Tangled,28.5242,2010-11-24,7.615,12545
7467,1432631,Idhayam Murali,24.4288,2026-07-10,7.7,3
7468,11324,Shutter Island,27.6302,2010-02-14,8.198,26139
7469,1062722,Frankenstein,27.5682,2025-10-17,7.62,3660
7470,1250,Ghost Rider,27.3992,2007-01-15,5.616,6566
7471,1057265,Peddi,24.8349,2026-06-03,5.871,62
7472,198663,The Maze Runner,27.7481,2014-09-10,7.19,18289
7473,1381027,Good Boy,24.9983,2026-03-06,7.154,192
7474,207,Dead Poets Society,26.2039,1989-06-02,8.299,12779
7475,1078605,Weapons,25.3998,2025-08-04,7.257,3701
7476,1613798,Vengeance,25.4797,2026-02-26,7.495,289
7477,562,Die Hard,25.3462,1988-07-15,7.8,12460
7478,939243,Sonic the Hedgehog 3,26.927,2024-12-19,7.606,3379
7479,272,Batman Begins,29.1017,2005-06-10,7.729,22888
7480,77338,The Intouchables,26.7668,2011-11-02,8.273,18633
7481,138843,The Conjuring,29.5058,2013-07-18,7.541,12892
7482,425274,Now You See Me: Now You Don't,27.4999,2025-11-12,6.468,1715
7483,447273,Snow White,29.0203,2025-03-19,4.28,1695
7484,616037,Thor: Love and Thunder,27.9071,2022-07-06,6.365,8741
7485,1541560,Stop! That! Train!,25.5417,2026-06-12,5.2,36
7486,550988,Free Guy,26.7528,2021-08-11,7.444,9992
7487,18,The Fifth Element,26.6352,1997-05-02,7.587,11947
7488,1318413,Pressure,24.2441,2026-05-25,7.746,246
7489,1480387,undertone,24.8586,2026-03-12,6.093,526
7490,26466,Triangle,23.0781,2009-10-16,6.914,3065
7491,12153,White Chicks,26.6195,2004-06-23,6.959,4647
7492,558449,Gladiator II,28.1836,2024-11-13,6.603,4612
7493,18785,The Hangover,27.4798,2009-06-02,7.337,18302
7494,29154,Stand and Deliver,22.847,1988-03-11,7.752,467
7495,1632181,Accidental Partners,24.9911,2026-03-12,8.944,338
7496,1477317,Your Fault: London,25.099,2026-06-17,7.508,180
7497,4247,Scary Movie,25.0447,2000-07-07,6.425,8010
7498,1396749,Wild Sing,25.873,2026-06-03,6.0,15
7499,246655,X-Men: Apocalypse,25.1372,2016-05-18,6.527,13921
7500,508947,Turning Red,27.6155,2022-03-10,7.331,5965
7501,419430,Get Out,27.2006,2017-02-24,7.624,19113
7502,4935,Howl's Moving Castle,24.7974,2004-09-09,8.4,11257
7503,181808,Star Wars: The Last Jedi,26.5177,2017-12-13,6.745,16501
7504,78,Blade Runner,25.2592,1982-06-25,7.934,15189
7505,425,Ice Age,25.8623,2002-03-14,7.381,14472
7506,77,Memento,24.5041,2000-10-11,8.174,16498
7507,615,The Passion of the Christ,25.4022,2004-02-25,7.545,5271
7508,1038392,The Conjuring: Last Rites,24.822,2025-09-03,6.953,2022
7509,315162,Puss in Boots: The Last Wish,25.0601,2022-12-07,8.212,9079
7510,1227241,Maa Inti Bangaram,22.8553,2026-06-18,7.0,10
7511,72190,World War Z,27.3032,2013-06-19,6.847,16821
7512,299710,Being 14,21.6387,2015-02-25,4.1,65
7513,346698,Barbie,25.2369,2023-07-19,6.915,11329
7514,912649,Venom: The Last Dance,24.1672,2024-10-22,6.664,4372
7515,109445,Frozen,27.3344,2013-11-20,7.249,17736
7516,1497463,All That We Never Were,33.4773,2026-06-04,6.717,30
7517,519182,Despicable Me 4,27.1502,2024-06-20,6.979,3301
7518,330457,Frozen II,27.16,2019-11-20,7.228,10378
7519,1197306,A Working Man,23.6199,2025-03-26,6.688,2026
7520,1197306,A Working Man,23.6199,2025-03-26,6.688,2026
7521,2105,American Pie,25.6499,1999-07-09,6.615,8435
7522,667538,Transformers: Rise of the Beasts,25.1797,2023-06-06,7.2,5354
7523,269149,Zootopia,25.872,2016-02-11,7.8,18338
7524,348,Alien,25.3656,1979-05-25,8.171,16603
7525,578,Jaws,25.4079,1975-06-20,7.683,11694
7526,755679,Fast Forever,23.8914,2028-03-16,0.0,0
7527,1363974,That Time I Got Reincarnated as a Slime the Movie: Tears of the Azure Sea,26.2916,2026-02-27,7.774,31
7528,345940,The Meg,26.3449,2018-08-09,6.252,8283
7529,1309083,Dolly,23.1374,2026-03-06,5.822,188
7530,106,Predator,23.5221,1987-06-12,7.573,9331
7531,38365,Grown Ups,24.8149,2010-06-24,6.431,6790
7532,383498,Deadpool 2,25.9613,2018-05-15,7.49,19436
7533,10867,Malena,23.7035,2000-10-27,7.545,2753
7534,567609,Ready or Not,25.1358,2019-08-21,7.095,5711
7535,603692,John Wick: Chapter 4,24.1105,2023-03-21,7.709,8132
7536,429,"The Good, the Bad and the Ugly",25.7572,1966-12-23,8.464,9801
7537,637649,Wrath of Man,24.8646,2021-04-22,7.574,6202
7538,1509599,Gatta Kusthi 2,25.2498,2026-07-03,2.8,3
7539,533533,TRON: Ares,24.5828,2025-10-08,6.5,1542
7540,77429,Chechu and Family,19.7235,1992-06-25,5.35,10
7541,1656220,23 000 Lives,22.429,2026-07-02,5.726,62
7542,299537,Captain Marvel,24.9895,2019-03-06,6.8,16930
7543,1236153,Mercy,24.0173,2026-01-19,7.094,1540
7544,1317288,Marty Supreme,23.6786,2025-12-19,7.374,2025
7545,696506,Mickey 17,24.9393,2025-02-28,6.837,3750
7546,298618,The Flash,24.8913,2023-06-13,6.619,5131
7547,1292415,Beast,24.4196,2026-04-10,6.353,85
7548,426063,Nosferatu,25.8484,2024-12-25,6.711,3830
7549,604079,The Long Walk,24.578,2025-09-10,6.868,1764
7550,920,Cars,22.9946,2006-06-08,7.043,15315
7551,58,Pirates of the Caribbean: Dead Man's Chest,24.1915,2006-07-06,7.4,17390
7552,975511,The Return,22.1167,2024-11-28,6.542,485
7553,539972,Kraven the Hunter,26.1998,2024-12-11,6.43,2419
7554,566525,Shang-Chi and the Legend of the Ten Rings,25.124,2021-09-01,7.491,10553
7555,1260649,Jumanji: Open World,22.6055,2026-12-23,0.0,0
7556,512200,Jumanji: The Next Level,24.5804,2019-12-04,6.872,9489
7557,29039,The Arena,22.4664,1974-03-13,5.4,50
7558,181812,Star Wars: The Rise of Skywalker,24.2469,2019-12-18,6.261,10985
7559,1234731,Anaconda,23.4354,2025-12-24,5.826,1330
7560,593643,The Menu,23.8303,2022-11-17,7.177,6433
7561,1232569,Pinocchio: Unstrung,23.2779,2026-07-22,8.6,14
7562,546554,Knives Out,26.8224,2019-11-27,7.84,14252
7563,809,Shrek 2,22.8719,2004-05-19,7.3,13615
7564,127585,X-Men: Days of Future Past,23.1208,2014-05-15,7.534,16445
7565,1003598,Avengers: Secret Wars,23.0454,2027-09-15,0.0,0
7566,14160,Up,25.8963,2009-05-28,7.961,21890
7567,762509,Mufasa: The Lion King,24.2199,2024-12-18,7.297,2727
7568,11770,Shaolin Soccer,19.8665,2001-07-05,7.199,2605
7569,313369,La La Land,23.5532,2016-12-01,7.897,18289
7570,140607,Star Wars: The Force Awakens,23.3024,2015-12-15,7.247,20715
7571,823219,Flow,23.5244,2024-08-29,8.077,2956
7572,9806,The Incredibles,24.5647,2004-10-27,7.728,19090
7573,1084199,Companion,23.1407,2025-01-22,7.009,2466
7574,329865,Arrival,23.3143,2016-11-10,7.631,19628
7575,8363,Superbad,22.4476,2007-08-17,7.269,8228
7576,1340206,Tuner,22.8011,2026-05-21,7.1,213
7577,49521,Man of Steel,25.018,2013-06-12,6.656,16409
7578,363088,Ant-Man and the Wasp,23.8667,2018-07-04,6.901,14324
7579,1315303,Primate,22.5474,2026-01-01,6.51,785
7580,1315303,Primate,22.5474,2026-01-01,6.512,784
7581,1317149,I Swear,22.6219,2025-09-22,8.224,418
7582,1468683,Heartstopper Forever,21.2886,2026-07-14,7.301,206
7583,1645603,Night of the Living Dead,19.9931,2026-07-03,4.985,68
7584,24,Kill Bill: Vol. 1,23.6013,2003-10-10,7.971,19182
7585,269955,Obsessed,22.0781,2014-05-14,6.6,82
7586,1242705,One More Shot,21.6836,2025-12-12,5.348,23
7587,1064213,Anora,21.8916,2024-10-14,7.074,3308
7588,679,Aliens,23.6083,1986-07-18,7.967,11013
7589,1100782,Smile 2,23.7112,2024-10-16,6.585,2256
7590,228794,Provocation,23.3013,1995-12-15,5.4,24
7591,858024,Hamnet,22.8346,2025-11-26,7.712,1488
7592,337167,Fifty Shades Freed,23.0256,2018-01-17,6.67,8402
7593,6977,No Country for Old Men,20.8572,2007-11-09,7.948,13550
7594,1091,The Thing,22.8851,1982-06-25,8.072,8093
7595,205596,The Imitation Game,21.6185,2014-11-14,7.983,18245
7596,1397385,Little Brother,21.1779,2026-06-18,6.461,304
7597,670,Oldboy,21.1421,2003-11-21,8.234,10026
7598,812583,Wake Up Dead Man: A Knives Out Mystery,21.3221,2025-11-26,7.207,2708
7599,701387,Bugonia,22.6029,2025-10-23,7.303,2183
7600,1390300,Over Your Dead Body,21.5101,2026-03-14,6.488,490
7601,9769,Lolita,19.5522,1997-09-27,7.105,1997
7602,785084,The Whale,23.6834,2022-12-09,7.76,4785
7603,1175942,The Bad Guys 2,20.3793,2025-07-24,7.613,855
7604,402431,Wicked,25.0565,2024-10-16,6.9,3144
7605,507086,Jurassic World Dominion,22.0731,2022-06-01,6.602,7181
7606,111,Scarface,24.6815,1983-12-09,8.153,13239
7607,921711,Tamil Rockers,18.6916,2021-12-31,4.75,4
7608,577922,Tenet,21.4136,2020-08-22,7.173,11311
7609,285,Pirates of the Caribbean: At World's End,22.9651,2007-05-19,7.3,15663
7610,991494,The SpongeBob Movie: Search for SquarePants,20.9654,2025-12-16,6.8,330
7611,49051,The Hobbit: An Unexpected Journey,22.5826,2012-12-12,7.38,19847
7612,396535,Train to Busan,21.816,2016-07-20,7.753,8545
7613,424711,Poppea's Hot Nights,15.0325,1969-01-01,4.7,5
7614,436969,The Suicide Squad,23.0342,2021-07-28,7.5,9732
7615,263115,Logan,22.0487,2017-02-28,7.821,20603
7616,976573,Elemental,21.5416,2023-06-14,7.591,5450
7617,801335,Girl in the Basement,22.1269,2021-02-27,7.569,882
7618,70981,Prometheus,21.5525,2012-05-30,6.603,13419
7619,8966,Twilight,21.5655,2008-11-20,6.28,14534
7620,70981,Prometheus,21.5525,2012-05-30,6.603,13420
7621,436270,Black Adam,24.1838,2022-10-19,6.785,7140
7622,466272,Once Upon a Time... in Hollywood,21.3862,2019-07-24,7.421,15042
7623,1144107,The Legend of Hei 2,18.5393,2025-07-18,8.532,62
7624,214756,Ted 2,22.6775,2015-06-25,6.324,8072
7625,1633056,All Wishes Come True!,21.4416,2026-07-10,8.2,13
7626,1641319,Sniper: No Nation,20.2783,2026-03-13,6.613,84
7627,1321491,The Banished,18.7998,2025-07-18,4.771,24
7628,1397485,Girls Like Girls,19.7028,2026-06-18,7.1,27
7629,8358,Cast Away,23.838,2000-12-22,7.667,12410
7630,490132,Green Book,20.94,2018-11-16,8.225,13055
7631,680493,Return to Silent Hill,21.2443,2026-01-21,5.399,764
7632,62,2001: A Space Odyssey,21.3839,1968-04-02,8.048,12767
7633,1495,Kingdom of Heaven,21.9694,2005-05-03,7.076,5110
7634,1573,Die Hard 2,22.6201,1990-07-03,6.972,6496
7635,829557,365 Days: This Day,21.3796,2022-04-26,5.95,1860
7636,345,Eyes Wide Shut,21.5606,1999-07-16,7.485,7168
7637,1011985,Kung Fu Panda 4,20.7941,2024-03-02,7.004,3616
7638,36647,Blade,21.6873,1998-08-21,6.849,6842
7639,1522126,1000 Men and Me: The Bonnie Blue Story,19.4582,2025-07-29,5.2,26
7640,36647,Blade,21.6873,1998-08-21,6.849,6841
7641,1522126,1000 Men and Me: The Bonnie Blue Story,19.4582,2025-07-29,5.25,26
7642,1156593,Your Fault,22.4189,2024-12-26,7.092,1602
7643,744275,After We Fell,20.8935,2021-09-01,6.997,2761
7644,168259,Furious 7,20.3994,2015-04-01,7.216,11394
7645,135397,Jurassic World,20.9266,2015-06-06,6.703,21756
7646,1891,The Empire Strikes Back,22.075,1980-05-20,8.393,18625
7647,1341041,A Haunted Romance,15.3912,1985-05-24,10.0,1
7648,541671,Ballerina,23.5962,2025-06-04,7.276,2835
7649,13475,Star Trek,21.9278,2009-05-06,7.437,10609
7650,103,Taxi Driver,20.6826,1976-02-09,8.124,13612
7651,353486,Jumanji: Welcome to the Jungle,21.4117,2017-12-09,6.822,14661
7652,156022,The Equalizer,21.3976,2014-09-24,7.292,10073
7653,259693,The Conjuring 2,21.1198,2016-06-08,7.293,9304
7654,297802,Aquaman,25.4874,2018-12-07,6.867,15059
7655,460465,Mortal Kombat,21.0683,2021-04-07,7.048,6939
7656,118,Charlie and the Chocolate Factory,22.0081,2005-07-13,7.039,16257
7657,7220,The Punisher,21.1769,2004-04-15,6.379,3214
7658,1734,The Mummy Returns,21.0253,2001-05-04,6.411,7799
7659,1064028,Subservience,20.4617,2024-08-15,6.627,1061
7660,3933,Corpse Bride,22.1562,2005-09-12,7.592,10312
7661,1367220,Karuppu,18.0309,2026-05-14,6.7,23
7662,964849,Nightborn,23.0329,2026-07-01,6.524,21
7663,772,Home Alone 2: Lost in New York,21.5235,1992-11-15,6.8,10756
7664,28,Apocalypse Now,20.5062,1979-05-19,8.264,9231
7665,320288,Dark Phoenix,20.2763,2019-06-05,5.966,7173
7666,216015,Fifty Shades of Grey,21.9125,2015-02-11,5.866,12479
7667,109428,Evil Dead,20.0413,2013-04-05,6.6,5173
7668,615656,Meg 2: The Trench,22.8377,2023-08-02,6.375,4041
7669,1440050,The Breadwinner,19.9879,2026-05-29,7.421,63
7670,786892,Furiosa: A Mad Max Saga,21.8854,2024-05-22,7.443,5040
7671,270303,It Follows,21.1533,2015-02-04,6.58,7038
7672,85,Raiders of the Lost Ark,20.6402,1981-06-12,7.926,13810
7673,1193501,Whistle,21.0289,2026-01-20,6.347,623
7674,1669051,Kesong Puti,20.4113,2026-04-24,3.8,4
7675,539,Psycho,21.6854,1960-06-22,8.41,11118
7676,1539104,JUJUTSU KAISEN: Execution,20.9349,2025-11-07,6.05,111
7677,1242332,Normal,18.2565,2026-04-16,7.182,426
7678,6479,I Am Legend,23.2189,2007-12-12,7.22,17075
7679,360920,The Grinch,21.2738,2018-11-08,6.864,4480
7680,360920,The Grinch,21.2738,2018-11-08,6.864,4480
7681,146233,Prisoners,18.8985,2013-09-19,8.106,13291
7682,630,The Wizard of Oz,19.286,1939-08-21,7.582,6191
7683,854,The Mask,20.2286,1994-07-29,6.995,11436
7684,787,Mr. & Mrs. Smith,20.4333,2005-06-07,6.693,11354
7685,137,Groundhog Day,21.835,1993-02-11,7.635,9028
7686,9487,A Bug's Life,21.2531,1998-11-25,6.982,9827
7687,438148,Minions: The Rise of Gru,20.7925,2022-06-29,7.257,4073
7688,359410,Road House,21.5186,2024-03-08,6.94,3138
7689,337404,Cruella,19.1871,2021-05-26,7.971,10185
7690,1620682,Love in Slow Motion,18.1211,2026-07-23,5.083,12
7691,1359,American Psycho,18.8056,2000-04-13,7.401,12491
7692,637,Life Is Beautiful,21.49,1997-12-20,8.438,14121
7693,1316092,"""Wuthering Heights""",21.0667,2026-02-11,6.658,1240
7694,1865,Pirates of the Caribbean: On Stranger Tides,20.8748,2011-05-15,6.6,15108
7695,1402,The Pursuit of Happyness,20.5465,2006-12-14,7.886,10734
7696,949,Heat,20.0052,1995-12-15,7.94,8521
7697,510,One Flew Over the Cuckoo's Nest,18.6389,1975-11-19,8.407,11597
7698,1389748,Het Laatste Fluitsignaal,16.2465,2024-10-06,0.0,0
7699,934433,Scream VI,20.9834,2023-03-08,6.936,3276
7700,1387382,Hunting Season,17.6804,2025-12-05,7.391,395
7701,72105,Ted,20.8803,2012-06-29,6.454,13316
7702,77429,Chechu and Family,19.7235,1992-06-25,5.3,10
7703,1458215,The Gentleman Thief,19.2918,2026-07-31,5.625,12
7704,38,Eternal Sunshine of the Spotless Mind,19.5319,2004-03-19,8.1,16523
7705,929590,Civil War,20.7007,2024-04-10,6.853,4438
7706,12155,Alice in Wonderland,20.8065,2010-03-03,6.645,14941
7707,2251,Unfaithful,18.7686,2002-05-10,6.709,1763
7708,1724981,The Kings of None,14.8334,2027-10-07,0.0,0
7709,113344,The American Scream,18.3328,1988-01-01,4.643,14
7710,875828,Peaky Blinders: The Immortal Man,19.3841,2026-03-05,7.227,1118
7711,568,Apollo 13,18.9219,1995-06-30,7.462,6019
7712,1579,Apocalypto,18.3674,2006-12-07,7.655,6539
7713,766507,Prey,18.9762,2022-08-02,7.655,7864
7714,73861,A Serbian Film,18.919,2010-01-06,5.453,2242
7715,35,The Simpsons Movie,19.5601,2007-07-25,7.023,8634
7716,1771,Captain America: The First Avenger,20.89,2011-07-22,7.01,22957
7717,1694978,Chum,18.5106,2026-05-27,4.606,33
7718,9502,Kung Fu Panda,25.0521,2008-06-04,7.332,12831
7719,607,Men in Black,20.2496,1997-07-02,7.226,15007
7720,718930,Bullet Train,20.5685,2022-08-03,7.411,7721
7721,71676,Ghost Rider: Spirit of Vengeance,18.7884,2011-12-10,5.025,4136
7722,296096,Me Before You,20.767,2016-06-01,7.929,13431
7723,791373,Zack Snyder's Justice League,19.7621,2021-03-18,8.083,10986
7724,1472951,Infiltrate,18.5304,2026-07-09,0.0,0
7725,629,The Usual Suspects,18.1458,1995-07-19,8.166,11569
7726,1246049,Dracula,18.2545,2025-07-30,7.238,1395
7727,917496,Beetlejuice Beetlejuice,18.6408,2024-09-04,6.927,3217
7728,10674,Mulan,19.1897,1998-06-18,7.903,10565
7729,254128,San Andreas,20.7393,2015-05-27,6.249,9112
7730,10625,Mean Girls,20.7334,2004-04-30,7.227,9567
7731,10191,How to Train Your Dragon,21.4011,2010-03-18,7.865,14552
7732,36586,Blade II,19.9739,2002-03-22,6.568,5307
7733,260346,Taken 3,22.5212,2014-12-16,6.268,6219
7734,115,The Big Lebowski,19.3227,1998-03-06,7.8,12337
7735,1033462,Bureau 749,18.2895,2024-10-01,6.402,112
7736,64690,Drive,18.1898,2011-09-15,7.583,13808
7737,609681,The Marvels,20.4127,2023-11-08,5.931,3513
7738,290098,The Handmaiden,19.6832,2016-06-01,8.2,4411
7739,866398,The Beekeeper,22.2936,2024-01-08,7.28,4394
7740,1228246,Five Nights at Freddy's 2,20.0979,2025-12-03,6.623,1085
7741,41387,From Beijing with Love,18.5915,1994-10-13,7.0,241
7742,281957,The Revenant,20.2613,2015-12-25,7.541,19516
7743,1363387,Saccharine,18.8807,2026-05-22,6.699,88
7744,823464,Godzilla x Kong: The New Empire,20.3914,2024-03-27,7.047,4782
7745,259316,Fantastic Beasts and Where to Find Them,18.6841,2016-11-16,7.309,19839
7746,118340,Guardians of the Galaxy,19.8176,2014-07-30,7.907,30005
7747,18239,The Twilight Saga: New Moon,19.1163,2009-11-18,5.988,9825
7748,943315,Taste of shellfish,13.4626,2021-11-21,4.0,1
7749,493922,Hereditary,18.089,2018-06-07,7.294,8757
7750,49530,In Time,18.8134,2011-10-27,7.0,12286
7751,974576,Conclave,17.1048,2024-10-25,7.188,3504
7752,10144,The Little Mermaid,19.3709,1989-11-17,7.352,8487
7753,1087891,The Amateur,18.913,2025-04-09,6.924,1687
7754,20526,TRON: Legacy,19.1048,2010-12-14,6.546,8042
7755,1119449,"Good Luck, Have Fun, Don't Die",17.7557,2026-02-13,7.065,781
7756,1097549,Babygirl,20.5572,2024-12-25,5.716,1253
7757,150689,Cinderella,20.682,2015-03-06,6.825,7468
7758,1185806,PAW Patrol: The Dino Movie,20.2675,2026-07-23,7.0,7
7759,131631,The Hunger Games: Mockingjay - Part 1,20.4491,2014-11-19,6.818,16863
7760,161,Ocean's Eleven,19.3404,2001-12-07,7.464,12715
7761,333339,Ready Player One,19.2957,2018-03-28,7.589,17153
7762,953,Madagascar,19.1858,2005-05-25,6.927,11865
7763,2109,Rush Hour,19.7324,1998-09-18,7.083,5785
7764,398818,Call Me by Your Name,20.0654,2017-10-01,8.084,12861
7765,733573,My Missing Valentine,14.7727,2020-09-18,6.9,43
7766,1598766,Crayon Shin-chan the Movie: Very Bizarre! My Yokai Vacation,19.2108,2026-07-31,0.0,0
7767,640,Catch Me If You Can,19.3426,2002-12-16,7.979,17323
7768,26827,Who's That Girl,22.9732,1987-08-07,5.488,254
7769,311,Once Upon a Time in America,19.848,1984-05-23,8.373,6130
7770,1159831,The Bride!,18.2862,2026-03-04,6.091,602
7771,640146,Ant-Man and the Wasp: Quantumania,19.7331,2023-02-15,6.2,5958
7772,1086268,Three,17.5716,2023-03-01,6.5,2
7773,82023,Hotel Desire,21.7312,2011-12-07,6.186,153
7774,549509,The Brutalist,21.0733,2024-12-20,6.951,1718
7775,4348,Pride & Prejudice,21.0,2005-09-16,8.1,8851
7776,792307,Poor Things,18.6972,2023-12-07,7.6,5609
7777,137051,Midnight Matinee,15.0498,1988-10-12,5.4,7
7778,47971,xXx: Return of Xander Cage,19.3866,2017-01-13,6.131,9286
7779,170,28 Days Later,22.3702,2002-10-31,7.244,8684
7780,170,28 Days Later,22.3702,2002-10-31,7.244,8684
7781,508442,Soul,19.1074,2020-12-25,8.1,11579
7782,335983,Venom,19.742,2018-09-28,6.825,17409
7783,11688,The Emperor's New Groove,18.245,2000-12-15,7.565,7385
7784,1893,Star Wars: Episode I - The Phantom Menace,18.6322,1999-05-19,6.583,16031
7785,57800,Ice Age: Continental Drift,19.9802,2012-06-27,6.392,8202
7786,57158,The Hobbit: The Desolation of Smaug,20.1184,2013-12-11,7.583,14392
7787,100402,Captain America: The Winter Soldier,18.4307,2014-03-20,7.7,20225
7788,4234,Scream 3,18.3564,2000-02-04,6.007,4128
7789,635302,Demon Slayer -Kimetsu no Yaiba- The Movie: Mugen Train,18.9195,2020-10-16,8.225,4612
7790,1292695,They Will Kill You,19.1093,2026-03-25,6.953,1007
7791,282035,The Mummy,18.5964,2017-06-06,5.52,7724
7792,93456,Despicable Me 2,19.6864,2013-06-26,6.947,12120
7793,500,Reservoir Dogs,18.2503,1992-09-02,8.112,15648
7794,568124,Encanto,18.5589,2021-10-13,7.566,10304
7795,1084187,Pretty Lethal,19.258,2026-03-13,6.795,461
7796,1895,Star Wars: Episode III - Revenge of the Sith,18.6459,2005-05-17,7.474,15127
7797,242582,Nightcrawler,18.4948,2014-10-23,7.708,11879
7798,1711175,Summerween,15.9994,2026-06-26,5.7,3
7799,245891,John Wick,18.8733,2014-10-16,7.46,21086
7800,27,9 Songs,17.5717,2004-07-16,5.547,590
7801,1477712,Ice Cream Man,18.0197,2026-08-03,2.333,3
7802,1242265,Fuze,18.0084,2026-03-23,7.0,270
7803,197,Braveheart,18.5201,1995-05-24,7.946,11276
7804,1732097,Euphoria: A Look Back,18.0148,2026-07-24,3.214,7
7805,270946,Penguins of Madagascar,19.2723,2014-11-22,6.5,4534
7806,10020,Beauty and the Beast,18.935,1991-10-22,7.726,10786
7807,493529,Dungeons & Dragons: Honor Among Thieves,19.3021,2023-03-23,7.358,4797
7808,1294203,My Fault: London,18.6111,2025-02-12,7.388,615
7809,50014,The Help,18.3683,2011-08-09,8.205,9159
7810,76,Before Sunrise,17.8666,1995-01-27,7.968,4773
7811,698687,Transformers One,18.6991,2024-09-11,7.975,1705
7812,11852,The Hot Chick,18.4832,2002-12-13,6.363,2216
7813,1151031,Bring Her Back,17.7225,2025-05-19,7.336,1821
7814,1545621,Detective Conan: Fallen Angel of the Highway,16.9844,2026-04-10,7.8,13
7815,810,Shrek the Third,18.7767,2007-05-17,6.313,9896
7816,482706,Oligosaccharide The Movie,16.82,2017-06-15,4.5,11
7817,381284,Hidden Figures,19.2055,2016-12-10,8.046,10551
7818,128,Princess Mononoke,18.3406,1997-07-12,8.321,9140
7819,1368,First Blood,17.8829,1982-10-22,7.511,6983
7820,629542,The Bad Guys,20.4384,2022-03-17,7.51,2629
7821,1288059,I Want Your Sex,18.7952,2026-07-29,6.0,12
7822,43947,I Spit on Your Grave,18.1091,2010-06-17,6.507,2626
7823,1585,It's a Wonderful Life,19.0338,1946-12-20,8.275,4977
7824,373571,Godzilla: King of the Monsters,17.9725,2019-05-29,6.689,6810
7825,62177,Brave,20.4305,2012-06-21,7.033,14321
7826,69733,The Man-Eater,23.4623,1999-08-26,4.977,43
7827,1007734,Nobody 2,18.3932,2025-08-13,6.913,1726
7828,207703,Kingsman: The Secret Service,17.6616,2015-01-24,7.619,17969
7829,120467,The Grand Budapest Hotel,18.1262,2014-02-26,8.026,16303
7830,812,Aladdin,17.6439,1992-11-25,7.657,12145
7831,1448560,Wildcat,18.6858,2025-11-19,6.131,202
7832,967941,Wicked: For Good,18.9167,2025-11-19,6.6,1084
7833,1398,Stalker,13.7891,1979-05-25,8.086,2543
7834,1138194,Heretic,16.1752,2024-10-31,6.97,2770
7835,9480,Daredevil,17.5552,2003-02-14,5.301,5527
7836,14161,2012,17.5515,2009-10-10,5.89,12880
7837,915935,Anatomy of a Fall,16.1359,2023-08-23,7.515,3387
7838,615777,Babylon,17.8171,2022-12-22,7.342,3842
7839,752,V for Vendetta,18.1409,2006-02-23,7.902,15747
7840,1367642,Reminders of Him,17.398,2026-03-11,7.78,372
7841,745,The Sixth Sense,18.2177,1999-08-06,7.954,13060
7842,1383731,Protector,18.354,2026-02-20,8.473,489
7843,374720,Dunkirk,17.3504,2017-07-19,7.45,17754
7844,1542877,Assassination Classroom the Movie: Our Time,17.3006,2026-03-20,7.2,9
7845,44214,Black Swan,19.0201,2010-12-03,7.7,15703
7846,530385,Midsommar,19.7195,2019-07-03,7.147,8257
7847,402,Basic Instinct,17.7479,1992-03-20,6.947,4449
7848,36557,Casino Royale,18.8085,2006-11-14,7.575,11844
7849,997907,Princess Lotus,12.0902,1992-06-01,0.0,0
7850,74,War of the Worlds,17.9863,2005-06-28,6.56,9357
7851,75656,Now You See Me,17.284,2013-05-29,7.327,16966
7852,861,Total Recall,15.2879,1990-06-01,7.324,6575
7853,573435,Bad Boys: Ride or Die,17.5634,2024-06-05,7.316,3409
7854,406997,Wonder,15.319,2017-11-13,8.103,8327
7855,1005331,Carry-On,17.5056,2024-12-05,6.883,2837
7856,1601243,Oscar Shaw,15.2256,2026-01-09,6.684,38
7857,1710886,Sugar Mommy,16.5804,2026-06-09,0.0,0
7858,1892,Return of the Jedi,17.1668,1983-05-25,7.911,17110
7859,169,Predator 2,17.8659,1990-11-21,6.306,3904
7860,454626,Sonic the Hedgehog,17.3301,2020-02-12,7.278,10485
7861,1241436,Warfare,17.3437,2025-04-09,7.077,1544
7862,1245859,Savage House,15.7121,2026-06-05,6.5,22
7863,423108,The Conjuring: The Devil Made Me Do It,18.9382,2021-05-25,7.344,6629
7864,87101,Terminator Genisys,17.5872,2015-06-23,5.96,9077
7865,338953,Fantastic Beasts: The Secrets of Dumbledore,18.4562,2022-04-06,6.626,5168
7866,1223601,Sisu: Road to Revenge,17.2426,2025-10-21,7.314,861
7867,756999,The Black Phone,17.4943,2022-06-16,7.513,5956
7868,4232,Scream,16.6107,1996-12-20,7.433,8111
7869,764,The Evil Dead,18.3827,1982-05-25,7.272,4591
7870,8077,Alien³,17.0873,1992-05-22,6.39,6472
7871,598,City of God,20.0971,2002-08-30,8.429,8311
7872,439079,The Nun,19.4048,2018-09-05,5.909,7244
7873,604,The Matrix Reloaded,18.0564,2003-05-15,7.085,12132
7874,561,Constantine,17.7216,2005-02-08,7.192,8362
7875,377,A Nightmare on Elm Street,17.6559,1984-11-09,7.35,5832
7876,767036,The Choice,15.9727,2020-11-15,0.0,0
7877,466420,Killers of the Flower Moon,17.6803,2023-10-18,7.392,4239
7878,105825,Erotic Ghost Story III,14.784,1992-03-05,5.6,32
7879,653346,Kingdom of the Planet of the Apes,18.2091,2024-05-08,7.055,4361
7880,5559,Bee Movie,18.0094,2007-10-28,6.049,5354
7881,82702,How to Train Your Dragon 2,18.779,2014-06-05,7.685,10572
7882,418578,The Quest of the Sex: A Holly Hole,17.1254,2005-08-03,4.0,1
7883,49519,The Croods,19.4868,2013-03-15,6.944,7626
7884,1632812,Nothing Between Us,15.4829,2026-05-21,5.333,21
7885,2501,The Bourne Identity,16.4559,2002-06-14,7.484,10235
7886,1198984,We Bury the Dead,15.9313,2026-01-01,6.043,337
7887,1442396,Nagabandham: The Secret Treasure,14.2319,2026-07-02,4.5,4
7888,855,Black Hawk Down,18.5591,2001-12-28,7.397,6473
7889,634492,Madame Web,16.9208,2024-02-14,5.285,2637
7890,1167307,David,17.2108,2025-12-14,7.962,171
7891,1271,300,17.0276,2007-03-07,7.209,14922
7892,1308553,Hai Jawani Toh Ishq Hona Hai,17.3171,2026-06-04,5.625,24
7893,11544,Lilo & Stitch,19.683,2002-06-21,7.56,7173
7894,524047,Greenland,17.4112,2020-07-29,7.126,5442
7895,324552,John Wick: Chapter 2,17.5828,2017-02-08,7.3,14436
7896,5876,The Mist,17.2066,2007-11-21,6.949,5966
7897,81774,Exploits of a Young Don Juan,16.9479,1986-11-04,6.129,326
7898,441168,From Straight A's to XXX,18.2824,2017-02-11,5.919,167
7899,1002398,Virgin,16.6538,2024-10-29,6.3,27
7900,254,King Kong,16.7429,2005-12-12,6.896,8601
7901,1141970,Morte Cucina,14.8067,2026-07-02,3.8,3
7902,7512,Idiocracy,16.5295,2006-09-01,6.381,3689
7903,843527,The Idea of You,16.9476,2024-05-02,7.3,1991
7904,951491,Saw X,16.775,2023-09-27,7.154,2424
7905,7451,xXx,16.9661,2002-08-09,5.989,4979
7906,4951,10 Things I Hate About You,17.7453,1999-03-30,7.597,9041
7907,273481,Sicario,17.105,2015-09-17,7.424,9713
7908,9737,Bad Boys,16.4068,1995-04-07,6.832,7046
7909,1433367,One Night Only,16.7068,2026-07-28,6.7,6
7910,414419,Kill Bill: The Whole Bloody Affair,16.9424,2011-03-27,8.1,1363
7911,91314,Transformers: Age of Extinction,17.4562,2014-06-25,5.971,8860
7912,8689,Cannibal Holocaust,19.0058,1980-02-07,6.249,1904
7913,601,E.T. the Extra-Terrestrial,16.2486,1982-06-11,7.519,12125
7914,1284016,Power Ballad,16.5344,2026-05-18,6.967,76
7915,359724,Ford v Ferrari,17.7214,2019-11-13,8.007,9142
7916,639988,No Other Choice,17.4807,2025-09-24,7.512,1187
7917,605,The Matrix Revolutions,16.6479,2003-11-05,6.756,10969
7918,10494,Perfect Blue,19.0464,1998-02-28,8.302,3277
7919,61791,Rise of the Planet of the Apes,18.2322,2011-08-03,7.349,12905
7920,28322,Madness,16.5951,1980-03-20,5.265,34
7921,87513,Motor City,16.5743,2026-07-23,5.6,13
7922,1018,Mulholland Drive,14.7616,2001-06-06,7.798,7156
7923,101299,The Hunger Games: Catching Fire,17.4983,2013-11-15,7.428,18608
7924,393,Kill Bill: Vol. 2,16.5384,2004-04-16,7.876,15256
7925,11649,Masters of the Universe,15.3478,1987-08-07,5.894,1130
7926,8681,Taken,18.1829,2008-02-18,7.409,12233
7927,321612,Beauty and the Beast,17.8152,2017-03-16,6.967,16093
7928,940721,Godzilla Minus One,14.8485,2023-11-03,7.585,3285
7929,1654313,Unanswered//butterfly,16.5914,2026-05-09,8.0,1
7930,746036,The Fall Guy,18.9759,2024-04-24,6.953,3914
7931,140300,Kung Fu Panda 3,16.305,2016-01-23,6.933,6687
7932,1242011,Together,15.8157,2025-07-14,6.906,1261
7933,1259102,Eternity,16.8564,2025-11-10,7.085,768
7934,1572,Die Hard: With a Vengeance,16.4415,1995-05-19,7.284,6758
7935,119450,Dawn of the Planet of the Apes,18.0909,2014-07-08,7.341,12356
7936,514847,The Hunt,17.4553,2020-03-11,6.647,3739
7937,15121,The Sound of Music,15.9798,1965-03-29,7.73,3671
7938,1196470,Survive,17.3168,2024-06-19,5.886,404
7939,1735,The Mummy: Tomb of the Dragon Emperor,17.1145,2008-07-01,5.521,4869
7940,1735,The Mummy: Tomb of the Dragon Emperor,17.1145,2008-07-01,5.521,4869
7941,930564,Saltburn,15.0369,2023-11-16,6.943,3021
7942,293167,Kong: Skull Island,16.9264,2017-03-08,6.556,11248
7943,9479,The Nightmare Before Christmas,16.1092,1993-10-09,7.833,10456
7944,137113,Edge of Tomorrow,16.2807,2014-05-27,7.642,15294
7945,11224,Cinderella,16.7847,1950-02-22,7.051,7221
7946,1417,Pan's Labyrinth,16.7009,2006-10-11,7.767,11601
7947,116745,The Secret Life of Walter Mitty,16.0295,2013-12-18,7.227,8378
7948,176,Saw,16.2048,2004-10-01,7.425,10201
7949,38575,The Karate Kid,16.4108,2010-06-10,6.567,6643
7950,82690,Wreck-It Ralph,17.479,2012-11-01,7.361,13198
7951,9802,The Rock,16.0915,1996-06-07,7.153,5273
7952,18240,The Proposal,16.253,2009-06-02,7.176,7663
7953,54138,Star Trek Into Darkness,17.0439,2013-05-05,7.323,9774
7954,438695,Sing 2,17.7099,2021-12-01,7.832,4843
7955,670292,The Creator,20.4936,2023-09-27,7.031,4058
7956,11836,The SpongeBob SquarePants Movie,16.5623,2004-11-19,7.094,3256
7957,11970,Hercules,16.5138,1997-06-13,7.499,8019
7958,4248,Scary Movie 2,16.7189,2001-07-04,5.845,5316
7959,339403,Baby Driver,17.3555,2017-06-28,7.443,17008
7960,585534,Morning Moon Is Cruel,15.124,1981-06-21,4.3,3
7961,675353,Sonic the Hedgehog 2,14.1102,2022-03-30,7.425,5945
7962,999136,Do Not Enter,15.779,2026-03-19,6.322,286
7963,420818,The Lion King,17.7254,2019-07-12,7.095,10826
7964,335,Once Upon a Time in the West,15.8486,1968-12-21,8.271,4974
7965,1084577,Balls Up,18.7948,2026-04-15,5.829,296
7966,131304,Firehouse,15.2152,1987-08-01,3.9,19
7967,1257009,Primitive War,15.1595,2025-08-21,6.67,426
7968,1571101,Evolution,21.4949,2026-02-06,5.8,6
7969,467905,How to Make a Killing,15.5856,2026-02-16,6.954,637
7970,1357633,Solo Leveling -ReAwakening-,16.0375,2024-11-26,7.2,276
7971,1650558,Abot Langit,15.9248,2026-03-13,5.0,1
7972,11216,Cinema Paradiso,16.0268,1988-11-17,8.4,4901
7973,346,Seven Samurai,15.6444,1954-04-26,8.45,4298
7974,351286,Jurassic World: Fallen Kingdom,16.9847,2018-06-06,6.531,12892
7975,260513,Incredibles 2,17.5762,2018-06-14,7.454,13813
7976,580489,Venom: Let There Be Carnage,17.3213,2021-09-30,6.738,11287
7977,1630423,My Dearest Assassin,17.0191,2026-05-06,8.579,278
7978,75780,Jack Reacher,17.0964,2012-12-20,6.674,7752
7979,73723,The Lorax,16.8873,2012-03-01,6.536,3936
7980,73723,The Lorax,16.8873,2012-03-01,6.536,3936
7981,458156,John Wick: Chapter 3 - Parabellum,17.1275,2019-05-15,7.4,11910
7982,1032823,Trap,15.7804,2024-07-31,6.234,2936
7983,7131,Van Helsing,16.0022,2004-05-03,6.425,6767
7984,1035259,The Naked Gun,15.2391,2025-07-30,6.37,1873
7985,8355,Ice Age: Dawn of the Dinosaurs,16.5587,2009-06-26,6.774,8976
7986,1451078,Raakaasa,13.5221,2026-04-03,6.5,16
7987,1924,Superman,15.3637,1978-12-14,7.163,4348
7988,9340,The Goonies,18.4964,1985-06-07,7.517,6311
7989,331482,Little Women,18.1222,2019-12-25,7.8,6921
7990,4588,"Lust, Caution",16.1962,2007-09-24,7.283,821
7991,399579,Alita: Battle Angel,14.9488,2019-01-31,7.269,10216
7992,405746,Door,17.5053,1988-05-14,6.047,32
7993,122906,About Time,17.3278,2013-09-04,7.904,9385
7994,36648,Blade: Trinity,16.899,2004-12-08,5.862,4390
7995,524434,Eternals,17.6572,2021-11-03,6.8,9272
7996,49444,Kung Fu Panda 2,16.6097,2011-05-25,7.077,8022
7997,1114513,Speak No Evil,13.8268,2024-09-11,7.11,2227
7998,587807,Tom & Jerry,17.855,2021-02-10,6.721,2596
7999,752623,The Lost City,15.7436,2022-03-23,6.45,4061
8000,587807,Tom & Jerry,17.855,2021-02-10,6.721,2596
8001,752623,The Lost City,15.7436,2022-03-23,6.45,4061
8002,1252309,Tell Me What You Want,14.6569,2024-11-29,6.098,305
8003,335787,Uncharted,16.9449,2022-02-10,6.88,7022
8004,1115544,Mike & Nick & Nick & Alice,15.1484,2026-03-14,6.693,414
8005,1116201,Iron Lung,14.91,2026-01-30,6.911,375
8006,109418,Grown Ups 2,16.092,2013-07-11,6.187,4766
8007,1106739,Juror #2,16.0493,2024-10-30,6.892,2545
8008,408,Snow White and the Seven Dwarfs,15.7238,1938-01-22,7.127,8052
8009,114,Pretty Woman,15.9053,1990-03-23,7.445,9076
8010,10198,The Princess and the Frog,16.5361,2009-12-08,7.231,6210
8011,1489187,You Drive Me Crazy,15.0832,2025-10-09,7.526,19
8012,853033,Adultery Alumni Association 2,16.0525,2019-02-18,4.7,41
8013,252522,The Happy Life of Debbie,11.4496,2012-01-26,6.5,1
8014,378064,A Silent Voice: The Movie,16.004,2016-09-17,8.392,4595
8015,665,Ben-Hur,14.6264,1959-11-18,7.891,3197
8016,257344,Pixels,15.3328,2015-07-16,5.784,8123
8017,1327862,Regretting You,15.0726,2025-10-22,7.108,509
8018,185,A Clockwork Orange,14.592,1971-10-28,8.173,13967
8019,1927,Hulk,15.6034,2003-06-19,5.6,6354
8020,947,Lawrence of Arabia,15.2942,1962-12-11,7.999,3502
8021,88,Dirty Dancing,16.1332,1987-08-21,7.323,6587
8022,1242419,Roofman,14.4558,2025-10-06,7.068,919
8023,1089791,The Trace of Your Lips,13.6383,2023-06-17,5.3,10
8024,188927,Star Trek Beyond,16.1067,2016-07-07,6.792,7186
8025,447332,A Quiet Place,16.5058,2018-04-03,7.396,15529
8026,215,Saw II,16.0638,2005-10-28,6.607,5970
8027,2048,"I, Robot",16.5302,2004-07-15,6.969,12824
8028,9509,Man on Fire,15.0729,2004-04-23,7.467,5791
8029,278154,Ice Age: Collision Course,16.4382,2016-06-23,6.12,4935
8030,10591,The Girl Next Door,15.9048,2004-04-09,6.753,4105
8031,370172,No Time to Die,18.3504,2021-09-29,7.339,7261
8032,8835,Legally Blonde,15.2486,2001-07-13,6.821,4633
8033,38055,Megamind,15.6372,2010-10-28,7.034,7577
8034,1584215,The Internship,14.6692,2026-01-13,6.585,129
8035,87,Indiana Jones and the Temple of Doom,14.9596,1984-05-23,7.311,10233
8036,10830,Matilda,16.1087,1996-08-02,7.179,4871
8037,440,Aliens vs Predator: Requiem,16.034,2007-12-25,5.163,3381
8038,1813,The Devil's Advocate,14.939,1997-10-17,7.48,6922
8039,615457,Nobody,16.4516,2021-03-18,7.872,8526
8040,1894,Star Wars: Episode II - Attack of the Clones,15.4947,2002-05-15,6.598,14526
8041,1479832,DC,14.0736,2026-08-07,0.0,0
8042,73,American History X,15.302,1998-07-01,8.327,12741
8043,37799,The Social Network,15.6391,2010-10-01,7.375,13326
8044,9738,Fantastic Four,16.5117,2005-06-29,5.809,10098
8045,1241983,Train Dreams,14.868,2025-11-05,7.308,1100
8046,716273,Just A Bite,12.5331,2020-06-11,0.0,0
8047,194,Amélie,15.3112,2001-04-25,7.92,12522
8048,696393,Cold Storage,17.2207,2026-01-22,6.806,671
8049,399566,Godzilla vs. Kong,15.6225,2021-03-24,7.529,10733
8050,14,American Beauty,15.823,1999-09-15,7.999,13192
8051,602,Independence Day,15.1904,1996-07-02,6.918,10593
8052,8392,My Neighbor Totoro,15.1565,1988-04-16,8.1,8945
8053,1426776,STRAW,14.4708,2025-06-05,7.693,988
8054,508943,Luca,15.5623,2021-06-17,7.778,9032
8055,18491,Neon Genesis Evangelion: The End of Evangelion,15.8768,1997-07-19,8.258,1902
8056,11423,Memories of Murder,15.1591,2003-04-25,8.059,4704
8057,89,Indiana Jones and the Last Crusade,15.3115,1989-05-24,7.855,11205
8058,890825,14 Peaks: Nothing Is Impossible,14.8877,2021-11-12,7.4,384
8059,754,Face/Off,15.0247,1997-06-27,7.059,6001
8060,1366,Rocky,15.8314,1976-12-03,7.799,8757
8061,9470,Kung Fu Hustle,14.0945,2004-02-10,7.508,3265
8062,1098006,Fountain of Youth,16.8639,2025-05-19,6.247,975
8063,453,A Beautiful Mind,15.4609,2001-12-14,7.854,11223
8064,76492,Hotel Transylvania,15.3618,2012-09-20,6.968,9277
8065,4561,The Story of O,15.3982,1975-08-27,5.497,185
8066,1376434,Predator: Killer of Killers,15.2565,2025-06-05,7.785,1274
8067,588228,The Tomorrow War,15.3333,2021-09-03,7.522,4334
8068,1556616,Summer House,15.004,2026-06-06,7.0,21
8069,308266,War Dogs,16.2124,2016-08-18,6.947,5587
8070,1724816,Helena,18.5269,2026-07-03,4.0,1
8071,467377,Crazy Lake,10.0953,2017-07-20,4.737,19
8072,36955,True Lies,14.4668,1994-07-15,7.099,4657
8073,8656,Deep Impact,15.4224,1998-05-08,6.242,3386
8074,274857,King Arthur: Legend of the Sword,15.4708,2017-05-10,6.558,6125
8075,840705,Blink Twice,17.0575,2024-08-21,6.68,1976
8076,1424435,Wings of Dread,13.6428,2026-07-03,6.4,7
8077,297762,Wonder Woman,17.2707,2017-05-30,7.207,21054
8078,2649,The Game,15.3074,1997-09-12,7.575,7451
8079,242,The Godfather Part III,15.8848,1990-12-25,7.42,6952
8080,530915,1917,16.2747,2019-12-25,7.985,13716
8081,575264,Mission: Impossible - Dead Reckoning Part One,16.4776,2023-07-08,7.504,5242
8082,420634,Terrifier,15.6625,2018-01-25,6.312,3021
8083,330459,Rogue One: A Star Wars Story,15.1947,2016-12-14,7.5,16579
8084,18823,Clash of the Titans,13.0804,2010-03-26,5.925,6766
8085,50620,The Twilight Saga: Breaking Dawn - Part 2,14.3909,2012-11-13,6.453,9441
8086,937287,Challengers,15.354,2024-04-18,6.9,2755
8087,162,Edward Scissorhands,14.6163,1990-12-07,7.721,13908
8088,281338,War for the Planet of the Apes,16.1144,2017-07-11,7.222,9837
8089,166428,How to Train Your Dragon: The Hidden World,16.2727,2019-01-03,7.754,7209
8090,9820,The Parent Trap,16.4175,1998-07-28,7.215,4586
8091,1317672,Love Me Love Me,15.0792,2026-02-12,6.039,292
8092,44896,Rango,15.2998,2011-03-02,6.912,7220
8093,329,Jurassic Park,17.4808,1993-06-11,7.976,18122
8094,676,Pearl Harbor,15.4478,2001-05-21,6.934,7093
8095,318846,The Big Short,15.8863,2015-12-11,7.369,9949
8096,1398655,Blue Film,14.6487,2026-05-08,7.389,9
8097,613868,Cousins,13.9863,2019-12-10,7.718,363
8098,105864,The Good Dinosaur,14.7437,2015-11-14,6.748,6089
8099,235,Stand by Me,15.854,1986-08-08,7.835,6625
8100,180,Minority Report,15.4608,2002-06-20,7.356,9778
8101,1592,Primal Fear,14.9734,1996-04-03,7.659,4052
8102,23168,The Town,14.2121,2010-09-15,7.227,5743
8103,405871,On the Beach,15.8613,1985-08-24,5.571,21
8104,926393,The Equalizer 3,14.3384,2023-08-30,7.298,3815
8105,102651,Maleficent,16.6134,2014-05-28,7.088,13837
8106,166426,Pirates of the Caribbean: Dead Men Tell No Tales,15.2447,2017-05-23,6.662,12946
8107,8467,Dumb and Dumber,13.854,1994-12-16,6.662,6829
8108,1701,Con Air,14.559,1997-06-05,6.784,4784
8109,567,Rear Window,15.862,1954-08-01,8.337,7257
8110,1124566,Sentimental Value,14.5402,2025-08-20,7.5,1003
8111,770,Gone with the Wind,13.6297,1939-12-15,7.906,4425
8112,7485,Shooter,14.9931,2007-03-22,7.129,5542
8113,760104,X,14.4602,2022-03-17,6.712,4053
8114,9323,Ghost in the Shell,14.5849,1995-11-18,7.925,3966
8115,950,Ice Age: The Meltdown,16.4032,2006-03-29,6.724,10450
8116,10719,Elf,14.8797,2003-11-07,6.666,4623
8117,433,Mary Poppins,14.2458,1964-12-17,7.547,5055
8118,508,Love Actually,14.3487,2003-09-07,7.1,7470
8119,1421155,Ikatan Darah,13.597,2026-04-30,7.0,8
8120,348084,Beasts Cage,16.8322,2008-02-29,3.0,2
8121,1214931,Nuremberg,14.562,2025-11-06,7.592,1279
8122,497582,Enola Holmes,14.2098,2020-09-22,7.224,6724
8123,365177,Borderlands,14.8568,2024-08-07,5.565,1534
8124,80321,Madagascar 3: Europe's Most Wanted,15.0584,2012-06-06,6.647,6657
8125,141052,Justice League,18.5726,2017-11-15,6.07,13797
8126,615173,The Witch: Part 2. The Other One,14.9431,2022-06-15,7.425,461
8127,32657,Percy Jackson & the Olympians: The Lightning Thief,14.8322,2010-02-01,6.216,7893
8128,21484,Possession,14.0355,1981-05-27,7.314,1377
8129,646315,The Legendary Lighter,12.9711,2019-10-29,6.5,6
8130,1020278,Drop Out,15.2745,2022-10-05,8.0,1
8131,384018,Fast & Furious Presents: Hobbs & Shaw,16.0046,2019-07-31,6.826,7852
8132,302946,The Accountant,14.6578,2016-10-13,7.138,7479
8133,249397,Nymphomaniac: Vol. II,14.4218,2013-12-25,6.713,3230
8134,11631,Mamma Mia!,14.4752,2008-07-03,6.964,7091
8135,450182,Grandma Maria,13.1119,2011-04-02,6.5,2
8136,321,Mambo Italiano,17.9819,2003-06-06,5.942,95
8137,9876,Stop! Or My Mom Will Shoot,14.7623,1992-02-21,5.346,1141
8138,600,Full Metal Jacket,13.7276,1987-06-26,8.118,11606
8139,537915,After,14.5464,2019-04-11,7.104,8546
8140,600,Full Metal Jacket,13.7276,1987-06-26,8.118,11606
8141,537915,After,14.5464,2019-04-11,7.104,8546
8142,507089,Five Nights at Freddy's,15.6438,2023-10-25,7.299,5112
8143,1136867,Materialists,13.679,2025-06-12,6.28,1382
8144,788,Mrs. Doubtfire,15.6236,1993-11-24,7.2,6707
8145,19404,Dilwale Dulhania Le Jayenge,14.8639,1995-10-20,8.507,4607
8146,980489,Gran Turismo,14.7405,2023-08-09,7.699,3492
8147,762441,A Quiet Place: Day One,15.2901,2024-06-26,6.646,3460
8148,381288,Split,15.4001,2017-01-19,7.341,18480
8149,187,Sin City,13.5265,2005-04-01,7.465,8955
8150,41446,Scream 4,14.9435,2011-04-13,6.5,4251
8151,10601,Peter Pan,14.7451,2003-12-18,7.133,2792
8152,141,Donnie Darko,13.3829,2001-01-19,7.76,13572
8153,661539,A Complete Unknown,12.3327,2024-12-25,7.065,1497
8154,7345,There Will Be Blood,14.2918,2007-12-26,8.065,7580
8155,56292,Mission: Impossible - Ghost Protocol,14.9019,2011-12-07,7.115,10886
8156,50646,"Crazy, Stupid, Love.",14.4547,2011-07-29,7.277,9393
8157,46195,Rio,14.2857,2011-04-03,6.8,7258
8158,61930,Bagnomaria,14.9297,1999-02-12,5.9,116
8159,1593,Night at the Museum,15.4407,2006-12-20,6.6,11073
8160,95,Armageddon,14.0985,1998-07-01,6.834,8710
8161,3782,Ikiru,14.2354,1952-10-09,8.304,1372
8162,695721,The Hunger Games: The Ballad of Songbirds & Snakes,15.2453,2023-11-15,6.969,3589
8163,1153714,Death of a Unicorn,13.6403,2025-03-17,6.399,876
8164,107,Snatch,14.7097,2000-09-01,7.827,10118
8165,1043197,Dust Bunny,13.9947,2025-12-11,6.672,361
8166,142,Brokeback Mountain,14.3486,2005-10-22,7.786,7642
8167,1719326,The Cheating Wife,14.1924,2026-06-26,3.0,1
8168,37724,Skyfall,14.8022,2012-10-24,7.264,16254
8169,942,Lethal Weapon 2,15.8299,1989-07-07,7.044,3804
8170,264660,Ex Machina,14.2306,2015-01-21,7.571,14430
8171,2493,The Princess Bride,14.1644,1987-09-25,7.706,5198
8172,44264,True Grit,13.9409,2010-12-22,7.306,5836
8173,20453,3 Idiots,14.1784,2009-12-23,8.006,2776
8174,1411773,The Last Stand of Ellen Cole,13.1503,2024-10-18,8.205,62
8175,588,Silent Hill,14.7919,2006-04-21,6.644,5003
8176,1933,The Others,13.8977,2001-08-02,7.618,7309
8177,509,Notting Hill,13.543,1999-05-21,7.266,6803
8178,335988,Transformers: The Last Knight,13.9562,2017-06-16,6.06,6819
8179,516729,Paddington in Peru,14.9575,2024-11-08,6.802,724
8180,516729,Paddington in Peru,14.9575,2024-11-08,6.802,724
8181,758330,"Good Luck to You, Leo Grande",14.658,2022-06-16,6.987,697
8182,625119,The Spring Outside the Fence,13.7971,1985-08-10,6.0,1
8183,8961,Bad Boys II,14.8685,2003-07-18,6.656,6027
8184,18334,Guinea Pig: Devil's Experiment,11.9486,1985-09-04,4.813,163
8185,1170608,Dune: Part Three,15.192,2026-12-16,0.0,0
8186,5825,National Lampoon's Christmas Vacation,14.5874,1989-11-30,7.232,2745
8187,420817,Aladdin,15.0538,2019-05-22,7.081,10717
8188,50619,The Twilight Saga: Breaking Dawn - Part 1,13.8439,2011-11-16,6.186,9347
8189,353081,Mission: Impossible - Fallout,14.2794,2018-07-25,7.451,9250
8190,63,Twelve Monkeys,15.3716,1995-12-29,7.61,9254
8191,1072790,Anyone but You,15.1923,2023-12-21,6.76,3151
8192,646385,Scream,15.4019,2022-01-12,6.7,3954
8193,1278,The Dreamers,14.8737,2003-10-10,7.2,3127
8194,22538,Scott Pilgrim vs. the World,14.0951,2010-08-12,7.484,8733
8195,697843,Extraction 2,15.7276,2023-06-09,7.394,2986
8196,613504,After We Collided,15.3085,2020-09-02,7.15,5483
8197,87827,Life of Pi,16.0983,2012-11-20,7.413,13884
8198,1183166,Vjeran Tomic: The Spider-Man of Paris,12.747,2023-10-20,7.015,67
8199,748783,The Garfield Movie,14.0614,2024-04-30,6.974,1469
8200,1195506,Novocaine,13.7466,2025-03-03,6.777,1679
8201,297761,Suicide Squad,14.8664,2016-08-03,5.917,22257
8202,526896,Morbius,14.8694,2022-03-30,5.894,4886
8203,10192,Shrek Forever After,15.0096,2010-05-16,6.408,8050
8204,451156,Infidelity in Suburbia,14.3352,2017-02-25,6.21,162
8205,7518,Over the Hedge,14.4691,2006-05-17,6.6,4920
8206,214,Saw III,14.6689,2006-10-26,6.419,5018
8207,172385,Rio 2,13.7156,2014-03-19,6.517,3814
8208,411088,The Invisible Guest,13.1767,2017-01-06,8.076,5071
8209,1124620,The Monkey,13.1575,2025-02-10,5.973,1405
8210,62211,Monsters University,14.5363,2013-06-19,7.055,11446
8211,947891,My Old Ass,13.3098,2024-09-13,6.758,500
8212,204407,Bosco d'amore,14.2528,1981-09-08,4.667,6
8213,49046,All Quiet on the Western Front,15.3161,2022-10-07,7.739,4808
8214,4327,Charlie's Angels,14.1157,2000-11-02,5.853,4569
8215,1739320,Racing Heart,14.5187,2026-07-28,0.0,0
8216,10882,Sleeping Beauty,14.6023,1959-02-17,6.946,5530
8217,787699,Wonka,13.9062,2023-12-06,7.037,4471
8218,447277,The Little Mermaid,14.6326,2023-05-18,6.262,3363
8219,948,Halloween,15.6332,1978-10-24,7.562,6259
8220,447277,The Little Mermaid,14.6326,2023-05-18,6.262,3363
8221,948,Halloween,15.6332,1978-10-24,7.562,6259
8222,1146058,The Pout-Pout Fish,13.0084,2026-01-01,5.1,15
8223,661374,Glass Onion: A Knives Out Mystery,13.62,2022-11-23,7.028,6991
8224,316029,The Greatest Showman,13.9271,2017-12-20,7.856,10145
8225,941109,Play Dirty,16.1474,2025-09-30,6.56,663
8226,124905,Godzilla,13.6178,2014-05-14,6.364,9908
8227,800158,The Killer,14.6154,2023-10-25,6.576,2894
8228,240832,Lucy,13.917,2014-07-25,6.475,17222
8229,22804,Saw VI,13.9764,2009-10-22,6.294,3561
8230,483411,Ladies in Black,13.6958,2018-10-18,6.727,192
8231,979,Irreversible,13.542,2002-05-22,7.174,3369
8232,2756,The Abyss,11.9811,1989-08-09,7.357,3515
8233,27578,The Expendables,13.9741,2010-08-07,6.253,8379
8234,744653,The Thursday Murder Club,13.814,2025-08-22,6.577,1076
8235,24086,The Boy Who Could Fly,13.246,1986-08-15,6.313,147
8236,1291335,Solo Mio,13.4183,2026-02-05,7.5,231
8237,84892,The Perks of Being a Wallflower,13.9731,2012-09-20,7.804,11339
8238,7191,Cloverfield,13.1542,2008-01-15,6.722,7979
8239,1408208,Exit 8,14.0594,2025-08-29,7.002,656
8240,310131,The Witch,14.4246,2016-02-19,7.0,7765
8241,634,Bridget Jones's Diary,13.6092,2001-04-13,6.742,5562
8242,1089,Point Break,14.0226,1991-07-12,7.155,4058
8243,343611,Jack Reacher: Never Go Back,13.7058,2016-10-19,6.029,5417
8244,1949,Zodiac,14.6489,2007-03-02,7.533,11707
8245,616,The Last Samurai,14.4528,2003-12-05,7.613,7664
8246,14574,The Boy in the Striped Pyjamas,13.9027,2008-05-07,7.823,7759
8247,594,The Terminal,14.6787,2004-06-17,7.357,8830
8248,11362,The Count of Monte Cristo,13.0172,2002-01-23,7.685,2068
8249,96721,Rush,13.0574,2013-09-02,7.744,7934
8250,10693,Peter Pan,13.7264,1953-02-05,7.193,5801
8251,412117,The Secret Life of Pets 2,14.6768,2019-05-24,6.952,3375
8252,563,Starship Troopers,12.6898,1997-11-07,7.114,5603
8253,346364,It,13.8326,2017-09-06,7.24,20500
8254,273248,The Hateful Eight,15.498,2015-12-25,7.757,15450
8255,17654,District 9,14.673,2009-08-05,7.475,10491
8256,893723,PAW Patrol: The Mighty Movie,13.4394,2023-09-21,6.922,573
8257,2454,The Chronicles of Narnia: Prince Caspian,13.9562,2008-05-15,6.636,6852
8258,41439,Saw 3D,13.3235,2010-10-22,5.977,3349
8259,2024,The Patriot,15.0711,2000-06-28,7.213,4410
8260,13345,A Chinese Odyssey Part One: Pandora's Box,12.2724,1995-01-21,7.5,315
8261,5503,The Fugitive,14.2651,1993-08-06,7.486,4868
8262,1008042,Talk to Me,14.0397,2023-07-26,7.141,3861
8263,949536,Kill Code,13.267,2026-04-16,4.735,17
8264,774752,The Guardians of the Galaxy Holiday Special,13.9848,2022-11-24,7.086,2418
8265,9902,Wrong Turn,15.0029,2003-05-30,6.404,3065
8266,1207162,Rise of the Conqueror,13.3982,2026-04-09,6.2,18
8267,79,Hero,12.6418,2002-12-19,7.505,2547
8268,1220564,The Secret Agent,14.4469,2025-07-23,7.186,794
8269,4638,Hot Fuzz,13.7461,2007-02-14,7.567,8469
8270,23483,Kick-Ass,13.0201,2010-03-26,7.122,12509
8271,1621,Trading Places,12.606,1983-06-07,7.231,3714
8272,296,Terminator 3: Rise of the Machines,12.9043,2003-07-02,6.2,7370
8273,882569,Guy Ritchie's The Covenant,14.1919,2023-04-19,7.719,3266
8274,235271,Addicted,12.5785,2014-10-10,5.931,455
8275,152601,Her,13.7212,2013-12-18,7.835,15459
8276,335977,Indiana Jones and the Dial of Destiny,15.6317,2023-06-25,6.508,4252
8277,1671541,Three Kingdoms: The Beginning,13.1959,2026-06-27,6.5,2
8278,1084736,The Count of Monte Cristo,12.5581,2024-06-28,7.9,2085
8279,181533,Night at the Museum: Secret of the Tomb,15.5277,2014-12-17,6.225,6277
8280,181533,Night at the Museum: Secret of the Tomb,15.5277,2014-12-17,6.225,6277
8281,682507,Where the Crawdads Sing,14.7971,2022-07-14,7.521,2354
8282,9532,Final Destination,13.2913,2000-03-17,6.642,6819
8283,1268127,Humint,13.4713,2026-02-11,7.467,168
8284,2668,Sleepy Hollow,13.5252,1999-11-19,7.195,7468
8285,277217,Descendants,13.524,2015-07-31,7.177,2546
8286,974262,Descendants: The Rise of Red,13.5439,2024-07-11,6.755,510
8287,1022787,Elio,11.3198,2025-06-18,6.905,1065
8288,1598,Cape Fear,14.0098,1991-11-13,7.263,3955
8289,804150,Cocaine Bear,14.4418,2023-02-22,5.987,2486
8290,290250,The Nice Guys,12.3079,2016-05-15,7.132,8785
8291,1489931,Suzzanna: Witchcraft,11.1249,2026-03-18,7.2,5
8292,268,Batman,14.5505,1989-06-21,7.234,8676
8293,474350,It Chapter Two,11.2542,2019-09-04,6.835,9744
8294,225886,Sex Tape,14.7504,2014-07-17,5.403,4246
8295,158852,Tomorrowland,13.7824,2015-05-19,6.304,7429
8296,400535,Sicario: Day of the Soldado,16.2603,2018-06-27,6.948,4121
8297,9072,Little Man,13.247,2006-08-31,5.947,1942
8298,206647,Spectre,12.3398,2015-10-26,6.571,11362
8299,941,Lethal Weapon,14.7225,1987-03-06,7.301,5121
8300,153518,The Angry Birds Movie,13.2028,2016-05-11,6.285,4077
8301,335797,Sing,13.6697,2016-11-23,7.125,8504
8302,1723460,A Toxic Love Story,12.5352,2026-07-22,6.526,39
8303,1635,The Island,14.3397,2005-07-21,6.7,5959
8304,9334,The Scorpion King,13.5978,2002-04-18,5.59,3421
8305,579974,RRR,13.8884,2022-03-24,7.71,1648
8306,531309,Brightburn,13.572,2019-05-09,6.154,3528
8307,1011477,Karate Kid: Legends,13.6278,2025-05-08,6.972,1250
8308,15512,Monsters vs Aliens,13.5038,2009-03-19,6.263,5054
8309,843,In the Mood for Love,12.9577,2000-09-29,8.085,3316
8310,968051,The Nun II,14.7202,2023-09-06,6.634,2529
8311,75,Mars Attacks!,13.1406,1996-12-13,6.427,5950
8312,257211,The Intern,14.5117,2015-09-23,7.227,7411
8313,1191876,From the Ashes,11.68,2027-06-01,0.0,0
8314,683420,Border Pursuit,11.5632,2019-01-01,0.0,0
8315,310,Bruce Almighty,15.0498,2003-05-23,6.729,11607
8316,49529,John Carter,14.7215,2012-03-07,6.379,6196
8317,937278,A Man Called Otto,11.1277,2022-12-28,7.746,3674
8318,12092,Alice in Wonderland,13.2685,1951-08-09,7.188,6330
8319,413114,L’orgia,11.356,1978-11-26,4.167,6
8320,1358005,Office Romance,13.4913,2026-06-04,6.379,339
8321,404368,Ralph Breaks the Internet,12.9915,2018-11-20,7.158,8192
8322,193756,Lone Survivor,13.517,2013-12-24,7.433,4817
8323,9426,The Fly,13.7312,1986-08-15,7.438,5043
8324,1288445,Mutiny,14.4771,2026-08-19,0.0,0
8325,13494,Red Sonja,13.4819,2025-07-31,5.645,258
8326,898704,Desert Warrior,12.9182,2026-04-23,5.8,25
8327,974635,Hit Man,13.4119,2024-05-16,6.782,1692
8328,8055,The Reader,13.3709,2008-12-10,7.464,3434
8329,2034,Training Day,13.6927,2001-10-05,7.527,6710
8330,870028,The Accountant²,15.528,2025-04-23,7.077,1864
8331,799882,The Bluff,14.4795,2026-02-17,6.712,191
8332,940551,Migration,13.7926,2023-12-06,7.355,2287
8333,8413,Event Horizon,13.1785,1997-08-15,6.595,3386
8334,11619,Flushed Away,14.9215,2006-10-22,6.334,4149
8335,1562,28 Weeks Later,14.5906,2007-04-26,6.598,5708
8336,251,Ghost,12.8865,1990-07-13,7.241,6122
8337,420809,Maleficent: Mistress of Evil,15.4608,2019-10-16,7.297,6556
8338,184315,Hercules,13.8402,2014-07-23,5.804,4399
8339,1327688,One Mile: Chapter One,13.8075,2026-02-20,6.931,108
8340,45243,The Hangover Part II,13.037,2011-05-25,6.512,11403
8341,9637,Scooby-Doo,12.2859,2002-06-14,6.113,4834
8342,814,An American Werewolf in London,13.2635,1981-08-21,7.394,2748
8343,662723,Danur: The Last Chapter,13.7044,2026-03-18,6.5,4
8344,10201,Yes Man,13.5903,2008-12-09,6.694,7490
8345,5174,Rush Hour 3,14.3491,2007-08-08,6.501,3787
8346,286687,Love Lesson,12.7371,2013-12-05,6.81,42
8347,37135,Tarzan,12.8624,1999-06-17,7.409,7415
8348,621,Grease,12.8889,1978-06-16,7.367,7739
8349,137106,The Lego Movie,13.8822,2014-02-06,7.431,8596
8350,527774,Raya and the Last Dragon,14.6661,2021-03-03,7.796,7362
8351,461542,Letter to God,11.0119,2014-10-12,6.0,1
8352,753342,Napoleon,16.7377,2023-11-22,6.303,3178
8353,44833,Battleship,13.5436,2012-04-11,5.926,6075
8354,949423,Pearl,11.3123,2022-09-16,7.2,2669
8355,777443,The Electric State,14.0967,2025-02-24,6.481,1734
8356,956,Mission: Impossible III,13.319,2006-04-25,6.768,7728
8357,2502,The Bourne Supremacy,13.037,2004-07-23,7.334,8277
8358,339846,Baywatch,13.6826,2017-05-25,6.08,8575
8359,1414413,Brothers Under Fire,12.9077,2026-04-15,5.763,38
8360,1197137,Black Phone 2,13.6899,2025-10-15,6.659,1254
8361,198184,Chappie,13.4316,2015-03-04,6.79,8571
8362,4011,Beetlejuice,11.2489,1988-03-30,7.371,8551
8363,2503,The Bourne Ultimatum,13.2503,2007-08-03,7.441,8477
8364,12405,Slumdog Millionaire,13.1838,2008-11-12,7.731,11457
8365,446354,The Post,14.2608,2017-12-22,7.005,4964
8366,718833,Bokshi,11.2226,2026-10-09,0.0,0
8367,1404791,Dollhouse,12.4499,2025-06-13,7.57,122
8368,287598,A Rose Garden of Six Acres,12.0654,1970-08-18,10.0,1
8369,10483,Death Race,13.9277,2008-08-22,6.315,4209
8370,5175,Rush Hour 2,13.6691,2001-08-03,6.775,4686
8371,871,Planet of the Apes,12.5461,1968-02-07,7.7,4026
8372,964980,Air,12.6694,2023-04-05,7.281,2380
8373,519465,Queen of Hearts,12.9987,2019-03-27,6.918,384
8374,395834,Wind River,13.5625,2017-08-03,7.439,5863
8375,45612,Source Code,14.2384,2011-03-30,7.314,9259
8376,48650,Room in Rome,12.4329,2010-05-07,6.4,839
8377,211672,Minions,13.3904,2015-06-17,6.422,11203
8378,9880,The Princess Diaries,14.204,2001-08-03,7.0,5312
8379,338952,Fantastic Beasts: The Crimes of Grindelwald,13.0832,2018-11-14,6.833,11567
8380,57214,Project X,14.6188,2012-03-01,6.921,6954
8381,926,Galaxy Quest,13.2981,1999-12-25,7.09,2582
8382,591,The Da Vinci Code,14.3721,2006-05-17,6.733,10184
8383,177677,Mission: Impossible - Rogue Nation,13.5318,2015-07-28,7.225,9823
8384,1290417,Thrash,12.4883,2026-04-10,6.06,719
8385,1071585,M3GAN 2.0,14.1652,2025-06-25,7.17,1417
8386,13186,Wrong Turn 2: Dead End,12.8368,2007-08-25,6.174,1586
8387,345887,The Equalizer 2,12.4564,2018-07-19,6.796,6071
8388,1033148,Die My Love,13.0424,2025-10-06,6.1,590
8389,1582770,Dhurandhar: The Revenge,11.2761,2026-03-18,7.341,135
8390,336843,Maze Runner: The Death Cure,13.0563,2018-01-10,7.08,8498
8391,686,Contact,12.7902,1997-07-11,7.448,5084
8392,417859,Puss in Boots,14.3135,2011-10-27,6.612,4674
8393,41513,The Smurfs,13.8595,2011-07-29,5.757,4043
8394,163,Ocean's Twelve,12.9649,2004-12-09,6.566,8014
8395,646,Dr. No,12.5271,1962-10-07,6.984,4115
8396,190859,American Sniper,14.0393,2014-12-25,7.411,13770
8397,50359,Hop,12.5062,2011-03-30,5.792,1409
8398,10527,Madagascar: Escape 2 Africa,14.1392,2008-10-30,6.529,7517
8399,294254,Maze Runner: The Scorch Trials,13.8744,2015-09-09,6.731,11150
8400,294254,Maze Runner: The Scorch Trials,13.8744,2015-09-09,6.731,11150
8401,1607,A Bronx Tale,12.9355,1993-10-01,7.9,2942
8402,10066,House of Wax,14.337,2005-05-05,6.038,3407
8403,894205,Werewolf by Night,12.7148,2022-09-25,6.967,1568
8404,565,The Ring,13.0972,2002-10-18,6.708,6780
8405,841,Dune,13.7372,1984-12-14,6.188,3474
8406,22794,Cloudy with a Chance of Meatballs,14.7683,2009-09-17,6.663,6540
8407,13053,Bolt,13.8511,2008-11-21,6.553,6581
8408,1029575,The Family Plan,12.3724,2023-12-14,7.212,1942
8409,424694,Bohemian Rhapsody,13.4273,2018-10-24,7.955,17901
8410,749170,Heads of State,15.2121,2025-06-24,6.8,1103
8411,1149504,Honey Don't!,12.316,2025-08-21,5.52,448
8412,1088434,Hellfire,12.1543,2026-05-14,5.167,12
8413,402900,Ocean's Eight,13.6848,2018-06-07,6.952,8897
8414,804095,The Fabelmans,13.9729,2022-11-11,7.562,2825
8415,324852,Despicable Me 3,13.7003,2017-06-15,6.471,7716
8416,1327886,Freek de Jonge - De Laatste Lach,10.4805,2008-12-26,0.0,0
8417,7443,Chicken Run,13.2342,2000-06-23,6.849,5465
8418,522627,The Gentlemen,13.4423,2020-01-01,7.659,6732
8419,11917,Saw V,12.6062,2008-10-23,6.174,3860
8420,291805,Now You See Me 2,13.3752,2016-06-02,6.825,11700
8421,1119878,Ice Road: Vengeance,13.3521,2025-06-27,6.246,650
8422,16859,Kiki's Delivery Service,12.9535,1989-07-29,7.839,4650
8423,1291608,Dhurandhar,11.176,2025-12-05,7.287,334
8424,512195,Red Notice,15.2642,2021-11-04,6.727,6535
8425,1417285,The Stain,12.4819,2026-02-26,4.0,2
8426,1616674,Me Before Me,11.5714,2026-07-11,6.528,18
8427,9408,Surf's Up,12.6297,2007-06-08,6.514,2795
8428,9947,Elektra,12.6062,2005-01-13,5.052,2708
8429,5082,The Traveling Companion,11.1673,1981-01-03,4.625,12
8430,9982,Chicken Little,13.392,2005-11-04,5.919,4213
8431,1369,Rambo: First Blood Part II,12.2045,1985-05-21,6.662,4389
8432,1291595,Insidious: Out of the Further,10.7351,2026-08-19,0.0,0
8433,250546,Annabelle,13.0313,2014-10-01,5.789,6601
8434,39514,RED,13.8435,2010-10-13,6.706,7219
8435,9655,She's the Man,13.4058,2006-03-17,6.81,3336
8436,662707,Starbright,11.9966,2026-02-27,5.675,20
8437,966,The Magnificent Seven,13.4461,1960-10-12,7.5,2019
8438,467244,The Zone of Interest,14.8159,2023-12-15,7.0,2677
8439,297090,The Torture Club,11.604,2014-07-19,5.235,51
8440,297090,The Torture Club,11.604,2014-07-19,5.235,51
8441,9928,Robots,12.2886,2005-03-10,6.5,4992
8442,127380,Finding Dory,13.2121,2016-06-16,7.042,12757
8443,322,Mystic River,12.7165,2003-10-08,7.744,7573
8444,217,Indiana Jones and the Kingdom of the Crystal Skull,13.4909,2008-05-21,6.03,9129
8445,740985,Borat Subsequent Moviefilm: Delivery of Prodigious Bribe to American Regime for Make Benefit Once Glorious Nation of Kazakhstan,13.0877,2020-10-23,6.429,2910
8446,396422,Annabelle: Creation,13.6001,2017-08-03,6.608,6040
8447,289,Casablanca,12.8002,1943-01-15,8.138,6131
8448,534,Terminator Salvation,13.1877,2009-05-20,6.099,7142
8449,46738,Incendies,13.2047,2010-09-17,8.108,3380
8450,9659,Mad Max,10.6194,1979-04-12,6.683,5034
8451,1991,Death Proof,11.9281,2007-05-22,6.838,5718
8452,4257,Scary Movie 4,13.0891,2006-04-12,5.496,3681
8453,10764,Quantum of Solace,10.4159,2008-10-29,6.341,8655
8454,13056,Punisher: War Zone,13.0294,2008-12-05,5.872,1347
8455,619725,Thievery,10.7092,2018-09-04,0.0,0
8456,520763,A Quiet Place Part II,13.0244,2021-05-21,7.431,7518
8457,1034541,Terrifier 3,12.433,2024-10-09,6.8,1997
8458,644,A.I. Artificial Intelligence,12.4265,2001-06-29,7.067,6758
8459,138832,We're the Millers,12.7089,2013-08-07,6.842,9556
8460,70160,The Hunger Games,13.1416,2012-03-12,7.224,23513
8461,380,Rain Man,12.204,1988-12-12,7.753,7203
8462,415,Batman & Robin,12.1012,1997-06-20,4.395,5477
8463,9336,Police Academy,11.8459,1984-03-22,6.717,3040
8464,1284120,The Ugly Stepsister,12.0343,2025-03-07,7.3,1253
8465,364,Batman Returns,12.3451,1992-06-19,6.95,7180
8466,49018,Insidious,13.0789,2011-03-31,6.946,7430
8467,1390382,Couture,13.4178,2026-02-18,6.176,51
8468,339964,Valerian and the City of a Thousand Planets,11.4319,2017-07-19,6.654,8127
8469,9836,Happy Feet,13.1518,2006-11-16,6.23,5526
8470,813,Airplane!,12.4855,1980-06-27,7.303,5146
8471,646380,Don't Look Up,13.3026,2021-12-08,7.059,9505
8472,829560,The Next 365 Days,13.8876,2022-08-18,6.38,1332
8473,645710,The Voyeurs,12.8151,2021-08-25,6.542,1240
8474,1575337,Cosmic Princess Kaguya!,12.3169,2026-01-22,8.361,97
8475,4922,The Curious Case of Benjamin Button,12.6252,2008-12-25,7.601,13878
8476,1231767,Exchange Wife 2,11.9343,2023-02-03,6.0,1
8477,19913,(500) Days of Summer,12.4817,2009-07-17,7.305,11162
8478,1248226,Playdate,12.6499,2025-11-04,6.134,640
8479,454640,The Angry Birds Movie 2,13.0606,2019-08-02,7.046,1928
8480,1130276,Succubus,12.2413,2024-10-06,8.49,256
8481,14001,Dead Silence,13.3534,2007-03-16,6.452,2478
8482,405818,Door II: Tokyo Diary,11.7468,1991-04-25,6.2,15
8483,9495,The Crow,11.9238,1994-05-11,7.529,4600
8484,9383,Hollow Man,13.2218,2000-08-04,5.97,2864
8485,929204,Wallace & Gromit: Vengeance Most Fowl,11.3444,2024-12-18,7.455,684
8486,1217584,Torrente for President,12.0717,2026-03-13,6.137,139
8487,400155,Hotel Transylvania 3: Summer Vacation,13.0671,2018-06-28,6.847,4754
8488,10555,Shark Tale,13.466,2004-09-20,6.045,6779
8489,1224182,Mourning Wife: Shallow and Deep,15.47,1994-04-22,4.333,3
8490,75612,Oblivion,12.7038,2013-04-10,6.688,11666
8491,13183,Watchmen,12.774,2009-03-04,7.355,10132
8492,333484,The Magnificent Seven,10.4406,2016-09-14,6.495,6491
8493,4233,Scream 2,14.9871,1997-12-12,6.518,4825
8494,131634,The Hunger Games: Mockingjay - Part 2,13.3818,2015-11-18,6.902,13467
8495,1954,The Butterfly Effect,11.5688,2004-01-17,7.579,8366
8496,974950,Emilia Pérez,13.4006,2024-08-21,6.441,2004
8497,630940,Jokyoshi Nikki 2 Abakareta Sei,11.4811,1996-06-13,9.3,6
8498,913290,Barbarian,11.0905,2022-09-08,6.873,3378
8499,1265,Bridge to Terabithia,13.1863,2007-02-15,7.347,5383
8500,4192,Death on the Nile,11.6131,1978-09-29,7.145,926
8501,8871,How the Grinch Stole Christmas,12.1087,2000-11-17,6.781,8370
8502,454,Romeo + Juliet,12.9585,1996-11-01,6.781,5396
8503,24021,The Twilight Saga: Eclipse,12.7893,2010-06-23,6.191,9320
8504,762504,Nope,14.2702,2022-07-20,6.823,5036
8505,505026,Death on the Nile,13.289,2022-02-09,6.411,4284
8506,338970,Tomb Raider,13.3143,2018-03-05,6.365,8432
8507,4982,American Gangster,12.4762,2007-11-02,7.593,6135
8508,9928,Robots,12.2886,2005-03-10,6.492,4992
8509,64682,The Great Gatsby,12.518,2013-05-09,7.349,13052
8510,678229,Rising Storm,11.0802,1966-01-01,0.0,0
8511,159824,Hotel Transylvania 2,12.5214,2015-09-21,6.764,6197
8512,899294,Frank and Penelope,10.1339,2022-06-03,7.306,139
8513,5548,RoboCop,11.1046,1987-07-17,7.364,5836
8514,1047041,Detective Conan: Black Iron Submarine,12.0096,2023-04-14,7.0,142
8515,6477,Alvin and the Chipmunks,12.035,2007-12-13,5.845,4788
8516,1239134,Bhooth Bangla,11.5358,2026-04-16,5.554,56
8517,882598,Smile,11.6774,2022-09-23,6.674,4163
8518,28178,Hachi: A Dog's Tale,12.1576,2009-06-08,8.007,7255
8519,426889,Le Clitoris,17.1101,2017-08-24,6.761,44
8520,9023,Spirit: Stallion of the Cimarron,12.4442,2002-05-24,7.705,4971
8521,8321,In Bruges,12.678,2008-02-08,7.499,5869
8522,1669057,Check-In,11.8358,2026-05-01,6.25,4
8523,59967,Looper,12.4494,2012-09-26,6.911,11047
8524,1592768,One Gram of Life,11.5612,2025-11-14,0.0,0
8525,80278,The Impossible,12.6195,2012-09-09,7.374,6765
8526,9702,Bound by Honor,12.3257,1993-02-05,8.197,1585
8527,1637,Speed,12.4849,1994-06-09,7.158,6947
8528,984249,Ruthless,10.293,2023-12-14,6.424,145
8529,2300,Space Jam,12.0315,1996-11-15,6.808,6485
8530,837881,She Said,13.3341,2022-11-17,7.163,730
8531,307081,Southpaw,11.945,2015-07-22,7.365,5886
8532,1370,Rambo III,12.4233,1988-05-24,6.203,3531
8533,189,Sin City: A Dame to Kill For,11.0372,2014-08-20,6.405,4221
8534,425909,Ghostbusters: Afterlife,12.0184,2021-11-18,7.314,5239
8535,480530,Creed II,14.0892,2018-11-21,7.0,5857
8536,185664,Nun in Rope Hell,12.2813,1984-05-25,6.3,37
8537,22744,Jane Eyre,10.3009,1943-12-24,6.929,154
8538,447404,Pokémon Detective Pikachu,12.0874,2019-05-03,6.902,7433
8539,624860,The Matrix Resurrections,12.8569,2021-12-16,6.321,6596
8540,293670,The Wailing,10.8192,2016-05-12,7.375,2112
8541,30497,The Texas Chain Saw Massacre,12.1148,1974-10-11,7.291,3886
8542,1538,Collateral,11.1683,2004-08-04,7.245,6378
8543,319,True Romance,12.102,1993-09-09,7.541,3122
8544,297,Meet Joe Black,12.5783,1998-11-12,7.37,5849
8545,414287,Trót Yêu,10.8633,2015-10-16,0.0,0
8546,1624,Liar Liar,13.025,1997-03-21,6.716,6315
8547,495764,Birds of Prey (and the Fantabulous Emancipation of One Harley Quinn),11.9801,2020-02-05,6.868,10903
8548,391713,Lady Bird,14.1906,2017-09-01,7.251,9091
8549,76493,The Dictator,12.1954,2012-05-15,6.241,6535
8550,10054,Spy Kids,12.2674,2001-03-18,5.818,3758
8551,1010755,The Strangers: Chapter 3,11.4706,2026-02-05,5.924,256
8552,398978,The Irishman,11.846,2019-11-01,7.573,7608
8553,9392,The Descent,12.2085,2005-07-08,6.986,4497
8554,9016,Treasure Planet,13.7025,2002-11-26,7.576,4683
8555,8909,Wanted,11.7071,2008-06-19,6.529,7694
8556,664,Twister,11.7297,1996-05-10,6.564,3919
8557,9325,The Jungle Book,12.3681,1967-10-18,7.288,6725
8558,387,Das Boot,12.2147,1981-09-17,8.083,2565
8559,1372,Blood Diamond,12.4624,2006-12-08,7.562,8434
8560,1372,Blood Diamond,12.4624,2006-12-08,7.562,8434
8561,64688,21 Jump Street,12.7134,2012-03-14,6.885,11158
8562,976893,Perfect Days,12.115,2023-11-10,7.806,1980
8563,20943,The Ugly Truth,13.0305,2009-07-24,6.509,3809
8564,4964,Knocked Up,11.6826,2007-06-01,6.3,4358
8565,9732,The Lion King II: Simba's Pride,12.7374,1998-10-24,6.944,4713
8566,1195803,Wicker,11.6775,2026-10-21,0.0,0
8567,9714,Home Alone 3,12.9845,1997-12-12,5.3,3326
8568,581528,"The Gangster, the Cop, the Devil",11.4597,2019-05-15,7.878,1535
8569,275,Fargo,11.2271,1996-03-08,7.851,9219
8570,531428,Portrait of a Lady on Fire,12.2581,2019-09-06,8.092,2979
8571,165,Back to the Future Part II,11.8818,1989-11-22,7.8,14100
8572,4824,The Jackal,12.2283,1997-11-14,6.408,2169
8573,9297,Monster House,12.8617,2006-06-30,6.7,4388
8574,666277,Past Lives,13.1059,2023-06-02,7.698,2385
8575,110415,Snowpiercer,12.4631,2013-08-01,6.906,10540
8576,22803,Law Abiding Citizen,11.3379,2009-10-15,7.395,5767
8577,464052,Wonder Woman 1984,12.1619,2020-12-16,6.362,9156
8578,1272149,Bridget Jones: Mad About the Boy,11.3778,2025-02-12,6.366,558
8579,19994,Jennifer's Body,11.7909,2009-09-18,5.998,4316
8580,819,Sleepers,11.3282,1996-10-18,7.599,3962
8581,1903,Vanilla Sky,10.2997,2001-12-14,6.827,4742
8582,957,Spaceballs,11.5795,1987-06-24,6.887,3484
8583,972809,The Qing Palace's Secret Affairs 5,11.3244,2002-01-01,0.0,0
8584,585083,Hotel Transylvania: Transformania,12.3408,2022-01-31,7.027,3061
8585,1824,50 First Dates,13.3033,2004-02-13,6.873,7825
8586,840430,The Holdovers,11.5677,2023-10-27,7.6,2581
8587,405774,Bird Box,12.4047,2018-12-13,6.825,10704
8588,19908,Zombieland,14.6226,2009-10-02,7.261,13331
8589,324668,Jason Bourne,12.332,2016-07-27,6.382,6284
8590,206487,Predestination,11.8061,2014-08-28,7.416,7201
8591,10315,Fantastic Mr. Fox,12.2305,2009-10-14,7.823,6213
8592,370663,Below Her Mouth,10.6222,2017-02-10,6.8,1309
8593,388,Inside Man,12.0438,2006-03-17,7.411,6459
8594,9693,Children of Men,12.3502,2006-09-22,7.613,7978
8595,157350,Divergent,12.2702,2014-03-14,6.903,13596
8596,89492,This Is 40,12.645,2012-12-20,5.897,2369
8597,930094,"Red, White & Royal Blue",11.0473,2023-07-27,7.929,1600
8598,852257,Seven Lacs,10.5269,1957-10-11,0.0,0
8599,626332,Flamin' Hot,13.563,2023-03-11,7.94,839
8600,626332,Flamin' Hot,13.563,2023-03-11,7.94,839
8601,627,Trainspotting,13.5033,1996-02-23,7.958,10515
8602,766,Army of Darkness,12.2277,1992-10-31,7.257,3594
8603,2164,Stargate,10.9926,1994-10-28,7.035,3894
8604,1013850,A Real Pain,12.1387,2024-11-01,6.779,1456
8605,287947,Shazam!,13.6324,2019-03-29,6.974,10326
8606,343668,Kingsman: The Golden Circle,12.5383,2017-09-20,6.945,11247
8607,7555,Rambo,9.9275,2008-01-24,6.699,4336
8608,587,Big Fish,11.2364,2003-12-10,7.751,7858
8609,1290879,The Woman in Cabin 10,11.423,2025-10-09,6.187,1087
8610,460458,Resident Evil: Welcome to Raccoon City,12.5482,2021-11-24,5.928,2744
8611,639933,The Northman,13.0748,2022-04-07,7.025,5164
8612,415541,My Pussy is the Best,11.7369,1982-10-10,5.0,10
8613,529203,The Croods: A New Age,12.3917,2020-11-25,7.438,4193
8614,2666,Dark City,12.82,1998-02-27,7.324,3268
8615,9654,The Italian Job,11.307,2003-05-30,6.798,6107
8616,1515729,Blast,11.604,2026-05-28,6.871,31
8617,1885,The Karate Kid,12.9392,1984-06-22,7.229,4792
8618,1359685,El mal,10.4407,2026-01-16,5.9,5
8619,65,8 Mile,11.9703,2002-11-08,7.146,7905
8620,10196,The Last Airbender,11.3366,2010-06-30,4.647,4313
8621,1196067,Worldbreaker,11.3521,2025-10-30,6.039,254
8622,12230,One Hundred and One Dalmatians,12.1669,1961-01-25,7.176,6721
8623,436565,A Bull for Mounts,13.1169,1976-01-01,4.429,7
8624,273477,Scouts Guide to the Zombie Apocalypse,11.0758,2015-10-23,6.6,2160
8625,747,Shaun of the Dead,11.5879,2004-04-09,7.544,9489
8626,241259,Alice Through the Looking Glass,10.947,2016-05-25,6.565,6836
8627,5879,In the Realm of the Senses,11.6831,1976-09-15,6.596,743
8628,46853,Playing with Love,10.3432,1977-05-06,5.3,87
8629,1181678,¿Quieres ser mi hijo?,10.3387,2023-09-21,8.457,362
8630,488143,Laboratory Conditions,11.4424,2018-10-13,7.214,42
8631,11635,Old School,12.4107,2003-02-21,6.624,2155
8632,774370,Dog Man,13.494,2025-01-24,7.412,380
8633,83542,Cloud Atlas,13.6595,2012-10-26,6.896,7598
8634,10895,Pinocchio,11.796,1940-02-23,7.114,6308
8635,1669,The Hunt for Red October,11.409,1990-03-02,7.384,3682
8636,10528,Sherlock Holmes,12.6505,2009-12-23,7.222,14906
8637,7446,Tropic Thunder,12.1721,2008-08-09,6.722,7087
8638,298250,Jigsaw,12.374,2017-10-25,6.211,4012
8639,1401093,Silver Spoon 10 Years,11.0136,2024-12-21,0.0,0
8640,51828,One Day,11.285,2011-03-02,7.419,4565
8641,1483614,Renegade Immortal: Battle of Gods,11.5951,2025-05-30,9.6,5
8642,895954,母女汽车中心,11.5204,2021-01-01,4.0,1
8643,283366,Miss Peregrine's Home for Peculiar Children,11.5255,2016-09-28,6.841,10556
8644,524,Casino,11.4592,1995-11-22,7.996,6639
8645,725201,The Gray Man,12.1143,2022-07-13,6.917,4348
8646,300668,Annihilation,11.4658,2018-02-22,6.445,9483
8647,64635,Total Recall,13.2281,2012-08-02,6.033,5941
8648,1380316,Is God Is,11.489,2026-05-14,5.94,92
8649,515001,Jojo Rabbit,12.6733,2019-10-18,7.979,10552
8650,696806,The Adam Project,12.5377,2022-03-11,6.989,5044
8651,43347,Love & Other Drugs,11.8595,2010-11-22,7.044,5666
8652,145135,Dark Skies,11.7786,2013-02-21,6.362,1994
8653,50546,Just Go with It,12.6746,2011-02-10,6.706,6182
8654,314,Catwoman,11.3437,2004-07-22,4.638,3654
8655,346910,The Predator,12.6502,2018-09-05,5.621,5213
8656,136799,Trolls,10.9327,2016-10-13,6.626,3861
8657,2005,Sister Act,11.3669,1992-05-28,6.832,3486
8658,158015,The Purge,12.5735,2013-05-31,6.249,8926
8659,884605,No Hard Feelings,11.504,2023-06-15,6.676,3943
8660,205587,The Judge,12.8246,2014-10-08,7.329,4477
8661,268896,Pacific Rim: Uprising,11.1013,2018-03-21,6.124,5421
8662,82693,Silver Linings Playbook,11.2676,2012-11-16,7.153,12740
8663,496,Borat: Cultural Learnings of America for Make Benefit Glorious Nation of Kazakhstan,13.6114,2006-11-01,6.788,6070
8664,1542261,Doraemon the Movie: New Nobita and the Castle of the Undersea Devil,11.2718,2026-02-27,7.3,10
8665,1034716,People We Meet on Vacation,10.228,2026-01-06,6.974,679
8666,82675,Taken 2,12.5446,2012-09-27,6.37,7194
8667,53182,300: Rise of an Empire,12.1249,2014-03-05,6.124,7034
8668,81188,Rise of the Guardians,12.0601,2012-11-21,7.38,7226
8669,267935,The BFG,12.697,2016-06-01,6.287,3672
8670,320,Insomnia,10.4503,2002-05-24,6.955,5411
8671,675445,PAW Patrol: The Movie,12.2555,2021-08-09,7.32,1279
8672,1580803,Susana and Elvira: No Plan B,10.6026,2026-05-28,6.375,12
8673,103663,The Hunt,10.7616,2012-10-25,8.093,4873
8674,348350,Solo: A Star Wars Story,11.3523,2018-05-15,6.557,9384
8675,4108,The Transporter,11.7862,2002-10-02,6.731,5914
8676,2059,National Treasure,11.4115,2004-11-19,6.654,6962
8677,1240889,Teenage Sex and Death at Camp Miasma,11.1576,2026-08-06,9.8,2
8678,278927,The Jungle Book,11.9583,2016-04-07,6.877,8572
8679,194662,Birdman or (The Unexpected Virtue of Ignorance),12.2731,2014-10-17,7.438,13693
8680,1581,The Holiday,12.0515,2006-12-05,7.101,5687
8681,1408162,Vishwanath & Sons,13.8858,2026-08-14,0.0,0
8682,153,Lost in Translation,10.7454,2003-09-18,7.379,8203
8683,832964,Lee,12.3234,2024-09-12,6.97,660
8684,1995,Lara Croft: Tomb Raider,10.2841,2001-06-15,5.918,6592
8685,602269,The Little Things,11.2602,2021-01-28,6.356,2871
8686,1422096,Good Boy,10.596,2025-10-01,6.622,679
8687,585032,Sa Bang-ji,10.2363,1988-10-29,6.6,5
8688,1428990,This Is Not a Test,10.6023,2026-02-20,5.444,71
8689,1102883,Mother Mary,11.1031,2026-04-16,5.4,112
8690,1725116,Simpsley,9.9222,2026-07-03,7.897,63
8691,72784,The Loft,11.7318,2014-10-14,6.4,1593
8692,1023656,Latente,10.3606,2021-10-04,8.0,1
8693,1522333,Carry On Jatta 4,10.382,2026-06-26,8.0,1
8694,13448,Angels & Demons,13.4447,2009-04-20,6.725,7409
8695,8337,They Live,12.0913,1988-11-04,7.304,3546
8696,61979,Three Steps Above Heaven,11.4303,2010-12-03,7.732,3256
8697,718821,Twisters,11.6751,2024-07-10,6.769,3079
8698,9358,Final Destination 2,11.3803,2003-01-31,6.314,4934
8699,288987,That Malicious Age,11.4942,1975-03-11,6.4,87
8700,11969,Tombstone,11.4742,1993-12-25,7.589,2503
8701,290859,Terminator: Dark Fate,11.6354,2019-10-23,6.418,5767
8702,168,Star Trek IV: The Voyage Home,11.9278,1986-11-26,7.181,1678
8703,2108,The Breakfast Club,11.0441,1985-02-15,7.719,8623
8704,755,From Dusk Till Dawn,12.3717,1996-01-19,7.047,6588
8705,220289,Coherence,10.2726,2014-04-06,7.208,3513
8706,10585,Child's Play,11.8262,1988-11-09,6.8,3418
8707,45269,The King's Speech,12.1736,2010-11-26,7.733,9406
8708,508883,The Boy and the Heron,12.2318,2023-07-14,7.39,2716
8709,1160360,If I Had Legs I'd Kick You,10.8292,2025-10-10,6.313,376
8710,6114,Bram Stoker's Dracula,12.2347,1992-11-13,7.449,5844
8711,1321179,The King's Warden,11.0938,2026-02-04,7.1,25
8712,321258,The Boy,12.1941,2016-01-22,5.972,3992
8713,632856,Spirited,9.5312,2022-11-10,6.841,776
8714,677179,Creed III,13.3988,2023-03-01,7.09,2923
8715,776503,CODA,11.8623,2021-08-13,7.887,2648
8716,782,Gattaca,10.9016,1997-07-09,7.568,7022
8717,792,Platoon,12.2011,1986-12-19,7.749,5194
8718,348893,Boyka: Undisputed IV,10.8838,2016-08-01,7.212,1484
8719,776797,The Sadness,11.5539,2021-01-22,6.844,1196
8720,414947,Assume Yourself,10.1878,1975-02-20,8.5,2
8721,9475,Scent of a Woman,11.9283,1992-12-23,7.79,4014
8722,34851,Predators,12.0074,2010-07-07,6.305,4711
8723,40345,Delirium,11.4033,1972-07-05,4.776,29
8724,435,The Day After Tomorrow,11.4168,2004-05-26,6.562,9000
8725,252,Willy Wonka & the Chocolate Factory,10.3715,1971-06-29,7.486,4004
8726,967847,Ghostbusters: Frozen Empire,10.7994,2024-03-20,6.4,2228
8727,648878,Eddington,11.2692,2025-07-16,6.465,880
8728,793,Blue Velvet,11.5744,1986-09-19,7.605,3880
8729,187017,22 Jump Street,11.0058,2014-06-05,6.827,8625
8730,293982,Warsaw 44,14.002,2014-09-19,6.666,292
8731,238615,Self/less,13.9901,2015-07-10,6.423,3332
8732,7840,"10,000 BC",10.8815,2008-03-04,5.509,3221
8733,1515615,Kissing Is the Easy Part,11.0089,2026-02-13,7.282,55
8734,19976,The Exterminating Angels,12.1949,2006-09-13,5.3,78
8735,397243,The Autopsy of Jane Doe,9.8093,2016-12-21,6.841,4811
8736,10009,Brother Bear,12.7305,2003-10-23,7.3,5817
8737,43074,Ghostbusters,11.6333,2016-07-14,5.342,6845
8738,59961,Safe House,11.8517,2012-02-08,6.491,3974
8739,427641,Rampage,13.6379,2018-04-11,6.469,7646
8740,1267,Meet the Robinsons,10.9124,2007-03-23,6.948,3191
8741,9477,King Arthur,11.0943,2004-07-07,6.309,2961
8742,639720,IF,13.4414,2024-05-08,6.942,1660
8743,1226578,Longlegs,9.7804,2024-07-10,6.516,2774
8744,459151,The Boss Baby: Family Business,12.2412,2021-07-01,7.3,2710
8745,81005,Jack the Giant Slayer,11.3129,2013-02-27,5.902,5305
8746,392044,Murder on the Orient Express,12.804,2017-11-03,6.707,10636
8747,14784,The Fall,12.5978,2006-09-09,7.623,1575
8748,10545,The Hunchback of Notre Dame,11.3333,1996-06-21,7.134,5422
8749,835113,Woman of the Hour,10.5522,2024-10-03,6.387,1062
8750,3176,Battle Royale,9.4077,2000-12-16,7.266,3890
8751,421892,Shrek 5,11.0006,2027-06-30,0.0,0
8752,473033,Uncut Gems,11.9747,2019-08-30,7.168,5475
8753,9614,Happy Gilmore,12.1627,1996-02-16,6.678,3407
8754,49047,Gravity,11.968,2013-10-03,7.172,16498
8755,665760,Mare,10.6061,2020-02-23,5.176,17
8756,4256,Scary Movie 3,11.7298,2003-10-24,5.981,4588
8757,6947,The Village,12.2134,2004-07-30,6.496,4658
8758,60898,Erotic Ghost Story,10.8778,1990-05-19,6.2,95
8759,381138,Political Animal,10.2224,2017-05-31,4.692,13
8760,9739,Demolition Man,11.3308,1993-10-08,6.759,4181
8761,82507,Sinister,11.2899,2012-10-04,6.875,6130
8762,1427,Perfume: The Story of a Murderer,11.7458,2006-09-13,7.371,5087
8763,851644,20th Century Girl,11.0336,2022-10-06,8.172,841
8764,37257,Witness for the Prosecution,11.1512,1957-12-17,8.2,1732
8765,33,Unforgiven,11.5467,1992-08-07,7.913,5029
8766,262500,Insurgent,13.2117,2015-03-18,6.359,10518
8767,2118,L.A. Confidential,10.4315,1997-09-19,7.806,5635
8768,879,Hook,11.94,1991-04-10,6.847,5813
8769,11690,Bloodsport,10.886,1988-02-26,7.1,2219
8770,9286,Final Destination 3,11.5963,2006-02-09,6.2,4649
8771,298094,Hidden Desire,12.3213,1991-11-15,5.278,27
8772,1352874,The Crucifix: Blood of the Exorcist,9.7994,2025-01-09,5.429,63
8773,299054,Expend4bles,12.7667,2023-09-15,6.0,1932
8774,4258,Scary Movie 5,13.0013,2013-04-11,4.795,3109
8775,109439,The Hangover Part III,11.7679,2013-05-23,6.213,9329
8776,1540365,Hippo's Revenge,9.5428,2025-09-05,3.75,4
8777,881,A Few Good Men,11.5661,1992-12-11,7.554,4239
8778,476669,The King's Man,12.2779,2021-12-22,6.71,5128
8779,570670,The Invisible Man,11.9185,2020-02-26,7.09,6367
8780,40807,50/50,9.8791,2011-09-30,7.184,4168
8781,936108,Smurfs,11.2039,2025-06-30,5.754,278
8782,945937,Fast Charlie,11.8705,2023-12-08,6.18,317
8783,508642,Gonjiam: Haunted Asylum,9.6832,2018-03-28,7.26,975
8784,312221,Creed,11.2257,2015-11-25,7.408,8045
8785,1020006,Priscilla,10.2951,2023-10-27,6.701,1118
8786,9595,Hot Shots!,11.6088,1991-07-31,6.586,2493
8787,57165,Wrath of the Titans,10.8522,2012-03-28,5.768,4555
8788,426,Vertigo,11.4509,1958-05-09,8.136,6416
8789,287649,Scarlet Innocence,11.3849,2014-10-02,6.113,71
8790,581,Dances with Wolves,11.8738,1990-11-09,7.844,4757
8791,70,Million Dollar Baby,11.272,2004-12-05,7.954,10469
8792,614930,Teenage Mutant Ninja Turtles: Mutant Mayhem,11.1225,2023-07-31,7.222,1638
8793,17578,The Adventures of Tintin,11.4902,2011-10-24,6.927,5895
8794,957452,The Crow,11.4007,2024-08-21,5.784,1311
8795,384261,Operación Palace,10.2026,2014-02-23,6.2,4
8796,2567,The Aviator,11.8333,2004-12-17,7.217,5927
8797,2675,Signs,10.9707,2002-08-02,6.728,6424
8798,324849,The Lego Batman Movie,11.9742,2017-02-08,7.3,5501
8799,10995,The Lover,11.1647,1992-01-22,7.0,770
8800,292047,Tokyo Noir,9.5598,2004-09-24,9.0,3
8801,763215,Damsel,11.3873,2024-03-07,6.984,2863
8802,3981,What Women Want,10.3174,2000-12-15,6.456,4454
8803,10999,Commando,10.3668,1985-10-03,6.707,3196
8804,43949,Flipped,10.4387,2010-08-06,8.0,3368
8805,1363123,The Family Plan 2,11.6458,2025-11-11,6.533,618
8806,337401,Mulan,11.6685,2020-09-04,6.822,7105
8807,663,Saw IV,10.1396,2007-10-25,6.167,4172
8808,664413,365 Days,10.211,2020-02-07,6.992,9564
8809,7484,Open Season,11.7772,2006-09-27,6.195,3042
8810,149,Akira,12.3601,1988-06-10,7.936,4869
8811,926670,Henry Danger: The Movie,10.3587,2025-01-17,7.62,267
8812,38700,Bad Boys for Life,11.6476,2020-01-15,7.111,8817
8813,9276,The Faculty,11.1367,1998-12-25,6.574,2311
8814,133980,Dog Lay Afternoon,8.845,1976-11-15,4.5,25
8815,258489,The Legend of Tarzan,11.0447,2016-06-29,5.922,6573
8816,970450,Werewolves,10.7721,2024-12-04,5.797,512
8817,11460,Red Eye,11.0776,2005-08-10,6.391,2578
8818,16664,All About Lily Chou-Chou,9.5192,2001-10-06,7.4,303
8819,9335,Transporter 2,11.9521,2005-08-03,6.3,4023
8820,9602,Coming to America,9.5253,1988-06-29,6.883,4805
8821,37735,Easy A,12.1713,2010-09-16,6.804,7462
8822,2292,Clerks,11.1351,1994-10-19,7.371,2809
8823,1979,Fantastic Four: Rise of the Silver Surfer,11.2043,2007-06-13,5.634,8493
8824,1000837,I'm Still Here,11.4771,2024-09-19,7.892,1098
8825,239124,Investigación policial,9.8768,2013-11-14,5.9,7
8826,655,"Paris, Texas",13.0226,1984-07-16,8.076,2263
8827,11023,Thirteen,11.6231,2003-08-20,6.695,1787
8828,22881,The Blind Side,12.0295,2009-11-20,7.666,6909
8829,68507,Jan Dara,9.6931,2001-09-28,5.917,54
8830,2832,Identity,9.777,2003-04-25,7.182,4449
8831,504172,The Mule,10.7465,2018-12-14,6.869,5415
8832,9341,The Core,11.6076,2003-03-28,5.839,2211
8833,13510,Eden Lake,10.4085,2008-09-12,6.825,2136
8834,8810,Mad Max 2,12.6719,1981-12-24,7.391,4241
8835,41733,Due Date,11.3863,2010-11-03,6.396,5898
8836,127690,Iska's Journey,9.6806,2007-11-22,5.6,5
8837,1028196,Nickel Boys,11.6096,2024-12-13,6.623,357
8838,424783,Bumblebee,10.9607,2018-11-22,6.721,6723
8839,1245993,Caught Stealing,10.2985,2025-08-26,6.841,1064
8840,300671,13 Hours: The Secret Soldiers of Benghazi,11.3165,2016-01-14,7.3,4009
8841,33337,Dear Inspector,12.4778,1978-01-18,5.856,87
8842,227,The Outsiders,10.2632,1983-03-25,7.175,1577
8843,1082195,The Order,11.8433,2024-12-05,6.561,927
8844,503919,The Lighthouse,11.4769,2019-10-18,7.5,5646
8845,916224,Suzume,11.1863,2022-11-11,7.891,1796
8846,911916,Spider-Man: Beyond the Spider-Verse,10.8206,2027-06-17,0.0,0
8847,68734,Argo,10.9174,2012-10-11,7.286,9065
8848,1287729,Незримое,9.7283,2007-01-01,0.0,0
8849,199,Star Trek: First Contact,11.9302,1996-11-22,7.307,1991
8850,138697,Don Jon,11.1886,2013-09-12,6.016,4631
8851,274862,The Lego Ninjago Movie,10.9695,2017-09-21,6.49,1190
8852,9387,Conan the Barbarian,11.3048,1982-03-16,6.803,2854
8853,501929,The Mitchells vs. the Machines,11.6238,2021-04-22,7.832,3429
8854,22970,The Cabin in the Woods,12.0553,2012-04-12,6.654,8690
8855,37094,Falling Down,11.4406,1993-02-26,7.398,4165
8856,1233506,The Shrinking Man,10.2378,2025-10-22,5.99,156
8857,608,Men in Black II,11.9145,2002-07-03,6.39,10770
8858,2907,The Addams Family,10.6511,1991-11-22,7.072,5112
8859,8009,Highlander,11.6401,1986-03-07,6.869,2963
8860,8009,Highlander,11.6401,1986-03-07,6.869,2963
8861,395,AVP: Alien vs. Predator,11.2402,2004-08-12,5.951,5044
8862,1088166,Relay,11.779,2025-08-21,7.0,479
8863,829280,Enola Holmes 2,10.3815,2022-11-03,7.411,3096
8864,1514125,Saigon Sunset,9.7663,2025-04-30,5.5,2
8865,353491,The Dark Tower,10.8934,2017-08-03,5.803,5599
8866,2022,Mr. Deeds,10.6413,2002-06-28,5.922,2564
8867,1452,Superman Returns,10.6484,2006-06-28,5.821,4640
8868,1249213,Drop,11.4434,2025-04-07,6.315,915
8869,641490,The Graduation of Edison,9.761,2019-11-30,0.0,0
8870,770156,Lucy Shimmers and the Prince of Peace,10.3106,2020-10-19,8.367,369
8871,76203,12 Years a Slave,10.7989,2013-10-18,7.929,12104
8872,64686,47 Ronin,12.0638,2013-12-06,6.21,4203
8873,8536,Superman II,10.5553,1980-12-04,6.764,2563
8874,600354,The Father,12.1492,2020-12-23,8.091,3703
8875,277,Underworld,10.0581,2003-09-19,6.9,6689
8876,9651,Supergirl,9.5816,1984-07-01,5.395,719
8877,1535392,Malaikat Malam,10.4094,2026-03-26,7.3,3
8878,7551,Déjà Vu,10.9528,2006-11-22,6.89,5374
8879,628,Interview with the Vampire,11.3661,1994-11-11,7.389,6515
8880,1511057,Roommates,9.8985,2026-04-13,6.483,149
8881,11395,The Santa Clause,10.8821,1994-11-11,6.531,2334
8882,496450,"Miraculous: Ladybug & Cat Noir, The Movie",11.5258,2023-07-05,7.605,970
8883,8867,The Punisher,10.6386,1989-10-05,5.767,698
8884,599,Sunset Boulevard,10.4011,1950-08-10,8.3,2976
8885,228161,Home,11.2067,2015-03-18,6.79,4276
8886,311324,The Great Wall,11.0801,2016-12-16,6.034,5614
8887,9757,Norbit,11.1073,2007-02-08,5.729,2666
8888,11778,The Deer Hunter,10.6733,1978-12-08,8.0,4316
8889,1647508,Winter: Battleground,10.3777,2026-04-07,3.5,2
8890,445571,Game Night,11.5565,2018-02-15,6.844,6378
8891,537971,Mia,11.0997,2017-12-17,6.2,33
8892,10530,Pocahontas,9.8757,1995-06-16,6.914,6133
8893,337772,Until It's Too Late...,9.8902,1957-02-07,0.0,0
8894,359940,"Three Billboards Outside Ebbing, Missouri",10.1825,2017-12-01,8.052,11044
8895,560210,My Student's Mom 3,9.698,2018-02-05,4.0,3
8896,1354959,Stand Up My Husband!,10.19,2024-06-21,9.0,1
8897,1079091,It Ends with Us,10.1295,2024-08-07,6.95,2008
8898,1531028,Todo Kayod,9.1747,2025-09-16,7.0,3
8899,619979,Deep Water,11.2158,2022-03-17,5.838,1684
8900,4513,30 Days of Night,10.231,2007-10-17,6.438,3124
8901,315837,Ghost in the Shell,11.1696,2017-03-29,6.11,8651
8902,1239655,Friendship,10.0938,2025-05-09,6.393,303
8903,1337562,Splitsville,10.0353,2025-08-21,6.298,233
8904,414,Batman Forever,10.8455,1995-06-16,5.459,5659
8905,762,Monty Python and the Holy Grail,11.3982,1975-04-03,7.803,6496
8906,44912,Green Lantern,12.1473,2011-06-14,5.187,7732
8907,431693,Spies in Disguise,13.3086,2019-12-04,7.543,3016
8908,37136,The Naked Gun: From the Files of Police Squad!,9.7238,1988-12-02,7.285,4585
8909,9360,Anaconda,10.3675,1997-04-11,5.281,2861
8910,1517772,Unknown Number: The High School Catfish,10.1963,2025-08-28,6.761,226
8911,1233728,Seven-day Swapping,8.8301,2023-05-23,0.0,0
8912,1712439,Behind the Screens,10.292,2026-07-23,3.0,1
8913,790,The Fog,9.2754,1980-02-01,6.739,1786
8914,9277,The Sting,10.6832,1973-12-25,8.014,3032
8915,826510,Harold and the Purple Crayon,11.7782,2024-07-31,6.577,377
8916,1628071,Ip Man: Kung Fu Legend,9.6394,2026-07-22,5.5,4
8917,11247,A Cinderella Story,10.5117,2004-07-16,6.594,3411
8918,889737,Joker: Folie à Deux,10.7501,2024-10-01,5.404,2991
8919,114150,Pitch Perfect,10.7817,2012-09-28,7.265,6937
8920,889737,Joker: Folie à Deux,10.7501,2024-10-01,5.404,2990
8921,114150,Pitch Perfect,10.7817,2012-09-28,7.265,6937
8922,1425122,A Very Jonas Christmas Movie,9.6139,2025-11-10,6.2,116
8923,1400837,Other Mommy,10.2518,2026-10-08,0.0,0
8924,298,Ocean's Thirteen,10.0498,2007-06-05,6.728,6983
8925,594767,Shazam! Fury of the Gods,10.4796,2023-03-15,6.411,3713
8926,55685,To Be Twenty,11.7088,1978-07-14,5.815,92
8927,41154,Men in Black 3,11.2719,2012-05-23,6.547,11092
8928,254320,The Lobster,10.762,2015-10-15,7.022,6982
8929,11104,Chungking Express,11.6298,1994-07-14,7.974,2237
8930,1393326,Ghost in the Cell,10.561,2026-04-16,7.9,19
8931,1213243,Toxic,10.471,2026-08-15,0.0,0
8932,57212,War Horse,11.0129,2011-12-25,7.307,3734
8933,76163,The Expendables 2,10.227,2012-08-15,6.354,7252
8934,5255,The Polar Express,10.7109,2004-11-10,6.722,6956
8935,634429,Shin Ultraman,10.0487,2022-05-13,7.5,251
8936,79871,Crazy Love,9.539,1993-04-17,6.4,46
8937,2294,Jay and Silent Bob Strike Back,10.525,2001-08-22,6.44,1767
8938,68,Brazil,11.2187,1985-02-20,7.655,3770
8939,565770,Blue Beetle,13.2916,2023-08-16,6.625,3187
8940,11459,Sky High,10.2381,2005-07-29,6.261,2500
8941,969492,Land of Bad,10.593,2024-02-09,7.281,1550
8942,10033,Just Friends,11.1406,2005-11-23,6.207,1825
8943,10112,The Aristocats,10.8365,1970-12-24,7.304,5418
8944,9482,Judge Dredd,11.3521,1995-06-30,5.9,2785
8945,1571,Live Free or Die Hard,10.4776,2007-06-20,6.644,6434
8946,4347,Atonement,11.4982,2007-02-27,7.633,4766
8947,117263,Olympus Has Fallen,10.7694,2013-03-20,6.415,7135
8948,567604,Once Upon a Deadpool,11.2499,2018-12-11,7.111,859
8949,1254896,Beware the Boogeyman,9.3344,2024-03-05,4.2,7
8950,13223,Gran Torino,10.9814,2008-12-12,7.991,11696
8951,831815,Saving Bikini Bottom: The Sandy Cheeks Movie,11.0127,2024-10-01,6.149,185
8952,163011,Lala the Magician,9.0585,1981-12-24,9.0,1
8953,9342,The Mask of Zorro,9.5695,1998-07-16,6.586,4389
8954,153104,Wicked Minds,9.0978,2003-03-01,6.34,53
8955,2667,The Blair Witch Project,10.6023,1999-07-14,6.366,5551
8956,36463,Miami Exposé,9.8572,1956-09-01,6.0,7
8957,9792,The Hills Have Eyes,10.1128,2006-03-10,6.481,3414
8958,72545,Journey 2: The Mysterious Island,11.193,2012-01-19,6.144,4566
8959,1368881,Ladies First,10.4571,2026-05-21,6.009,450
8960,1261825,Oh. What. Fun.,10.6996,2025-12-03,5.638,257
8961,12222,Horton Hears a Who!,11.1502,2008-03-03,6.529,3598
8962,37233,The Firm,10.5993,1993-06-30,6.743,2346
8963,10386,The Iron Giant,10.8812,1999-08-06,7.96,6272
8964,341174,Fifty Shades Darker,10.5663,2017-02-08,6.472,7983
8965,698343,I Don't Like Younger Men 5,9.7852,2020-04-23,7.1,9
8966,1128879,Mil Kilómetros,10.9363,,0.0,0
8967,54065,Bambola,8.9432,1996-09-01,4.484,64
8968,147441,Exodus: Gods and Kings,11.9629,2014-12-03,5.885,4896
8969,86331,Desire,9.9592,2011-10-06,6.314,1384
8970,1966,Alexander,11.336,2004-11-21,5.957,3559
8971,2293,Mallrats,9.9358,1995-10-20,6.753,1412
8972,638,Lost Highway,10.115,1997-01-15,7.5,2988
8973,372962,Mai-chan's Daily Life,9.715,2014-11-29,4.9,20
8974,27582,The Mechanic,11.0813,2011-01-13,6.5,3660
8975,80274,Ender's Game,11.8507,2013-10-24,6.596,6340
8976,82695,Les Misérables,11.5779,2012-12-18,7.3,5630
8977,2978,Ghostbusters II,10.4637,1989-06-16,6.601,4917
8978,421186,Almoço Executivo,9.7475,1996-01-01,7.0,1
8979,924,Dawn of the Dead,10.3934,2004-03-19,7.08,4606
8980,23823,Wrong Turn 3: Left for Dead,11.2848,2009-10-08,5.706,1304
8981,10068,Nine 1/2 Weeks,9.9035,1986-02-09,6.127,1148
8982,840326,Sisu,10.9356,2022-09-09,7.4,2900
8983,71672,Wrong Turn 4: Bloody Beginnings,10.3776,2011-10-17,5.748,1243
8984,765,Evil Dead II,11.4327,1987-03-13,7.54,3574
8985,955555,The Roundup: No Way Out,9.6291,2023-05-31,7.217,555
8986,614479,Insidious: The Red Door,11.9302,2023-07-05,6.511,2027
8987,10096,13 Going on 30,11.4686,2004-04-13,6.777,5602
8988,1584,The School of Rock,10.8028,2003-10-03,7.088,6273
8989,1374,Rocky IV,11.3566,1985-11-21,7.099,4892
8990,6844,The Ten Commandments,10.2156,1956-10-05,7.786,1899
8991,65754,The Girl with the Dragon Tattoo,10.1843,2011-12-14,7.386,7703
8992,365045,Heidi,10.2534,2015-12-10,7.2,442
8993,13811,Knowing,10.5336,2009-03-19,6.268,5917
8994,76025,Shame,9.8098,2011-10-02,6.935,3454
8995,1341137,A Great Awakening,10.2204,2026-04-03,6.941,17
8996,10588,The Cat in the Hat,10.4893,2003-11-21,5.35,1841
8997,200,Star Trek: Insurrection,10.3825,1998-12-11,6.449,1373
8998,587792,Palm Springs,8.894,2020-07-10,7.338,3789
8999,136400,2 Guns,10.9451,2013-08-02,6.536,4563
9000,451048,Jungle Cruise,11.4842,2021-07-28,7.28,6239
9001,389015,"I, Tonya",11.2732,2017-12-07,7.468,6244
9002,9801,Bridget Jones: The Edge of Reason,10.4468,2004-11-10,6.227,3052
9003,14537,Harakiri,10.8118,1962-09-15,8.445,1246
9004,346648,Paddington 2,10.9049,2017-11-09,7.479,2850
9005,1173559,Insidious Inferno,9.1973,2024-11-29,5.296,27
9006,6637,National Treasure: Book of Secrets,9.6851,2007-12-19,6.381,5619
9007,688,The Bridges of Madison County,9.8845,1995-06-02,7.71,2397
9008,154400,The Drop,10.2395,2014-09-12,6.825,2463
9009,615453,Ne Zha,10.453,2019-07-26,7.9,910
9010,658,Goldfinger,10.5396,1964-09-20,7.361,4032
9011,710,GoldenEye,10.1501,1995-11-16,6.907,4407
9012,400928,Gifted,10.4285,2017-04-07,7.995,6010
9013,13179,Tinker Bell,11.1448,2008-09-11,6.933,1591
9014,663604,Crazy Nights,6.7784,1978-04-20,3.4,10
9015,136753,The Scent of Burning Grass,9.6883,2012-04-24,7.8,5
9016,516486,Greyhound,11.5393,2020-07-09,7.414,3380
9017,376867,Moonlight,11.2978,2016-10-21,7.355,7605
9018,82,Miami Vice,9.885,2006-07-27,6.028,2015
9019,404009,Una storia ambigua,11.9649,1986-05-15,4.375,8
9020,333371,10 Cloverfield Lane,10.0069,2016-03-10,7.0,8801
9021,9362,Tremors,9.6255,1990-01-19,6.936,3634
9022,397469,New Folder 2,9.3462,2015-10-23,5.1,5
9023,575824,Men of Hard Skin,10.1593,2019-06-20,6.0,44
9024,1232546,Until Dawn,10.9127,2025-04-23,6.268,1513
9025,1289936,Downton Abbey: The Grand Finale,10.4785,2025-09-10,7.037,282
9026,184,Jackie Brown,10.0123,1997-12-25,7.356,7026
9027,39857,The Untold Story,9.6965,1993-05-13,6.3,150
9028,617,Wild Things,10.803,1998-03-20,6.377,2013
9029,410119,Yu Pui Tsuen II,10.5385,1987-10-15,5.4,28
9030,16996,17 Again,11.6153,2009-03-11,6.318,5482
9031,337339,The Fate of the Furious,10.9501,2017-04-12,6.851,10899
9032,2322,Sneakers,8.8112,1992-09-09,6.912,1073
9033,617463,In the Dawn,9.1977,2017-05-10,0.0,0
9034,1252037,The Tank,10.9523,2025-09-18,7.149,468
9035,41630,No Strings Attached,11.0326,2011-01-21,6.294,5033
9036,1182047,The Apprentice,10.7058,2024-10-09,6.854,996
9037,1013482,Borderline,9.1292,2025-03-14,5.718,181
9038,287414,Tersine Dünya,9.3758,1994-01-07,5.6,8
9039,387848,Buddy's Mom,9.6066,2015-11-12,5.7,15
9040,387848,Buddy's Mom,9.6066,2015-11-12,5.7,15
9041,11674,101 Dalmatians,10.592,1996-11-27,5.943,3684
9042,205584,Gods of Egypt,11.2679,2016-02-25,5.697,4405
9043,332567,The Shallows,10.577,2016-06-24,6.356,5385
9044,493416,Troy: The Odyssey,9.9342,2017-10-15,3.919,31
9045,109451,Cloudy with a Chance of Meatballs 2,10.7713,2013-09-26,6.454,3524
9046,35796,Lawn Dogs,8.5023,1997-11-21,7.115,113
9047,9339,Click,10.9675,2006-06-23,6.311,7660
9048,446893,Trolls World Tour,12.2252,2020-03-11,7.233,2292
9049,12244,9,11.5972,2009-08-19,6.957,3952
9050,342473,Ballerina,10.2889,2016-12-14,7.203,2006
9051,5915,Into the Wild,11.2315,2007-09-21,7.793,10238
9052,840,Close Encounters of the Third Kind,11.1092,1977-12-14,7.359,4771
9053,58008,Night Nurse,9.0963,1979-02-07,5.2,54
9054,1050035,Monster,10.8539,2023-06-02,7.927,922
9055,203801,The Man from U.N.C.L.E.,10.3468,2015-08-13,7.079,6947
9056,9837,The Prince of Egypt,11.51,1998-12-16,7.317,4365
9057,663712,Terrifier 2,10.6686,2022-10-06,6.674,2535
9058,13597,Labyrinth,9.833,1986-06-27,7.29,2798
9059,1433568,The Rope Curse 4: Kuntilanak,10.0397,2026-08-27,0.0,0
9060,279,Amadeus,10.0593,1984-09-19,8.025,4832
9061,416477,The Big Sick,11.2887,2017-03-30,7.323,2666
9062,371893,The Classic,9.544,2015-10-17,4.5,5
9063,938,For a Few Dollars More,9.9149,1965-12-18,8.024,4535
9064,544,There's Something About Mary,10.0985,1998-07-15,6.634,5426
9065,1499071,Cold War 1994,8.528,2026-05-01,6.313,16
9066,1205110,ANNA ASTI. Path of the Phoenix,9.0654,2023-10-20,0.0,0
9067,12094,Jackass Number Two,10.4074,2006-09-22,6.584,1297
9068,1397201,Golden Kamuy -The Abashiri Prison Raid-,9.9043,2026-03-13,7.74,25
9069,13027,Eagle Eye,11.0016,2008-09-25,6.495,3172
9070,10330,Freaky Friday,11.0019,2003-08-05,6.588,4321
9071,628847,Trap House,11.8056,2025-11-14,6.7,303
9072,406,La Haine,10.6501,1995-05-31,8.081,4618
9073,700391,65,11.2216,2023-03-02,5.946,2903
9074,172,Star Trek V: The Final Frontier,10.4897,1989-06-09,5.733,1324
9075,90,Beverly Hills Cop,10.774,1984-12-05,7.211,4660
9076,9798,Enemy of the State,9.3044,1998-11-20,7.077,4344
9077,21208,Orphan,10.1184,2009-07-24,6.99,5710
9078,9741,Unbreakable,10.2898,2000-11-22,7.145,10025
9079,39513,Paul,9.8752,2011-02-14,6.747,6386
9080,11886,Robin Hood,9.7614,1973-11-08,7.311,4694
9081,9331,Clear and Present Danger,9.9486,1994-08-03,6.653,1713
9082,846,The X-Files,11.0117,1998-06-19,6.906,1842
9083,929219,O Que as Mulheres Querem?,9.9948,2019-11-02,0.0,0
9084,630586,Wrong Turn,10.2766,2021-01-26,5.954,1361
9085,1519414,松山之殇,8.7255,2025-09-03,0.0,0
9086,726209,Leave the World Behind,10.4562,2023-11-22,6.382,3329
9087,104894,A Garden Without Birds,9.2662,1992-12-01,4.9,9
9088,399404,Darkest Hour,12.4982,2017-11-22,7.355,5579
9089,3049,Ace Ventura: Pet Detective,10.5506,1994-02-04,6.583,6482
9090,870270,My Wife's Sister 3,9.8579,2019-08-08,3.5,2
9091,6957,The 40 Year Old Virgin,8.4566,2005-08-11,6.429,7327
9092,530907,Friends,9.5361,1934-01-01,2.0,1
9093,5689,The Blue Lagoon,9.3358,1980-07-05,6.141,2054
9094,1287141,Pillion,8.4449,2025-11-28,6.42,294
9095,500664,Upgrade,10.0116,2018-05-31,7.508,5122
9096,4523,Enchanted,10.5944,2007-11-20,6.847,5767
9097,1441804,Na Sombra do Medo,8.4261,2025-01-24,0.0,0
9098,447543,A Batalha dos Aflitos - Os Bastidores de um Dia Inesquecível,9.638,2006-09-18,8.0,1
9099,463570,Lisbon-Province,8.8466,2010-06-26,5.0,2
9100,447543,A Batalha dos Aflitos - Os Bastidores de um Dia Inesquecível,9.638,2006-09-18,8.0,1
9101,463570,Lisbon-Province,8.8466,2010-06-26,5.0,2
9102,1137350,The Phoenician Scheme,10.0431,2025-05-23,6.51,982
9103,27098,All Things Fair,9.9954,1995-03-08,6.4,176
9104,8247,Jumper,9.6661,2008-02-13,6.17,6326
9105,379686,Space Jam: A New Legacy,10.8967,2021-07-08,6.636,4255
9106,8914,Deep Blue Sea,10.5084,1999-07-28,5.998,2701
9107,390043,The Hitman's Bodyguard,9.6995,2017-08-16,6.894,6744
9108,927,Gremlins,10.8919,1984-06-08,7.144,7062
9109,853,Enemy at the Gates,10.8104,2001-02-28,7.425,4115
9110,370576,Dead Silence,8.7734,1991-08-26,6.3,13
9111,16290,Jackass 3D,10.1205,2010-10-15,6.613,1491
9112,76757,Jupiter Ascending,11.827,2015-02-04,5.471,7178
9113,13207,Friday the 13th,10.3971,2009-02-11,5.772,2905
9114,818647,Through My Window,9.5896,2022-02-04,7.349,3364
9115,77950,Turbo,9.7616,2013-07-11,6.279,3737
9116,1791,The Piano Teacher,10.7607,2001-09-05,7.255,1304
9117,2295,Clerks II,10.4365,2006-07-21,6.902,1518
9118,263688,Mugaraasi,9.5236,1966-08-18,0.0,0
9119,1254786,The Life List,10.5536,2025-03-27,6.952,621
9120,10501,The Road to El Dorado,10.1868,2000-03-31,7.299,4171
9121,698779,Room Salon College Girls 3,9.8203,2020-04-17,4.9,7
9122,177723,Paris by Night 76: Spring Away From Home,9.5505,2004-10-30,0.0,0
9123,11013,Secretary,9.6486,2002-09-20,6.798,1967
9124,633604,Yummy,11.5984,2019-12-13,6.321,363
9125,293863,The Age of Adaline,9.513,2015-04-16,7.467,7144
9126,1052280,It's What's Inside,9.6102,2024-01-19,6.475,833
9127,350031,Harvesting the Wasteland,8.5701,2008-03-03,0.0,0
9128,1371,Rocky III,10.7303,1982-05-28,6.907,4562
9129,957119,Sidelined: The QB and Me,9.4778,2025-02-06,6.286,245
9130,6557,27 Dresses,10.7655,2008-01-10,6.454,3463
9131,502012,A Quiet Little Town,8.9559,1986-01-30,9.0,1
9132,9352,EuroTrip,10.3797,2004-02-20,6.621,3028
9133,718789,Lightyear,10.7618,2022-06-15,6.866,3876
9134,4614,The Sum of All Fears,9.5609,2002-05-31,6.373,1994
9135,10340,Lady and the Tramp,10.2622,1955-06-22,7.129,5696
9136,201,Star Trek: Nemesis,10.1997,2002-12-13,6.3,1614
9137,458376,Neo Chinpira 2: Zoom Goes the Bullet,9.8542,1991-04-12,0.0,0
9138,872,Singin' in the Rain,9.6502,1952-04-10,8.133,3557
9139,1384216,The Dog Stars,10.7977,2026-08-26,0.0,0
9140,12242,Mulan II,10.2691,2004-11-03,6.531,2537
9141,1509579,Gayong 2,9.314,2026-04-09,7.0,1
9142,817,Austin Powers: The Spy Who Shagged Me,10.9973,1999-06-08,6.317,3731
9143,1324842,Lucky the Superstar,6.6903,2026-02-20,2.3,3
9144,9919,How to Lose a Guy in 10 Days,12.8125,2003-02-07,6.9,4529
9145,1627824,Rocky's Cat-astrophe,9.4304,2026-02-27,7.818,22
9146,1817,Phone Booth,9.6002,2003-01-06,6.873,4243
9147,18360,Night at the Museum: Battle of the Smithsonian,10.8283,2009-05-20,6.2,7364
9148,807356,Watcher,10.5598,2022-06-03,6.488,1188
9149,9377,Ferris Bueller's Day Off,9.9381,1986-06-11,7.563,5465
9150,228165,The SpongeBob Movie: Sponge Out of Water,11.3857,2015-01-28,6.109,2572
9151,619264,The Platform,12.4739,2019-11-08,7.0,7913
9152,1097311,Echo Valley,9.7317,2025-06-13,6.446,397
9153,451915,Beautiful Boy,9.801,2018-10-12,7.6,2907
9154,310307,The Founder,11.4618,2016-11-24,7.15,5453
9155,4547,Panic Room,9.9576,2002-03-29,6.793,5487
9156,1363979,The Dangers in My Heart: The Movie,9.1626,2026-02-13,7.9,9
9157,81,Warriors of the Wind,10.7435,1984-03-11,7.9,4135
9158,2280,Big,9.6432,1988-06-03,7.193,4102
9159,37247,The Graduate,10.3774,1967-12-21,7.631,3735
9160,914,The Great Dictator,10.3426,1940-10-15,8.28,3752
9161,345922,Fist Fight,10.7649,2017-02-16,6.035,1327
9162,865,The Running Man,10.1485,1987-11-13,6.539,2904
9163,1399525,Rose of Nevada,10.2565,2026-04-24,6.6,15
9164,3134,Baise-moi,10.1479,2000-06-28,4.847,491
9165,1330421,Bone Lake,10.116,2025-10-02,5.891,225
9166,1367,Rocky II,9.9085,1979-06-15,7.302,4881
9167,277216,Straight Outta Compton,8.3395,2015-08-11,7.773,4242
9168,522938,Rambo: Last Blood,11.181,2019-09-18,6.534,4278
9169,9604,Red Heat,8.8878,1988-06-17,6.225,1643
9170,49849,Cowboys & Aliens,10.5097,2011-07-29,5.697,5532
9171,709817,Amidst Boundaries,8.4395,2019-11-22,0.0,0
9172,9471,Charlie's Angels: Full Throttle,9.529,2003-06-25,5.486,3333
9173,37686,Super 8,9.3825,2011-06-09,6.781,7177
9174,8916,Antz,10.0419,1998-10-02,6.192,4801
9175,338803,The Treacherous,9.3636,2015-05-21,6.104,91
9176,26389,From Paris with Love,9.7058,2010-02-04,6.432,2384
9177,146216,RED 2,10.6162,2013-07-18,6.532,4374
9178,19912,The Final Destination,9.7937,2009-08-26,5.6,3972
9179,14324,Virgin Territory,10.2611,2007-12-17,5.0,380
9180,6282,Coyote Ugly,9.3036,2000-07-30,6.257,2300
9181,9889,Shallow Hal,10.8252,2001-11-01,6.184,3211
9182,238636,The Purge: Anarchy,9.3824,2014-07-17,6.618,6771
9183,11954,Lifeforce,9.6316,1985-06-21,6.228,747
9184,369972,First Man,10.2215,2018-10-10,7.042,5732
9185,58574,Sherlock Holmes: A Game of Shadows,9.8661,2011-11-22,7.146,11045
9186,2057,Original Sin,10.2533,2001-05-08,6.145,914
9187,1598785,Milky☆Subway: The Galactic Limited Express - the Movie,9.0842,2026-02-06,8.923,39
9188,115290,Blue Lagoon: The Awakening,9.5701,2012-06-16,6.455,1514
9189,3170,Bambi,9.2725,1942-08-14,7.015,6079
9190,9804,Waterworld,10.6301,1995-07-28,6.242,4154
9191,458723,Us,11.0358,2019-03-14,6.942,8186
9192,68724,Elysium,9.7952,2013-08-07,6.524,9692
9193,9904,The Wild,10.0812,2006-04-06,5.551,1152
9194,696026,Nice Sister-In-Law,10.0803,2019-06-05,8.0,2
9195,34544,The A-Team,11.1446,2010-06-09,6.419,5058
9196,5723,Once,8.3898,2007-03-23,7.425,1477
9197,449443,Den of Thieves,11.3059,2018-01-18,6.871,3460
9198,52449,Bad Teacher,9.8434,2011-05-16,5.609,4993
9199,265208,Wild Card,12.2582,2015-01-14,5.7,1962
9200,215607,Almas,9.33,1936-12-25,5.4,5
9201,277685,Unfriended,10.0249,2014-06-18,5.553,3564
9202,93685,Swingers,8.7562,2002-10-01,5.974,78
9203,1111873,Abigail,9.2201,2024-04-16,6.655,2140
9204,399055,The Shape of Water,10.4908,2017-12-01,7.236,12964
9205,576004,Porno,8.2482,2019-06-28,6.0,427
9206,9543,Prince of Persia: The Sands of Time,9.9887,2010-05-19,6.309,7249
9207,138363,Fotbollskrönikan EM 1992,9.9377,1992-12-01,0.0,0
9208,622,The Ninth Gate,11.0075,1999-08-25,6.495,3398
9209,9705,Swordfish,9.5887,2001-06-08,6.271,3007
9210,1487,Hellboy,9.5035,2004-04-02,6.7,7527
9211,14869,G.I. Joe: The Rise of Cobra,10.6053,2009-08-03,5.788,4972
9212,11153,National Lampoon's Vacation,9.441,1983-07-29,7.105,1771
9213,137104,Fotbollskrönikan EM 2000,9.0968,2000-12-01,0.0,0
9214,1180879,Soul Mates,10.1552,2023-10-20,5.9,14
9215,132232,Mama,9.3302,2013-01-17,6.294,4474
9216,7980,The Lovely Bones,9.7191,2009-12-26,7.056,5015
9217,171085,Escoriandoli,15.4581,1996-09-07,6.8,12
9218,448119,Dolittle,10.0865,2020-01-02,6.575,3925
9219,1213898,Border 2,9.239,2026-01-23,7.419,31
9220,1213898,Border 2,9.239,2026-01-23,7.419,31
9221,95610,Bridget Jones's Baby,9.8985,2016-09-14,6.402,3105
9222,504949,The King,9.6911,2019-10-11,7.158,3609
9223,9522,Wedding Crashers,9.9853,2005-07-13,6.502,4775
9224,397837,Before I Fall,8.1165,2017-03-02,6.964,3561
9225,109424,Captain Phillips,9.1119,2013-10-10,7.542,7594
9226,550205,Wish Dragon,10.5273,2021-01-15,7.84,1530
9227,146889,The Factory,8.7799,2011-09-19,5.979,24
9228,391,A Fistful of Dollars,9.77,1964-09-12,7.821,4781
9229,717852,Cuộc Chiến Với Chằn Tinh,9.3056,2014-01-29,0.0,0
9230,1022796,Wish,10.2108,2023-11-13,6.218,1804
9231,949734,Hādo reipu,9.0934,1987-01-05,0.0,0
9232,592695,Pleasure,9.2806,2021-10-08,6.274,806
9233,1541,Thelma & Louise,9.9604,1991-05-24,7.602,3935
9234,9078,The Sword in the Stone,11.4707,1963-12-25,7.227,4142
9235,1466115,Even If This Love Disappears Tonight,8.3383,2025-12-24,8.46,212
9236,5176,3:10 to Yuma,10.8102,2007-09-06,7.228,4109
9237,913673,Nefarious,9.1173,2023-04-14,6.704,515
9238,888,The Flintstones,9.2773,1994-05-27,5.377,2652
9239,55,Amores Perros,10.9054,2000-06-16,7.645,2967
9240,55,Amores Perros,10.9054,2000-06-16,7.645,2967
9241,9100,The Craft,10.1634,1996-05-03,6.784,2089
9242,73454,X,10.16,2011-11-23,6.401,324
9243,274855,Geostorm,11.101,2017-10-12,6.125,5265
9244,1308767,Young Washington,8.09,2026-07-02,8.186,35
9245,1208348,Rental Family,8.9698,2025-11-20,7.725,948
9246,559969,El Camino: A Breaking Bad Movie,9.8869,2019-10-11,7.047,5735
9247,545609,Extraction,10.7333,2020-04-23,7.289,6700
9248,786,Almost Famous,12.2598,2000-09-15,7.499,3161
9249,479455,Men in Black: International,10.4229,2019-06-12,5.891,5431
9250,1055432,camrip,9.8249,2022-11-30,10.0,1
9251,55779,Final Destination 5,10.3255,2011-08-12,6.2,4157
9252,858017,I Saw the TV Glow,10.4515,2024-05-03,6.16,749
9253,305470,Power Rangers,8.4059,2017-03-23,6.244,4682
9254,10607,Don't Be a Menace to South Central While Drinking Your Juice in the Hood,9.889,1996-01-12,7.1,1545
9255,9476,A Knight's Tale,10.5536,2001-05-11,6.885,3438
9256,522016,The 355,10.9259,2022-01-05,6.0,1163
9257,405671,It's Not the Time of My Life,8.773,2016-10-01,6.154,13
9258,2758,Addams Family Values,8.9791,1993-11-19,6.976,3355
9259,631843,Old,10.9424,2021-07-21,6.323,4963
9260,375588,Robin Hood,10.6856,2018-11-03,5.911,3185
9261,8204,The Spiderwick Chronicles,9.9907,2008-02-14,6.708,2914
9262,10137,Stuart Little,9.199,1999-12-17,6.08,4708
9263,599,Sunset Boulevard,10.4011,1950-08-10,8.3,2976
9264,10661,You Don't Mess with the Zohan,9.2966,2008-06-05,5.7,4120
9265,965150,Aftersun,9.4574,2022-10-21,7.6,1906
9266,10911,The Guns of Navarone,8.8755,1961-04-27,7.294,885
9267,313534,New Dubai,10.1969,2014-10-23,6.167,12
9268,27581,The Other Guys,10.4016,2010-08-06,6.333,4635
9269,868937,Elephants In The City,9.6052,2021-09-01,0.0,0
9270,8845,Under Siege,10.3458,1992-10-08,6.311,1768
9271,62213,Dark Shadows,9.5591,2012-05-09,6.106,7670
9272,87428,That's My Boy,11.4157,2012-06-14,5.8,2172
9273,513310,Boss Level,10.3069,2021-02-19,6.9,1970
9274,15,Citizen Kane,10.5953,1941-04-17,7.967,6132
9275,2019,Hard Target,10.0715,1993-04-27,6.505,1370
9276,1484913,Ikka,8.8323,2026-07-10,5.5,15
9277,456327,The Last Mountain Pass,8.5527,1971-07-18,1.0,2
9278,1353926,Keep Real,9.662,2026-07-03,1.8,2
9279,37169,The Human Centipede (First Sequence),10.1059,2009-10-31,5.181,2437
9280,37169,The Human Centipede (First Sequence),10.1059,2009-10-31,5.181,2437
9281,1061699,The Six Triple Eight,9.5603,2024-12-06,7.557,702
9282,1140535,Presence,9.5206,2025-01-17,6.107,777
9283,1299655,Blue Moon,8.691,2025-10-17,6.623,305
9284,1560681,Colors of Evil: Black,8.9434,2026-06-10,6.899,139
9285,212261,Fotbollskrönikan EM 2012,9.0581,2012-08-05,0.0,0
9286,9603,Clueless,10.5629,1995-07-19,7.249,4857
9287,134,"O Brother, Where Art Thou?",9.5962,2000-08-30,7.325,4678
9288,36669,Die Another Day,9.756,2002-11-17,6.0,3942
9289,794,The Omen,9.1421,1976-06-25,7.403,2447
9290,376659,Bad Moms,10.4802,2016-07-28,6.483,4293
9291,7340,Carrie,8.8174,1976-11-03,7.335,4368
9292,34584,The NeverEnding Story,9.3223,1984-04-06,7.225,4439
9293,196,Back to the Future Part III,10.852,1990-05-25,7.5,11663
9294,223702,Sausage Party,10.2357,2016-07-11,5.753,7779
9295,340933,Agontimé,8.3089,2019-01-01,0.0,0
9296,9374,Death Becomes Her,8.5339,1992-07-30,6.781,3014
9297,1248832,Digger,10.3141,2026-09-30,0.0,0
9298,1014590,Upgraded,9.2863,2024-02-07,7.186,1039
9299,239,Some Like It Hot,9.4838,1959-03-19,8.077,3940
9300,620249,The Legend of Hei,10.1556,2019-08-27,8.37,523
9301,11220,Fallen Angels,9.1799,1995-09-06,7.7,1334
9302,1423191,Resident Evil,9.8181,2026-09-16,0.0,0
9303,1083433,I Know What You Did Last Summer,9.3011,2025-07-16,5.643,833
9304,929,Godzilla,9.3771,1998-05-20,5.7,4293
9305,810693,Jujutsu Kaisen 0,9.4319,2021-12-24,8.103,1797
9306,1029529,Powerless King,9.0069,1981-08-29,6.5,2
9307,1090596,Bravehearts,8.8759,2023-04-01,0.0,0
9308,392301,"Adéu, Barcelona",8.5044,2016-05-27,0.0,0
9309,9946,End of Days,9.8762,1999-11-24,6.1,2103
9310,53064,Midori,9.2676,1992-05-02,6.0,174
9311,1400940,Clayface,8.8229,2026-10-21,0.0,0
9312,724495,The Woman King,9.8504,2022-09-16,7.574,2401
9313,352549,Coração Azul,8.5718,2015-01-01,0.0,0
9314,9645,Ghost Ship,10.1083,2002-10-25,6.004,2715
9315,619,The Bodyguard,9.9503,1992-11-25,6.701,3295
9316,3082,Modern Times,10.2002,1936-02-05,8.281,4131
9317,166424,Fantastic Four,9.9924,2015-08-05,4.436,6474
9318,60304,Hansel & Gretel: Witch Hunters,9.7588,2013-01-17,6.107,7169
9319,795,City of Angels,9.1342,1998-04-10,6.8,2394
9320,33217,Diary of a Wimpy Kid,9.741,2010-03-19,6.287,1796
9321,1511675,Kingdom 5: The Clash of Souls,9.4441,2026-07-17,8.0,1
9322,9489,You've Got Mail,8.3463,1998-12-18,6.709,3693
9323,20504,The Book of Eli,10.4837,2010-01-14,6.805,6786
9324,239563,St. Vincent,9.8214,2014-10-09,7.133,2101
9325,401981,Red Sparrow,11.133,2018-02-28,6.534,6411
9326,13187,A Charlie Brown Christmas,9.1153,1965-12-09,7.682,792
9327,570595,Russian Nymphet: Temptation,10.2527,2004-11-28,5.6,27
9328,11774,Lemony Snicket's A Series of Unfortunate Events,8.9081,2004-12-16,6.823,5344
9329,796185,The Three Musketeers: D'Artagnan,10.0588,2023-04-05,6.916,1434
9330,363676,Sully,10.2337,2016-09-07,7.204,7791
9331,1688652,Gary,8.7214,2026-05-05,6.481,53
9332,9390,Jerry Maguire,9.8739,1996-12-13,7.0,3797
9333,927254,The Twits,9.7545,2025-10-17,5.88,117
9334,107827,Dreams Of Eroticism,8.159,1977-11-18,4.643,7
9335,710295,Wolf Man,8.0354,2025-01-15,6.154,1022
9336,341013,Atomic Blonde,9.6571,2017-07-26,6.437,6699
9337,585511,Luck,10.9603,2022-08-05,7.765,2061
9338,2698,Evan Almighty,10.5157,2007-06-09,5.588,4615
9339,1180831,Troll 2,8.8911,2025-11-30,6.362,508
9340,212259,Fotbollskrönikan EM 1988,9.0429,1988-08-05,0.0,0
9341,10515,Castle in the Sky,9.5153,1986-08-02,8.0,4735
9342,263472,Knock Knock,10.4202,2015-06-26,5.387,3534
9343,1379963,Tell Me Softly,10.0606,2025-12-11,6.2,195
9344,693,Meet the Fockers,9.1396,2004-12-22,6.254,5235
9345,536554,M3GAN,10.3441,2022-12-28,7.018,4915
9346,673593,Mean Girls,11.8206,2024-01-10,5.87,745
9347,227159,Horrible Bosses 2,8.7864,2014-11-12,6.18,4440
9348,87818,Movie 43,9.7575,2013-01-24,4.661,2535
9349,894753,Narrow Nambul,9.1693,2020-01-01,5.0,1
9350,9444,Anastasia,8.6736,1997-11-20,7.606,5657
9351,14128,Cinderella II: Dreams Come True,9.6728,2002-02-23,6.123,1547
9352,85877,The 33D Invader,9.3699,2011-10-06,5.7,32
9353,51739,The Secret World of Arrietty,9.7024,2010-07-16,7.673,3227
9354,69,Walk the Line,9.7499,2005-09-13,7.502,3174
9355,59440,Warrior,9.692,2011-09-09,7.84,5081
9356,10184,He's Just Not That Into You,10.3895,2009-02-06,6.625,4084
9357,295400,Cain's Children,8.4736,2014-09-23,9.3,3
9358,45032,Maslin Beach,9.9521,1997-01-01,4.286,7
9359,75174,The Grey,10.2794,2012-01-26,6.576,4189
9360,75174,The Grey,10.2794,2012-01-26,6.576,4189
9361,395992,Life,9.9715,2017-03-22,6.46,8016
9362,449562,The Hustle,10.6493,2019-05-09,6.188,2724
9363,1038918,Magistrate Woman Prison Collection II,7.7932,1995-09-21,6.0,1
9364,945729,A Haunting in Venice,7.8568,2023-09-13,6.563,2909
9365,1727739,Leader,8.7706,1990-09-07,0.0,0
9366,72570,The Vow,9.7433,2012-02-05,7.225,4287
9367,11130,The Princess Diaries 2: Royal Engagement,10.4659,2004-08-06,6.713,3434
9368,204082,Homefront,10.0525,2013-11-12,6.949,3906
9369,1274706,The Marked Woman,8.928,2026-06-05,5.567,112
9370,1948,Crank,9.9154,2006-08-31,6.667,4288
9371,280092,Insidious: Chapter 3,11.0088,2015-05-28,6.285,3670
9372,59859,Kick-Ass 2,10.2906,2013-07-17,6.403,6650
9373,522417,Scorpion King: Book of Souls,9.7042,2018-10-23,5.868,319
9374,858,Sleepless in Seattle,7.9844,1993-06-24,6.746,2626
9375,1071215,Thanksgiving,8.4138,2023-11-16,6.47,1626
9376,1493123,Killhouse,8.5942,2026-04-23,7.0,12
9377,621304,Children of Blood and Bone,8.93,2027-01-13,0.0,0
9378,417555,Intolerância.doc,7.9831,2016-10-06,6.0,4
9379,68737,Seventh Son,10.4127,2014-12-12,5.528,2682
9380,12429,Ponyo,10.1166,2008-07-19,7.763,4890
9381,1061378,Better Him Than Me,8.5177,2022-12-12,0.0,0
9382,1409389,Dirty Pilgrimage to the West: Broken Volume,8.4385,1988-09-10,6.0,1
9383,256274,"As Above, So Below",9.3406,2014-08-14,6.749,3918
9384,181283,Child 44,10.318,2015-03-15,6.281,1841
9385,542178,"The French Dispatch of the Liberty, Kansas Evening Sun",9.9882,2021-10-21,7.008,3036
9386,50544,Friends with Benefits,9.687,2011-07-21,6.643,8457
9387,1155281,Creation of the Gods II: Demon Force,8.5204,2025-01-29,6.5,134
9388,21542,Love Don't Co$t a Thing,9.1754,2003-12-12,7.671,721
9389,257445,Goosebumps,9.3691,2015-08-05,6.313,4021
9390,1481390,Curious Tales of a Temple,7.1242,2025-07-12,7.615,13
9391,6978,Big Trouble in Little China,9.0934,1986-05-30,7.215,3426
9392,651102,The Purple Horizon,9.2759,1971-08-06,6.0,1
9393,856289,Creation of the Gods I: Kingdom of Storms,9.0088,2023-07-15,7.074,485
9394,168672,American Hustle,9.0307,2013-12-03,6.854,7829
9395,2268,The Golden Compass,9.1389,2007-12-04,6.084,4886
9396,88486,Queens of Evil,7.0192,1970-12-11,5.8,18
9397,274167,Daddy's Home,10.4675,2015-12-25,6.293,3475
9398,1226299,Dilig,8.3809,2024-01-30,4.222,9
9399,10796,The One,9.8811,2001-11-02,6.136,1776
9400,58595,Snow White and the Huntsman,10.2338,2012-05-30,5.986,8297
9401,314365,Spotlight,10.0725,2015-11-06,7.811,8877
9402,28468,The Key,10.6812,1983-10-19,6.0,450
9403,37834,Knight and Day,9.5794,2010-06-15,6.239,4972
9404,334541,Manchester by the Sea,9.681,2016-11-17,7.552,6477
9405,484641,Anna,9.9585,2019-06-19,6.719,3043
9406,280217,The Lego Movie 2: The Second Part,9.696,2019-02-06,6.655,2467
9407,117,The Untouchables,10.6976,1987-06-03,7.756,6247
9408,843271,French Film,9.0574,,0.0,0
9409,714,Tomorrow Never Dies,8.875,1997-12-11,6.384,3499
9410,9453,Caligula,9.2245,1979-08-14,6.0,994
9411,13161,Big Stan,9.4208,2007-11-03,6.641,1077
9412,4032,My Girl,8.7372,1991-11-27,7.421,2335
9413,799876,The Outfit,8.7371,2022-02-25,7.096,1406
9414,356305,Why Him?,10.3038,2016-12-22,6.385,4448
9415,1290159,A House of Dynamite,8.7051,2025-10-02,6.405,1327
9416,30421,A Chinese Ghost Story,9.4238,1987-07-18,7.304,342
9417,223319,Lucky Sky Diamond,9.5523,1989-03-11,4.1,10
9418,9361,The Last of the Mohicans,10.1122,1992-08-26,7.387,3487
9419,1517868,Maddie's Secret,8.0445,2026-06-19,5.0,4
9420,276907,Legend,9.2889,2015-09-09,7.05,4340
9421,739405,Operation Fortune: Ruse de Guerre,9.2661,2023-01-04,6.466,2003
9422,850439,The Damned,9.9378,2025-01-03,5.833,204
9423,10950,I Am Sam,9.1099,2001-12-28,7.568,2536
9424,1299652,Watchmen: Chapter II,9.0179,2024-11-25,7.331,180
9425,68735,Warcraft,9.9735,2016-05-25,6.409,7362
9426,755566,Day Shift,10.6059,2022-08-05,6.734,2244
9427,338766,Hell or High Water,8.9353,2016-08-11,7.305,4933
9428,503736,Army of the Dead,9.1612,2021-05-14,6.193,4478
9429,555604,Guillermo del Toro's Pinocchio,8.5556,2022-11-09,8.003,3409
9430,1403735,Laila,8.3232,2025-02-14,5.25,8
9431,1103,Escape from New York,8.2202,1981-05-23,7.048,3573
9432,261023,Black Mass,9.7974,2015-09-17,6.525,3632
9433,9032,Big Daddy,9.7573,1999-06-25,6.488,3601
9434,1633263,Wonderful Nightmare,8.827,2026-04-04,7.8,19
9435,1654,The Dirty Dozen,8.7415,1967-06-15,7.6,1345
9436,8065,21,9.2422,2008-03-27,6.693,5094
9437,1830,Lord of War,10.0646,2005-09-16,7.348,5438
9438,16320,Serenity,9.4053,2005-09-25,7.361,3934
9439,315011,Shin Godzilla,8.7846,2016-07-29,7.2,1606
9440,506574,Descendants 3,9.879,2019-08-02,7.68,1640
9441,501170,Doctor Sleep,10.2516,2019-10-30,7.146,4975
9442,125509,Wrong Turn 5: Bloodlines,9.9788,2012-10-18,5.48,1062
9443,53848,Ida regénye,8.473,1934-03-15,7.0,1
9444,254470,Pitch Perfect 2,11.5288,2015-05-07,6.84,5553
9445,138103,The Expendables 3,10.3899,2014-08-07,6.2,5401
9446,449176,"Love, Simon",9.6418,2018-02-16,7.968,6295
9447,116711,Epic,9.4634,2013-05-15,6.566,2977
9448,8202,Æon Flux,8.812,2005-11-30,5.64,2492
9449,1412598,Killer Whale,9.7149,2026-01-16,5.436,125
9450,1241470,Osiris,8.8345,2025-07-25,6.115,287
9451,49049,Dredd,9.0334,2012-09-07,6.859,5628
9452,804,Roman Holiday,11.0821,1953-08-26,7.9,2300
9453,491418,Instant Family,10.3386,2018-11-13,7.491,3273
9454,299687,The 5th Wave,10.534,2016-01-14,5.936,6093
9455,1263256,Happy Gilmore 2,8.8425,2025-07-25,6.517,1018
9456,172226,In Secret,8.5275,2014-02-21,6.12,258
9457,6145,Fracture,7.8187,2007-04-19,7.262,4400
9458,10775,Infernal Affairs,8.3633,2002-12-12,7.8,1891
9459,287604,Temperate Zone,7.962,1970-08-18,9.0,1
9460,660120,The Worst Person in the World,9.8688,2021-10-13,7.4,1899
9461,50727,The Servant,8.8738,2010-06-02,5.671,41
9462,302699,Central Intelligence,9.3947,2016-06-15,6.419,6424
9463,11665,Get Smart,11.2311,2008-06-19,6.216,3937
9464,1244492,Look Back,9.4392,2024-06-28,8.183,619
9465,1015154,Fireflies at El Mozote,8.6041,2025-12-11,8.5,2
9466,982843,The Great Flood,8.9774,2025-09-18,5.991,741
9467,417320,Descendants 2,10.348,2017-07-21,7.373,1804
9468,207932,Inferno,9.6882,2016-10-13,6.1,6714
9469,762975,Purple Hearts,9.2769,2022-07-29,8.041,2909
9470,1290432,A Private Life,8.8604,2025-09-27,5.512,243
9471,308624,The Story of Ong-nyeo,8.7086,2014-08-21,5.5,6
9472,13387,Transporter 3,8.7239,2008-11-26,6.171,3728
9473,16871,Drag Me to Hell,9.8697,2009-05-27,6.486,4165
9474,13486,The Scorpion King 2: Rise of a Warrior,9.1546,2008-07-19,4.758,637
9475,10771,The Tuxedo,10.1571,2002-09-27,5.736,2204
9476,818,Austin Powers in Goldmember,8.9322,2002-07-26,6.025,3485
9477,3021,1408,10.013,2007-06-22,6.692,4978
9478,438799,Overlord,8.4371,2018-11-01,6.734,3183
9479,137138,Fotbollskrönikan EM 2004,8.5791,2004-12-01,0.0,0
9480,438799,Overlord,8.4371,2018-11-01,6.734,3183
9481,137138,Fotbollskrönikan EM 2004,8.5791,2004-12-01,0.0,0
9482,378236,The Emoji Movie,9.9229,2017-07-23,5.4,3356
9483,5925,The Great Escape,9.0715,1963-07-03,7.928,2891
9484,2770,American Pie 2,9.9011,2001-08-10,6.265,5392
9485,138332,Fotbollskrönikan EM 2008,8.5267,2008-12-01,0.0,0
9486,1567605,Ebenezer,8.6681,2026-11-11,0.0,0
9487,581392,Peninsula,10.1081,2020-07-15,6.71,2622
9488,82654,Warm Bodies,9.6119,2013-01-31,6.474,6443
9489,91586,Insidious: Chapter 2,9.2564,2013-09-12,6.683,4644
9490,327835,La collegiale,11.6018,1975-01-01,4.6,9
9491,7459,Speed Racer,9.6702,2008-05-07,6.373,1815
9492,62835,Colombiana,9.7375,2011-07-27,6.647,2913
9493,244,King Kong,9.2378,1933-04-07,7.589,1635
9494,52462,The Pet,8.6057,2006-05-17,4.5,31
9495,12437,Underworld: Rise of the Lycans,8.3796,2009-01-22,6.54,3997
9496,11551,Small Soldiers,8.8014,1998-07-10,6.557,2369
9497,499546,We,8.475,2018-07-12,5.387,119
9498,1595481,Kidnapped: Elizabeth Smart,8.794,2026-01-20,7.259,106
9499,9312,Mortal Kombat,9.5396,1995-08-18,5.916,2619
9500,49524,R.I.P.D.,9.5236,2013-07-18,5.861,4338
9501,180299,The Raid 2,8.0046,2014-03-27,7.609,2639
9502,9869,Patriot Games,9.0896,1992-06-04,6.682,1851
9503,297270,Tinker Bell and the Legend of the NeverBeast,10.3029,2014-12-12,7.39,1214
9504,306215,Mr. Plant,7.7019,2014-11-04,6.0,3
9505,428078,Mortal Engines,9.8009,2018-11-27,6.25,5257
9506,454467,Noelle,7.5483,2019-11-12,6.566,758
9507,560016,Monkey Man,10.2874,2024-04-03,6.856,1462
9508,284,The Apartment,9.7136,1960-06-21,8.189,2714
9509,399402,Hunter Killer,10.3281,2018-10-19,6.91,2448
9510,4995,Boogie Nights,9.1006,1997-10-07,7.638,3628
9511,296098,Bridge of Spies,9.8914,2015-10-15,7.244,7347
9512,508439,Onward,11.0174,2020-02-29,7.637,6646
9513,1476292,Kalakal,9.2836,2025-06-13,6.7,9
9514,1410937,Balan - The Boy,9.9865,2026-06-19,8.1,7
9515,344980,Ília,7.7015,2014-12-08,0.0,0
9516,371482,Reflections,7.9165,2007-01-01,0.0,0
9517,37430,Conan the Barbarian,8.4809,2011-08-17,5.309,2043
9518,8960,Hancock,8.9814,2008-07-01,6.357,10363
9519,228967,The Interview,10.1324,2014-12-25,6.184,6301
9520,228967,The Interview,10.1324,2014-12-25,6.184,6301
9521,3050,Doctor Dolittle,7.7117,1998-06-26,5.727,3329
9522,35019,Nanny McPhee and the Big Bang,9.3382,2010-03-26,6.326,1972
9523,443791,Underwater,9.7383,2020-01-08,6.287,3543
9524,522931,Hitman's Wife's Bodyguard,9.3553,2021-06-14,6.633,2643
9525,440546,Tékasztorik,7.8105,2017-02-11,4.8,5
9526,8922,Jeepers Creepers,10.2177,2001-07-01,6.486,3354
9527,846422,The Old Guard 2,9.7428,2025-07-01,5.898,1010
9528,9539,Martyrs,9.5773,2008-06-12,7.3,3077
9529,1992,Planet Terror,9.3746,2007-04-06,6.692,3907
9530,16866,Planet 51,8.7332,2009-11-19,5.913,2199
9531,146,"Crouching Tiger, Hidden Dragon",9.5259,2000-07-06,7.436,3636
9532,990412,Under the Influence,7.6576,2022-09-17,0.0,0
9533,643686,Vondo,8.241,1998-05-15,7.0,2
9534,423204,Angel Has Fallen,9.6875,2019-08-21,6.606,3932
9535,462,Erin Brockovich,7.6801,2000-03-17,7.428,3697
9536,9517,Bully,9.4235,2001-06-15,6.682,562
9537,1155828,Sing Sing,9.2802,2024-07-12,7.394,372
9538,745048,The Mummy,8.4262,2014-11-22,0.0,0
9539,668489,Havoc,9.2193,2025-04-25,6.385,1290
9540,1391,Y Tu Mamá También,8.6564,2001-06-08,7.437,1785
9541,1151039,Nonnas,8.921,2025-05-01,6.774,521
9542,334,Magnolia,8.7959,1999-12-17,7.721,4078
9543,1401778,Turbulence,9.0582,2025-11-26,6.5,157
9544,332562,A Star Is Born,9.5248,2018-10-03,7.492,12297
9545,10805,Staying Alive,9.0073,1983-07-11,5.8,508
9546,381283,mother!,9.731,2017-09-13,6.952,7181
9547,868759,Ghosted,9.4118,2023-04-18,6.871,2230
9548,212915,The Game of Love,8.2441,1935-11-09,8.0,2
9549,2604,Born on the Fourth of July,9.3847,1989-12-20,7.003,1915
9550,1265344,Swiped,8.4836,2025-09-09,6.597,180
9551,10439,Hocus Pocus,10.3854,1993-07-16,7.039,3339
9552,1267905,The Roses,9.5536,2025-08-27,6.7,732
9553,1225572,Screamboat,8.5479,2025-03-20,5.053,141
9554,1424965,Ice Skater,8.4987,2026-08-20,0.0,0
9555,385128,F9,9.4256,2021-05-19,6.99,7784
9556,1495694,Beauty from Pain,8.9454,2025-12-18,6.974,19
9557,9411,Fallen,8.8587,1998-01-16,6.809,1643
9558,6795,Zathura: A Space Adventure,9.4581,2005-11-06,6.451,3650
9559,1211677,La nota,6.1495,2023-10-09,8.0,1
9560,75258,Secret of the Wings,9.3608,2012-08-17,7.265,1389
9561,1206617,The Best Christmas Pageant Ever,8.5112,2024-11-07,6.846,133
9562,698508,Redeeming Love,9.2799,2022-01-21,7.866,768
9563,20662,Robin Hood,9.6471,2010-05-12,6.401,5079
9564,948549,Love Lies Bleeding,7.3176,2024-03-07,6.547,991
9565,7326,Juno,8.6978,2007-12-05,7.063,7718
9566,13122,The People Under the Stairs,8.8239,1991-11-01,6.543,778
9567,1590846,V. Shantaram,8.3674,2026-11-18,0.0,0
9568,1440304,Mauvaise Pioche,8.4947,2026-04-01,6.294,17
9569,537996,The Ballad of Buster Scruggs,8.6573,2018-11-09,7.132,4488
9570,36643,The World Is Not Enough,9.4561,1999-11-17,6.292,3319
9571,1497970,Tom and Jerry: Forbidden Compass,8.4073,2025-08-02,6.5,52
9572,92060,Michael Jackson's Thriller,8.5701,1983-11-21,8.262,780
9573,9833,The Phantom of the Opera,8.4682,2004-12-08,7.272,1799
9574,2330,Taxi,8.5316,1998-04-08,6.7,2765
9575,9679,Gone in Sixty Seconds,10.2914,2000-06-09,6.474,4957
9576,936653,Nina & Emma,8.9834,2023-04-12,3.5,2
9577,1263337,Heart of the Beast,8.2027,2026-09-23,0.0,0
9578,8920,Garfield,9.1123,2004-06-10,5.729,4286
9579,22832,Ninja Assassin,9.0734,2009-09-29,6.739,1833
9580,8920,Garfield,9.1123,2004-06-10,5.729,4286
9581,22832,Ninja Assassin,9.0734,2009-09-29,6.739,1833
9582,657,From Russia with Love,9.6269,1963-10-10,7.063,3421
9583,31439,To Live,8.3054,1994-05-18,8.1,384
9584,617653,The Last Duel,9.4854,2021-10-13,7.4,3923
9585,11397,Not Another Teen Movie,8.6538,2001-12-07,5.82,2336
9586,94329,The Raid,9.257,2012-03-22,7.408,3953
9587,9772,Air Force One,9.1214,1997-07-25,6.467,3370
9588,700186,Mom's Friend 5,8.1187,2018-08-24,5.0,2
9589,447541,Hunting for Englishmen,7.5407,2006-11-30,6.0,1
9590,11881,Miracle on 34th Street,9.9649,1947-06-04,7.358,858
9591,869,Planet of the Apes,8.9833,2001-07-26,5.776,4482
9592,10802,Showgirls,8.6109,1995-09-22,5.567,1412
9593,1155818,Satluj,7.671,2026-07-03,7.6,18
9594,70345,Sssssss,8.7115,1973-07-06,5.143,112
9595,2046,The Gift,8.931,2000-12-22,6.486,1414
9596,433808,The Ritual,10.3653,2017-10-11,6.295,3510
9597,23398,Alvin and the Chipmunks: The Squeakquel,8.8283,2009-12-21,5.659,3158
9598,337170,American Made,9.0894,2017-08-18,6.9,5056
9599,1213,The Talented Mr. Ripley,8.7524,1999-12-25,7.195,4207
9600,1729,The Forbidden Kingdom,8.655,2008-04-17,6.639,1954
9601,8963,Crimson Tide,9.6691,1995-05-12,7.183,2028
9602,11283,Nanny McPhee,9.2719,2005-10-21,6.69,3255
9603,345938,The Shack,10.0655,2017-03-02,7.509,2271
9604,51540,Horrible Bosses,8.3662,2011-07-08,6.575,6881
9605,583,Life of Brian,9.0219,1979-08-17,7.761,4997
9606,12162,The Hurt Locker,9.9102,2008-10-10,7.253,6266
9607,854804,Movida,7.2379,2020-06-25,0.0,0
9608,317442,The Last: Naruto the Movie,8.3092,2014-12-06,7.474,2409
9609,1597,Meet the Parents,8.2684,2000-10-06,6.701,6478
9610,796,Cruel Intentions,9.1942,1999-03-05,6.819,3636
9611,49040,The Bourne Legacy,9.0675,2012-08-08,6.253,6205
9612,1542643,Second Sister,6.9942,2025-12-17,5.333,3
9613,984,Dirty Harry,9.1795,1971-12-23,7.5,2789
9614,615121,The Thomas Crown Affair,8.3892,2027-03-04,0.0,0
9615,744857,When Evil Lurks,8.4685,2023-10-05,7.154,1507
9616,576845,Last Night in Soho,8.7938,2021-10-21,7.266,3940
9617,9879,Striptease,8.3897,1996-06-28,5.561,1194
9618,941294,Made in Heaven,8.2893,2022-02-18,0.0,0
9619,22059,The Fantastic Four,7.999,1994-05-31,4.375,228
9620,274854,The Last Witch Hunter,9.3612,2015-10-21,6.018,3888
9621,261296,Rosewood Cane,7.7555,1940-11-25,8.0,2
9622,1576,Resident Evil,8.4969,2002-03-15,6.668,7047
9623,1511417,Bāhubali: The Epic,8.3748,2025-10-29,6.3,40
9624,1422227,Aşk Sadece Bir An,7.7687,2025-02-14,6.6,12
9625,36239,Slaughtered Vomit Dolls,8.039,2006-02-14,3.9,117
9626,1148365,Matchbox: The Movie,8.7263,2026-10-08,0.0,0
9627,25195,Leap Year,9.1581,2010-01-08,6.898,2189
9628,1426306,Titan: The OceanGate Submersible Disaster,8.3268,2025-06-06,7.067,186
9629,355547,The Star,9.9628,2017-11-15,6.472,617
9630,9567,Tears of the Sun,8.8686,2003-03-07,6.894,2669
9631,2277,Bicentennial Man,8.1413,1999-12-17,7.27,3983
9632,539681,DC League of Super-Pets,9.8448,2022-07-27,7.151,1756
9633,677213,Aama,8.8143,2020-02-21,0.0,0
9634,928358,Grand Jete,7.7443,2022-09-20,4.875,48
9635,136797,Need for Speed,8.5065,2014-03-12,6.44,4756
9636,1268,Mr. Bean's Holiday,9.3617,2007-03-22,6.395,3171
9637,9753,Three,8.5374,2005-11-16,5.576,298
9638,1620,Hitman,8.3418,2007-11-21,6.168,3707
9639,328523,The Prosecution,7.7875,1996-03-03,8.5,2
9640,488623,Forgotten,7.9783,2017-11-29,7.88,1360
9641,254981,Tolerância,8.0956,2000-10-01,5.158,19
9642,11932,Bride of Chucky,9.5262,1998-10-15,6.1,2138
9643,456740,Hellboy,9.1278,2019-04-10,5.576,3754
9644,1235746,Dead of Winter,8.253,2025-09-23,6.371,418
9645,222936,Aloha,7.7937,2015-05-29,5.514,2175
9646,367056,"Blow, Wind!",8.3221,1973-09-01,4.0,3
9647,481084,The Addams Family,8.5362,2019-10-10,6.599,2516
9648,9353,Nacho Libre,9.6434,2006-06-16,6.535,1895
9649,1186532,The Forge,9.2225,2024-08-22,8.191,351
9650,4488,Friday the 13th,9.0814,1980-05-09,6.401,3401
9651,613,Downfall,9.7539,2004-09-16,7.862,4387
9652,87502,Flight,8.2531,2012-02-22,6.864,6519
9653,1300968,The Hunger Games: Sunrise on the Reaping,8.5109,2026-11-18,0.0,0
9654,47933,Independence Day: Resurgence,9.8426,2016-06-22,5.368,6542
9655,4858,The Invasion,8.3633,2007-08-17,6.054,1762
9656,758323,The Pope's Exorcist,8.901,2023-04-05,6.92,3226
9657,347375,Mile 22,10.0086,2018-08-16,6.266,2480
9658,233651,Sex Rider: Wet Highway,7.6986,1971-12-29,4.9,13
9659,269495,No Thank You,8.427,2014-01-10,4.5,15
9660,571,The Birds,8.9217,1963-03-28,7.51,4520
9661,39538,Contagion,9.573,2011-09-08,6.651,6622
9662,257679,Dead Landscape,7.7642,1972-04-06,6.667,6
9663,49948,Fantasia 2000,10.4144,2000-01-01,6.973,1383
9664,5528,The Chorus,8.5895,2004-03-17,7.741,2631
9665,1734261,Kampung Kolestrol,6.4227,2021-01-01,0.0,0
9666,10327,"Legally Blonde 2: Red, White & Blonde",8.8537,2003-07-02,5.717,1776
9667,187349,Dong Cunrui,8.2944,1955-01-30,5.0,8
9668,460555,Operation Red Sea,6.9947,2018-02-16,7.385,439
9669,290595,The Huntsman: Winter's War,9.6989,2016-04-06,6.295,5083
9670,339692,Shot Caller,8.8099,2017-07-07,6.965,2263
9671,41498,One Piece Film: Strong World,9.7964,2009-12-12,7.434,402
9672,805,Rosemary's Baby,9.2373,1968-06-12,7.816,4431
9673,364689,Ferdinand,9.0586,2017-12-09,7.213,3128
9674,1401586,Sonic the Hedgehog 4,8.7836,2027-03-11,0.0,0
9675,122126,The Concubine,8.2886,2012-06-06,5.816,114
9676,816,Austin Powers: International Man of Mystery,8.5827,1997-05-02,6.598,3856
9677,838209,Exhuma,9.1682,2024-02-22,7.649,763
9678,482766,Abel in America,7.4123,1998-02-05,10.0,1
9679,8329,[REC],8.3199,2007-11-23,7.238,4945
9680,482766,Abel in America,7.4123,1998-02-05,10.0,1
9681,8329,[REC],8.3199,2007-11-23,7.238,4945
9682,10140,The Chronicles of Narnia: The Voyage of the Dawn Treader,9.7352,2010-12-02,6.442,5958
9683,503,Poseidon,8.2445,2006-05-03,5.9,2364
9684,15196,Clue,8.6679,1985-12-13,7.207,2003
9685,4349,The Kingdom,7.1433,2007-08-22,6.744,1858
9686,399174,Isle of Dogs,10.8761,2018-03-23,7.846,5487
9687,935,Dr. Strangelove or: How I Learned to Stop Worrying and Love the Bomb,9.0951,1964-01-29,8.119,6235
9688,1023922,MaXXXine,8.123,2024-07-04,6.276,1564
9689,8645,The Happening,9.6142,2008-06-11,5.406,4022
9690,472501,"Monday, Wednesday, Friday",7.6878,2012-05-23,0.0,0
9691,1443961,Rao Bahadur,8.5042,2026-07-02,6.5,4
9692,9257,S.W.A.T.,7.9792,2003-08-08,6.16,2751
9693,1483525,Possible Love,7.1558,2026-09-23,0.0,0
9694,338967,Zombieland: Double Tap,9.8111,2019-10-09,6.894,6357
9695,1049471,Outcome,9.0396,2026-04-06,5.411,236
9696,82703,Mr. Peabody & Sherman,8.1965,2014-02-07,6.739,2576
9697,458897,Charlie's Angels,9.3033,2019-11-14,6.371,3184
9698,901,City Lights,8.7174,1931-02-06,8.248,2494
9699,134374,Pain & Gain,9.2873,2013-04-18,6.291,4862
9700,1498047,Abuela tremenda,8.0266,2026-01-01,6.707,29
9701,238713,Spy,9.015,2015-05-06,6.8,6466
9702,190292,Sevil,8.3453,1929-09-03,5.833,6
9703,10866,Joy Ride,8.9704,2001-10-05,6.546,1388
9704,9291,The Longest Yard,9.4496,2005-05-27,6.68,3738
9705,1547,The Lost Boys,9.0549,1987-07-31,7.11,2343
9706,28339,Hard to Die,8.5173,1990-10-09,6.058,69
9707,824,Moulin Rouge!,9.2256,2001-05-18,7.5,4895
9708,959894,Pallichattambi,7.7419,2026-04-15,4.7,3
9709,1126166,Flight Risk,9.2903,2025-01-22,5.915,1195
9710,27154,Happy End,8.4899,1999-12-11,6.564,78
9711,1233575,Black Bag,10.8611,2025-03-12,6.368,1303
9712,438864,Pega Ladrão,7.683,1957-06-06,7.0,1
9713,1140521,The Magic Faraway Tree,8.9722,2026-03-26,6.2,53
9714,473679,Abel Sánchez,8.32,1947-03-10,10.0,1
9715,9619,Dante's Peak,9.4514,1997-02-07,6.252,2130
9716,773543,Fib the Truth,8.4219,2021-09-09,5.769,93
9717,12139,Dennis the Menace,8.082,1993-06-09,5.886,1618
9718,4476,Legends of the Fall,8.2153,1994-12-23,7.397,2904
9719,550776,Believe Me: The Abduction of Lisa McVey,8.1773,2018-09-30,8.006,696
9720,1246,Rocky Balboa,9.3336,2006-12-20,6.886,3860
9721,10376,The Legend of 1900,8.0616,1998-10-28,8.244,2470
9722,897087,Freelance,7.9913,2023-10-05,6.395,1190
9723,9316,Ong-Bak,8.3545,2003-01-31,7.161,1931
9724,13700,Home on the Range,7.267,2004-04-02,6.068,2189
9725,1003581,Justice League: Warworld,8.4599,2023-07-25,6.718,307
9726,108258,The Great Mom Swap,9.5281,1995-09-23,6.8,5
9727,820067,The Quintessential Quintuplets Movie,8.7333,2022-05-20,8.3,447
9728,1314829,Monkey’s Magic Merry Go Round,7.199,2026-05-14,5.5,2
9729,204208,Otar's Widow,7.7224,1957-07-06,5.4,8
9730,109414,This Is the End,8.8855,2013-06-12,6.231,6934
9731,485681,Bécassine,7.8375,1940-09-03,6.0,2
9732,38321,Priest,9.0681,2011-05-05,5.893,2582
9733,3597,I Know What You Did Last Summer,8.6794,1997-10-17,6.005,3331
9734,253412,Everest,8.5661,2015-09-10,6.826,5291
9735,23629,Sucker Punch,9.0043,2011-03-24,6.203,5153
9736,1083420,Adulthood,7.4391,2025-09-19,5.97,99
9737,1493,Miss Congeniality,8.303,2000-12-22,6.529,4281
9738,9399,Lionheart,8.4578,1990-06-07,6.6,1184
9739,1049443,Dead Flies,7.521,2023-03-25,0.0,0
9740,23629,Sucker Punch,9.0043,2011-03-24,6.203,5153
9741,1083420,Adulthood,7.4391,2025-09-19,5.97,99
9742,1493,Miss Congeniality,8.303,2000-12-22,6.529,4281
9743,9399,Lionheart,8.4578,1990-06-07,6.6,1184
9744,1049443,Dead Flies,7.521,2023-03-25,0.0,0
9745,1290436,Summer Beats,7.2876,2026-01-07,7.2,39
9746,1585657,Spring Blossoms,7.1835,2026-03-05,0.0,0
9747,300669,Don't Breathe,9.7346,2016-06-08,7.014,8062
9748,1159311,My Hero Academia: You're Next,9.1522,2024-08-02,7.229,234
9749,11713,Fist of Fury,8.4854,1972-03-22,7.226,1091
9750,938614,Late Night with the Devil,7.3624,2024-03-19,7.101,2191
9751,1287622,Hit Back,6.8817,1975-06-18,10.0,1
9752,1320669,Be Forever Yamato: Rebel 3199: Part 1: Dark Invasion,8.5093,2024-07-19,9.5,2
9753,452371,She's the Boss,7.6335,2017-02-03,5.7,6
9754,9493,Twins,7.8781,1988-12-09,6.053,2563
9755,674324,The Banshees of Inisherin,8.8953,2022-10-20,7.463,3438
9756,967,Spartacus,9.0385,1960-10-13,7.54,2420
9757,1263012,Dead Man's Wire,7.4548,2026-01-09,6.529,189
9758,848326,Rebel Moon - Part One: A Child of Fire,8.7053,2023-12-15,6.218,2635
9759,136795,The Heat,9.2691,2013-06-27,6.591,4206
9760,1272,Sunshine,8.2307,2007-04-05,6.974,4348
9761,145341,Colonel Kwiatkowski,8.1197,1996-05-10,6.758,33
9762,225574,Non-Stop,9.0935,2014-02-26,6.812,5813
9763,292280,The Bye Bye Man,8.7793,2017-01-12,5.211,1319
9764,11360,Dumbo,8.2092,1941-10-31,6.992,5339
9765,60308,Moneyball,9.3078,2011-09-23,7.298,5879
9766,14306,Marley & Me,9.7687,2008-12-25,7.178,4835
9767,11430,The Lion King 1½,9.2626,2004-10-28,6.586,3181
9768,677060,Música Subterrânea,8.5983,2008-10-28,0.0,0
9769,877703,Teen Wolf: The Movie,7.733,2023-01-18,7.447,985
9770,12493,High and Low,9.3251,1963-03-01,8.367,1162
9771,847,Willow,7.7029,1988-05-20,7.004,2205
9772,6435,Practical Magic,10.4372,1998-10-16,6.783,1749
9773,1095808,"Flowers in the Mirror, Wind and Moon: Ghost Appears",9.3722,1991-07-19,0.0,0
9774,11034,The Great Gatsby,7.7602,1974-03-27,6.282,519
9775,7445,Brothers,8.9788,2009-12-02,7.312,3977
9776,2123,"Me, Myself & Irene",8.6589,2000-06-22,6.623,4321
9777,458305,Vivarium,9.2566,2019-09-07,6.07,2653
9778,715756,Dangerous Drugs of Sex,8.7526,2020-02-14,6.446,37
9779,1182057,Ten Count,7.3504,,0.0,0
9780,14926,Uptown Girls,8.199,2003-08-15,7.018,1169
9781,278924,Mechanic: Resurrection,8.9295,2016-08-25,6.07,3717
9782,1079485,Winnie-the-Pooh: Blood and Honey 2,8.3017,2024-03-26,5.771,487
9783,107846,Escape Plan,10.8537,2013-10-09,6.719,5664
9784,773,Little Miss Sunshine,8.6784,2006-07-26,7.692,7951
9785,774825,The Ice Age Adventures of Buck Wild,9.01,2022-01-28,6.566,1852
9786,1022256,Selena Gomez: My Mind & Me,8.9307,2022-11-04,8.462,616
9787,660,Thunderball,8.5985,1965-12-11,6.67,2684
9788,747188,Asteroid City,8.6798,2023-06-08,6.453,2563
9789,463272,Johnny English Strikes Again,8.6455,2018-08-30,6.283,2808
9790,763285,Ambulance,9.6819,2022-03-16,6.622,2503
9791,39451,Little Fockers,8.8977,2010-12-21,5.661,3483
9792,4977,Paprika,9.7366,2006-10-01,7.814,2932
9793,12133,Step Brothers,9.3456,2008-07-25,6.561,3455
9794,1278162,Panor,7.2514,2025-01-16,6.9,10
9795,581726,Infinite,9.7897,2021-09-09,6.557,2181
9796,1075794,Leo,7.6096,2023-11-17,7.349,1381
9797,2899,Asterix & Obelix: Mission Cleopatra,9.1419,2002-01-30,7.367,3807
9798,950692,Szóló,7.4053,2022-03-11,0.0,0
9799,556694,Three Thousand Years of Longing,8.9501,2022-08-24,6.882,1698
9800,90187,La Orca,4.2848,1976-06-01,5.315,27
9801,1451344,Husbands in Action,8.5397,2026-06-15,7.329,105
9802,1037113,Snack Shack,8.5241,2024-03-15,7.183,268
9803,7516,Smokin' Aces,8.3676,2006-12-09,6.48,1862
9804,200727,"Love, Rosie",9.055,2014-10-16,7.814,6534
9805,10865,Atlantis: The Lost Empire,8.6194,2001-06-02,7.046,5205
9806,324544,In the Lost Lands,8.8107,2025-02-27,6.367,847
9807,274870,Passengers,9.0886,2016-12-21,6.957,14367
9808,612182,Yolo - Bạn Chỉ Sống Một Lần,7.7111,2019-01-11,0.0,0
9809,276832,Ski Lessons,8.107,2013-08-01,0.0,0
9810,55721,Bridesmaids,8.808,2011-05-13,6.511,4725
9811,58628,The Betsy,8.0621,1978-02-02,4.818,33
9812,78049,The Scorpion King 3: Battle for Redemption,8.5508,2012-01-17,4.558,386
9813,511035,The Drawer,7.2579,2016-03-11,0.0,0
9814,744276,After Ever Happy,9.2,2022-08-24,6.775,1380
9815,931628,A Sacrifice,8.9203,2024-06-28,5.568,140
9816,43593,Piranha 3D,9.606,2010-08-20,5.426,2429
9817,1354795,Wen Rou,6.7193,2024-09-24,0.0,0
9818,901362,Trolls Band Together,8.5879,2023-10-12,7.25,1014
9819,37958,Immortals,8.7028,2011-11-10,6.054,2854
9820,1354795,Wen Rou,6.7193,2024-09-24,0.0,0
9821,901362,Trolls Band Together,8.5879,2023-10-12,7.25,1014
9822,37958,Immortals,8.7028,2011-11-10,6.054,2854
9823,705996,Decision to Leave,8.9739,2022-06-29,7.319,1562
9824,11253,Hellboy II: The Golden Army,8.3777,2008-07-11,6.771,5676
9825,4421,G.I. Jane,8.057,1997-08-19,6.49,1885
9826,974573,Another Simple Favor,9.8865,2025-03-07,5.8,540
9827,76726,Chronicle,8.9472,2012-02-01,6.858,5825
9828,704239,The Union,9.1526,2024-08-15,6.041,1194
9829,1125257,Freakier Friday,9.2675,2025-08-06,6.803,764
9830,9035,Slither,6.6498,2006-03-31,6.547,1767
9831,1469930,Tumbal Proyek,8.5516,2026-05-13,4.2,2
9832,158011,The Call,9.3582,2013-03-14,6.8,3104
9833,36593,Naked Gun 33⅓: The Final Insult,8.7454,1994-03-18,6.518,2572
9834,530896,Gilan's Daughter,8.1394,1928-12-30,5.0,2
9835,1634,Free Willy,8.134,1993-07-16,6.205,2007
9836,528891,Euller Miller Between Two Worlds,7.7364,2018-06-07,0.0,0
9837,1312150,Ricky Gervais: Mortality,7.6513,2025-12-29,7.091,99
9838,316727,The Purge: Election Year,8.9035,2016-06-29,6.378,5545
9839,760774,One Life,8.7819,2023-12-21,7.771,971
9840,842675,The Wandering Earth II,9.0319,2023-01-22,7.302,739
9841,253,Live and Let Die,8.967,1973-06-27,6.507,2329
9842,182248,Seven Hours to Judgment,10.0186,1988-09-16,4.429,7
9843,429351,12 Strong,9.9659,2018-01-18,6.369,3227
9844,662050,Sunset at Noon,7.4311,1979-01-01,8.0,1
9845,296524,Deepwater Horizon,9.5001,2016-09-28,6.901,4971
9846,13523,Sex Drive,8.6364,2008-10-16,6.391,1497
9847,1173558,Burning Betrayal,7.9822,2023-10-25,6.244,250
9848,265177,Mommy,8.8749,2014-09-19,8.199,2873
9849,345911,Lights Out,9.4753,2016-07-21,6.373,4182
9850,11326,Tommy,7.952,1975-03-19,6.456,375
9851,1125899,Cleaner,8.7318,2025-02-19,6.608,632
9852,60747,Red Dawn,9.1518,2012-03-15,5.713,1760
9853,10200,The Day the Earth Stood Still,7.8501,2008-12-10,5.663,3816
9854,395991,Only the Brave,8.6402,2017-09-22,7.476,1913
9855,760329,The Smashing Machine,8.0497,2025-10-01,6.372,661
9856,848538,Argylle,9.4968,2024-01-31,5.974,1792
9857,9473,"South Park: Bigger, Longer & Uncut",8.1703,1999-06-24,7.285,3000
9858,9289,The Longest Day,8.469,1962-09-25,7.607,1038
9859,1735139,Papa Ricky,6.4717,2017-01-01,0.0,0
9860,848538,Argylle,9.4968,2024-01-31,5.974,1792
9861,9473,"South Park: Bigger, Longer & Uncut",8.1703,1999-06-24,7.285,3000
9862,9289,The Longest Day,8.469,1962-09-25,7.607,1038
9863,1735139,Papa Ricky,6.4717,2017-01-01,0.0,0
9864,1715492,Shipwrecked: Nightmare at Sea,8.2294,2026-07-10,7.223,65
9865,1030448,ONE on Prime Video 2: Xiong vs. Lee III,7.5649,2022-09-30,0.0,0
9866,11645,Ran,6.8832,1985-06-01,8.007,1862
9867,222935,The Fault in Our Stars,9.1347,2014-06-02,7.591,11629
9868,1522377,Two Worlds One Wish,7.821,2025-11-24,7.22,50
9869,13368,White Christmas,8.4687,1954-10-14,7.188,585
9870,913,The Thomas Crown Affair,8.4995,1999-08-06,6.765,1388
9871,362113,The Last Vodunsi,7.539,2015-06-30,0.0,0
9872,1239193,Deep Cover,9.3721,2025-06-12,6.706,619
9873,288,High Noon,9.2157,1952-06-09,7.655,1608
9874,267860,London Has Fallen,8.8877,2016-03-02,6.225,5158
9875,9618,Tango & Cash,8.407,1989-12-22,6.49,2158
9876,1163974,The Karma of Sex,8.359,1999-09-25,6.5,4
9877,1169516,Welcome to the Jungle,7.4225,2026-06-25,5.08,25
9878,726759,Tetris,6.6446,2023-03-15,7.748,1949
9879,458746,Opium Waltz,7.446,1943-06-17,9.0,1
9880,98025,The Teasers,7.1447,1975-10-31,4.889,63
9881,1741109,WWE SummerSlam 2026: Saturday,9.1044,2026-08-01,7.1,5
9882,10543,Fear,8.2828,1996-04-12,6.639,1076
9883,127984,Taste,7.5262,1984-01-01,0.0,0
9884,1700944,"Love, Ngo",8.2267,2026-06-03,9.5,2
9885,709134,A Picture,7.8621,2014-01-01,0.0,0
9886,1057368,The Sessions,7.3558,2020-11-17,0.0,0
9887,1081422,Kunwari Dulhan,6.5608,1991-01-01,0.0,0
9888,1996,Lara Croft: Tomb Raider - The Cradle of Life,7.7119,2003-07-21,5.763,4568
9889,1604133,Crossing,6.3886,2026-06-26,5.4,5
9890,834,Underworld: Evolution,7.732,2006-01-12,6.608,4437
9891,509967,6 Underground,8.5632,2019-12-10,6.331,5241
9892,15092,Crank: High Voltage,7.9792,2009-04-16,6.09,3209
9893,60935,The Thing,8.5612,2011-10-12,6.253,3287
9894,27022,The Sorcerer's Apprentice,8.8196,2010-07-13,6.145,5329
9895,849266,Punga,7.6657,2022-08-02,10.0,1
9896,508965,Klaus,8.1791,2019-11-08,8.22,4747
9897,884,Crash,8.0095,1996-07-17,6.477,1390
9898,334533,Captain Fantastic,8.3016,2016-07-08,7.889,6900
9899,440472,The Upside,8.5309,2019-01-10,7.128,1418
9900,508965,Klaus,8.1791,2019-11-08,8.22,4747
9901,884,Crash,8.0095,1996-07-17,6.477,1390
9902,334533,Captain Fantastic,8.3016,2016-07-08,7.889,6900
9903,440472,The Upside,8.5309,2019-01-10,7.128,1418
9904,13885,Sweeney Todd: The Demon Barber of Fleet Street,7.8948,2007-12-21,7.182,6414
9905,97831,Once Is Not Enough,6.4835,1975-06-20,5.167,18
9906,193893,Let's Be Cops,10.1612,2014-08-13,6.468,3008
9907,1232221,Mother-in-law in Love With Son-in-law 4,6.1665,2023-12-26,4.0,1
9908,10997,Farewell My Concubine,7.0226,1993-01-01,7.9,693
9909,301,Rio Bravo,7.7169,1959-03-08,7.802,1280
9910,8843,The Cell,8.125,2000-08-18,6.271,1752
9911,45649,Rubber,7.8311,2010-11-09,5.922,1128
9912,395990,Death Wish,9.2982,2018-03-01,6.238,2849
9913,1302916,Heart Eyes,9.9956,2025-02-06,6.265,567
9914,864370,Incantation,7.8389,2022-03-18,6.838,850
9915,1498,Teenage Mutant Ninja Turtles,8.1007,1990-03-30,6.713,1989
9916,1040148,"Ruby Gillman, Teenage Kraken",6.7671,2023-06-28,7.147,1127
9917,754220,Waves,7.9801,2019-11-25,10.0,1
9918,1587,What's Eating Gilbert Grape,9.4939,1993-12-17,7.659,4340
9919,273186,Industrial Revolution,7.1254,2014-04-01,5.0,2
9920,848416,Groom and Bride,7.6996,1971-04-12,0.0,0
9921,241,Natural Born Killers,7.7212,1994-08-26,7.05,3855
9922,1645,A Time to Kill,7.9319,1996-07-24,7.392,3028
9923,11330,Pusher 3,8.4427,2005-08-22,7.2,433
9924,793602,Favorite Concubine,7.0285,2020-12-24,4.0,3
9925,40181,His Majesty Minor,7.7451,2007-10-10,3.417,36
9926,9767,The Break-Up,9.2178,2006-06-01,5.903,2872
9927,1164355,Lembayung,7.0924,2024-09-19,7.2,10
9928,459992,Long Shot,9.0175,2019-05-02,6.7,2924
9929,485030,Der Fremdenlegionär,7.1934,1928-03-01,10.0,1
9930,1107166,Psycho Killer,7.4901,2026-02-19,6.506,170
9931,297291,The Scorpion King 4: Quest for Power,8.7699,2015-01-09,5.147,249
9932,1010069,Chachchu,7.4723,2006-08-25,6.0,1
9933,6466,Freddy vs. Jason,7.748,2003-08-15,6.098,2876
9934,1025802,Drifter,8.735,2023-11-02,5.192,13
9935,1038456,ONE on Prime Video 3: Lineker vs. Andrade,7.4258,2022-10-21,0.0,0
9936,38684,Jane Eyre,9.1995,2011-03-11,7.197,1576
9937,511642,Female Hostel 2,8.7002,2018-03-22,5.5,6
9938,1236470,The Lost Bus,7.5495,2025-09-19,7.039,780
9939,9481,The Bone Collector,8.3757,1999-11-04,6.796,3936
9940,9481,The Bone Collector,8.3757,1999-11-04,6.796,3936
9941,554776,An Affair: My Sister-in-law's Love,7.6536,2018-07-26,4.9,9
9942,1534239,Ayrılıq imiş,6.5327,2008-03-06,0.0,0
9943,10406,Encino Man,7.1464,1992-05-22,5.8,724
9944,652837,"Josee, the Tiger and the Fish",8.9408,2020-12-25,8.3,616
9945,705559,My Mother's Lovers,7.6818,2020-05-29,4.8,11
9946,1153576,Street Fighter,8.4861,2026-10-14,0.0,0
9947,787752,Fresh,7.5844,2022-03-03,6.947,1916
9948,1923,Twin Peaks: Fire Walk with Me,8.0012,1992-06-03,7.42,2307
9949,232672,Blended,9.0795,2014-05-21,6.895,3852
9950,899112,Violent Night,7.2797,2022-11-30,7.214,2592
9951,449512,Índio Cidadão?,7.0178,2014-04-19,0.0,0
9952,838240,Robot Dreams,8.6715,2023-12-06,7.948,821
9953,713,The Piano,8.2805,1993-05-18,7.371,1665
9954,567748,The Guilty,8.0445,2021-09-24,6.427,3190
9955,1738,Next,8.6458,2007-04-25,6.135,3335
9956,1378,Shortbus,8.2375,2006-10-04,6.28,595
9957,235602,Latif,7.7309,1930-11-11,6.0,2
9958,1384758,Ice Age: Boiling Point,8.6649,2027-02-03,0.0,0
9959,1542,Office Space,8.547,1999-02-19,7.381,3454
9960,1050390,Confinement Escape: Beautiful Prey,8.6905,1993-12-24,7.0,2
9961,707,A View to a Kill,6.7461,1985-05-24,6.257,2236
9962,552178,Dark Waters,8.8703,2019-11-22,7.529,2571
9963,1280282,Gabby's Dollhouse: The Movie,8.9501,2025-09-13,6.803,89
9964,11845,Intimacy,7.9196,2001-01-20,6.219,556
9965,1578,Raging Bull,8.9127,1980-11-14,7.899,4824
9966,678512,Sound of Freedom,8.4927,2023-07-03,7.954,2796
9967,434203,Newness,7.5292,2017-11-03,6.066,632
9968,614934,Elvis,8.6226,2022-06-22,7.453,3951
9969,839369,May December,8.8107,2023-11-16,6.577,1050
9970,533514,Violet Evergarden: The Movie,8.3747,2020-09-18,8.3,529
9971,123069,Swedish Wildcats,8.3299,1972-01-20,4.7,13
9972,1660526,Please,6.997,2026-06-22,0.0,0
9973,1201753,Get Away,7.6727,2024-12-06,5.202,183
9974,1462229,Pegasus 3,7.9362,2026-02-17,7.171,41
9975,157,Star Trek III: The Search for Spock,8.6894,1984-06-01,6.583,1543
9976,8848,The Bank Job,8.9445,2008-02-28,6.9,2665
9977,5,Four Rooms,7.1595,1995-12-09,5.908,2876
9978,974036,Ordinary Angels,7.8678,2024-02-22,7.666,409
9979,829,Chinatown,8.9069,1974-06-20,7.903,4323
9980,2135,The Time Machine,8.7504,2002-03-04,6.335,2600
9981,1730821,레즈비언 부부의 아내 불륜,7.5505,2026-07-17,0.0,0
9982,88751,Journey to the Center of the Earth,9.1593,2008-07-10,6.096,5225
9983,692018,Where You Belong,7.9047,2015-11-19,0.0,0
9984,8839,Casper,8.5615,1995-05-26,6.342,4981
9985,259207,The President,7.3303,2013-10-09,7.0,1
9986,479718,The Outlaws,8.4097,2017-10-03,7.653,557
9987,1284505,Forced Vacation,7.1053,2025-06-11,6.1,56
9988,68728,Oz the Great and Powerful,7.8565,2013-03-07,5.938,6869
9989,62029,Bingo Bongo,7.4878,1982-12-23,5.711,178
9990,86834,Noah,8.6718,2014-03-07,5.678,6669
9991,379149,The Foreigner,8.7108,2017-09-28,6.981,2978
9992,38234,Undisputed III: Redemption,8.0012,2010-04-17,7.589,1053
9993,397422,Rough Night,9.0436,2017-06-15,5.688,2119
9994,1662317,The Crash,7.6238,2026-05-14,6.931,159
9995,1445276,A Love Too Captivating,7.4677,2025-04-06,7.833,6
9996,592350,My Hero Academia: Heroes Rising,9.2561,2019-12-20,8.134,1306
9997,14411,Sinbad: Legend of the Seven Seas,8.4223,2003-07-02,7.053,2258
9998,15370,The Cat Returns,8.5719,2002-07-19,7.135,2492
9999,107985,The World's End,8.1234,2013-07-18,6.81,5972
10000,1398050,Driver's Ed,6.8493,2025-09-13,6.819,83
10001,492409,Pispisa-khanum and Mouse-bey,7.7124,1974-01-01,0.0,0
10002,77931,The Smurfs 2,8.926,2013-07-30,5.752,2390
10003,602734,Spiral: From the Book of Saw,9.0644,2021-05-12,5.891,2321
10004,260268,The Last Bolero,7.779,2014-03-21,7.4,5
10005,700468,Aos Pedaços,6.4612,2019-08-15,6.5,1
10006,799379,Project Wolf Hunting,8.7115,2022-09-21,6.44,445
10007,12106,The Quick and the Dead,7.6409,1995-02-09,6.541,1995
10008,108072,Killing of the Flesh,7.9693,1983-04-05,5.375,8
10009,58233,Johnny English Reborn,8.0469,2011-09-15,6.247,3633
10010,615121,The Thomas Crown Affair,8.3892,2027-03-04,0.0,0
10011,56141,Sotto Sotto,6.8208,1984-03-01,3.9,5
10012,440339,A kékszakállú herceg vára,7.4718,1981-01-01,10.0,1
10013,11212,Baby's Day Out,8.2362,1994-07-01,6.418,1486
10014,9896,Rat Race,8.2897,2001-08-17,6.29,2010
10015,1878,Fear and Loathing in Las Vegas,8.2386,1998-05-22,7.201,5092
10016,1351894,Stolen Springs,6.1765,,0.0,0
10017,441130,Wolfwalkers,8.8565,2020-10-26,8.169,1422
10018,400214,Operación Tiburón,7.1257,1965-01-01,6.667,3
10019,192141,No Escape,8.7189,2015-08-26,6.948,2768
10020,1734323,Imamku Okey,6.0738,2021-01-01,0.0,0
10021,533026,The Owl,7.814,1924-09-12,1.0,1
10022,13375,The Tit and the Moon,6.6877,1994-03-29,6.2,97
10023,130150,Labor Day,8.5166,2013-12-27,7.1,1362
10024,31011,Mr. Nobody,9.1249,2009-11-06,7.789,6287
10025,931493,Vanity Fair,6.9559,2022-02-03,0.0,0
10026,1627792,Sagaran,7.8963,2026-02-06,4.5,2
10027,38167,Eat Pray Love,9.3778,2010-08-12,6.247,2660
10028,184421,In the Name of God,8.0252,1925-11-17,4.5,4
10029,667,You Only Live Twice,8.262,1967-06-13,6.592,2526
10030,26662,Detective Conan: The Phantom of Baker Street,7.295,2002-04-20,7.781,237
10031,11001,Blue Streak,8.0387,1999-09-17,6.512,1673
10032,533,Wallace & Gromit: The Curse of the Were-Rabbit,8.7485,2005-09-15,7.1,3133
10033,71552,American Reunion,8.4678,2012-04-04,6.314,4755
10034,1900,Traffic,6.728,2000-12-27,7.087,2459
10035,1733041,Modrý Drak,6.5253,,0.0,0
10036,80,Before Sunset,9.9671,2004-06-16,7.803,3854
10037,30112,Lost in Beijing,7.6399,2007-11-08,6.554,65
10038,637997,Rom,7.0606,2020-07-31,6.9,15
10039,1038919,美女奉行 おんな牢秘抄,6.8923,,0.0,0
10040,8592,Dick Tracy,7.9816,1990-06-15,6.158,1065
10041,419329,Descendants of Adultery,7.4317,2016-09-30,4.5,8
10042,381719,Peter Rabbit,9.1005,2018-02-07,6.7,1950
10043,9350,Cliffhanger,7.8785,1993-05-28,6.52,2684
10044,379536,Été 85,7.3003,2014-06-25,5.1,5
10045,14864,The Hot Spot,8.2786,1990-10-12,6.3,305
10046,1825,Over the Top,8.6004,1987-02-13,6.462,1891
10047,2616,Uncle Buck,7.4726,1989-08-16,6.811,1385
10048,814776,Bottoms,7.8396,2023-08-25,6.754,887
10049,23827,Paranormal Activity,8.0488,2007-09-14,6.057,5512
10050,639,When Harry Met Sally...,8.4461,1989-07-12,7.407,4661
10051,171713,Killing Strangers,7.0903,2013-02-23,5.2,5
10052,505600,Booksmart,7.8232,2019-05-24,6.999,2882
10053,487345,Cafundó,6.6411,1986-01-01,0.0,0
10054,522681,Escape Room,9.8242,2019-01-03,6.541,5113
10055,1640,Crash,7.7777,2005-05-06,7.22,3942
10056,1212142,Kinda Pregnant,7.8633,2025-02-04,5.59,328
10057,745881,The Medium,7.6963,2021-07-14,7.002,759
10058,326,Snakes on a Plane,8.0024,2006-08-17,5.482,2027
10059,13205,Bambi II,8.5547,2006-01-26,6.541,1071
10060,560057,The Sea Beast,8.889,2022-06-24,7.332,1739
10061,3114,The Searchers,8.2122,1956-05-16,7.7,1601
10062,257091,Get Hard,8.7963,2015-03-26,6.016,2943
10063,489999,Searching,8.878,2018-08-24,7.569,4295
10064,285783,The Walk,8.3479,2015-09-30,6.987,3418
10065,522212,Just Mercy,9.2105,2019-12-25,7.845,2523
10066,361068,Story of a Feather,7.7929,2015-08-06,0.0,0
10067,458220,Palmer,7.733,2021-01-28,8.119,1943
10068,10897,The Little Rascals,8.4209,1994-08-05,6.83,1349
10069,10637,Remember the Titans,8.2707,2000-09-29,7.66,3004
10070,44048,Unstoppable,7.573,2010-11-04,6.6,3960
10071,9273,Ace Ventura: When Nature Calls,8.9693,1995-11-10,6.343,4636
10072,533777,The First Komsomol Oil Well,7.5104,1931-07-02,0.0,0
10073,196867,Annie,8.0866,2014-12-18,6.244,1367
10074,10022,The Pacifier,9.1871,2005-03-04,6.076,3302
10075,37710,The Tourist,10.15,2010-12-08,6.184,5799
10076,4176,Murder on the Orient Express,8.8071,1974-11-22,7.143,1598
10077,454983,The Kissing Booth,8.4785,2018-05-11,7.16,7494
10078,24402,Emmanuelle,7.207,1974-06-25,5.974,826
10079,161543,Gian Burrasca,6.1309,1982-11-18,5.061,41
10080,463461,Romance of the West Chamber,6.9482,1997-10-09,5.538,13
10081,1734680,Cinta Fatamorgana,6.0507,,0.0,0
10082,193,Star Trek: Generations,8.2897,1994-11-18,6.517,1517
10083,100042,Dumb and Dumber To,8.7497,2014-11-12,5.6,3459
10084,1017163,The Roundup: Punishment,7.714,2024-04-24,7.212,257
10085,17979,A Christmas Carol,8.4087,2009-11-04,6.911,4956
10086,1135873,GGS - Ganteng-Ganteng Sange,7.7062,2023-05-28,6.1,7
10087,638597,YES DAY,7.8031,2021-03-11,6.673,1311
10088,455207,Crazy Rich Asians,7.9773,2018-08-15,7.048,4000
10089,206957,Soloist Needed,6.8059,1984-07-12,6.5,2
10090,431,Cube,7.0932,1998-07-11,6.827,5311
10091,511987,Crawl,9.5974,2019-07-10,6.327,3426
10092,104819,Orozco the Embalmer,7.424,2001-10-06,6.389,36
10093,9279,Jingle All the Way,7.2837,1996-11-21,6.067,2993
10094,160593,Maiden Tower Legend,7.9292,1924-05-27,5.0,2
10095,8913,Pet Sematary,8.6097,1989-04-21,6.656,2420
10096,10428,Hackers,8.1947,1995-09-14,6.386,1511
10097,285989,Rajakumari,7.3619,1947-04-11,8.0,1
10098,499701,Dora and the Lost City of Gold,7.9617,2019-08-08,6.615,1843
10099,632357,The Unholy,9.0187,2021-03-31,6.546,2270
10100,9366,Donnie Brasco,8.5812,1997-02-27,7.538,4926
10101,534019,On Different Shores,7.4781,1926-04-01,0.0,0
10102,406563,Insidious: The Last Key,8.31,2018-01-03,6.262,3191
10103,450465,Glass,9.4614,2019-01-16,6.664,9170
10104,9760,Epic Movie,7.9914,2007-01-25,3.859,1708
10105,9593,Last Action Hero,8.3117,1993-06-18,6.48,3051
10106,549649,Dancing With Ghosts,7.8742,2018-09-27,6.5,2
10107,22825,The Box,7.8181,2009-10-29,5.641,1919
10108,842924,The Life of Chuck,8.8061,2025-06-02,7.286,1209
10109,7299,Equilibrium,9.16,2002-12-06,7.057,5112
10110,278986,Gangor,6.9695,2011-01-01,5.5,2
10111,543831,Next Door Sisters,8.4152,2018-06-26,2.7,3
10112,497036,Les Grecs,7.3226,2006-04-21,0.0,0
10113,886921,Leader: Amie Bangladesh,7.0754,2023-04-20,0.0,0
10114,708,The Living Daylights,8.0888,1987-06-29,6.545,2064
10115,68730,Silence,8.3269,2016-12-23,7.118,3358
10116,568160,Weathering with You,8.8491,2019-07-19,7.975,2664
10117,880841,Abandoned,7.5004,2022-06-17,5.772,312
10118,610361,You're Fired,7.0712,2026-02-12,1.0,1
10119,8469,Animal House,7.9274,1978-07-28,6.9,1695
10120,442062,Goosebumps 2: Haunted Halloween,8.5222,2018-10-11,6.1,1645
10121,38050,The Adjustment Bureau,8.5492,2011-03-03,6.785,4996
10122,531219,Roald Dahl's The Witches,7.9736,2020-10-26,6.332,3009
10123,1656,The Legend of Zorro,8.7678,2005-10-24,6.125,3132
10124,467909,In the Heights,8.8976,2021-06-10,7.105,803
10125,10030,Good Luck Chuck,8.1788,2007-09-21,5.937,1694
10126,899082,Harry Potter 20th Anniversary: Return to Hogwarts,7.7262,2022-01-01,7.31,3541
10127,1550569,Aileen: Queen of the Serial Killers,7.7961,2025-10-29,6.845,71
10128,308531,Teenage Mutant Ninja Turtles: Out of the Shadows,9.2252,2016-05-30,6.059,3846
10129,497814,Breaking In,8.7394,2018-05-05,5.934,711
10130,224598,Simple Agi Ondh Love Story,6.793,2013-09-28,6.5,9
10131,112160,Sexual Chronicles of a French Family,7.7108,2012-05-09,5.388,408
10132,1328803,Prisoner of War,7.3453,2025-09-19,7.137,197
10133,383686,O Que Não Te Disse,7.1054,2014-10-20,0.0,0
10134,3558,"Girl, Interrupted",8.4734,1999-12-21,7.562,4216
10135,1029281,Strange Darling,6.8773,2024-08-14,6.893,979
10136,434468,Antonio One Two Three,7.6488,2019-03-28,5.7,10
10137,1231914,Female Workers: Romance at Work 3,6.8373,2023-11-25,4.0,1
10138,734724,The Last Scene,6.9259,2019-03-13,0.0,0
10139,389828,"Sorry, I'm Just a Boy Selling Bánh Giò",6.6043,2013-12-27,5.0,1
10140,389828,"Sorry, I'm Just a Boy Selling Bánh Giò",6.6043,2013-12-27,5.0,1
10141,1106289,The Pickup,6.364,2025-07-27,6.39,497
10142,72710,The Host,7.9353,2013-03-22,6.289,4108
10143,747845,House of Salt,6.1921,2019-07-10,0.0,0
10144,296099,Vacation,9.7376,2015-07-28,6.305,4036
10145,653,Nosferatu,7.9639,1922-02-16,7.654,2487
10146,169917,A Walk Among the Tombstones,8.1353,2014-09-18,6.333,3055
10147,9994,The Great Mouse Detective,8.5383,1986-07-02,7.051,1824
10148,317637,The Long March,6.9298,1959-09-25,6.333,3
10149,1608457,누나 친구 4,8.1451,2024-12-16,0.0,0
10150,313297,Kubo and the Two Strings,8.0798,2016-08-18,7.638,3864
10151,590223,Love and Monsters,8.2192,2020-10-16,7.265,4521
10152,150,48 Hrs.,7.9449,1982-12-07,6.68,1755
10153,1510745,Bodycam,7.2043,2026-03-12,5.7,77
10154,9874,Cobra,7.7059,1986-05-22,6.153,1992
10155,569400,People of the Grasslands,7.3668,1953-11-01,0.0,0
10156,458576,Monster Hunter,7.5671,2020-12-03,6.512,3613
10157,9599,The Blob,6.9288,1988-08-05,6.865,1081
10158,8393,The Gods Must Be Crazy,8.0303,1980-09-10,7.273,1338
10159,1477565,Trainwreck: The Real Project X,7.4983,2025-07-07,5.947,66
10160,1293167,Exit Protocol,7.1381,2025-11-07,7.1,35
10161,7453,The Hitchhiker's Guide to the Galaxy,8.2708,2005-04-28,6.69,4312
10162,10731,The Client,7.9421,1994-07-20,6.689,1412
10163,681,Diamonds Are Forever,7.5407,1971-12-14,6.408,2410
10164,1264573,Lurker,7.2748,2025-08-22,6.435,62
10165,1139087,Once Upon a Studio,8.3333,2023-09-24,8.254,441
10166,85350,Boyhood,6.8985,2014-06-05,7.495,5570
10167,970347,The Killer,7.894,2024-08-22,6.3,589
10168,83666,Moonrise Kingdom,7.9255,2012-05-16,7.678,6409
10169,4584,Sense and Sensibility,8.8112,1995-12-13,7.4,1864
10170,11046,Where Eagles Dare,8.1304,1968-12-04,7.502,1006
10171,637920,Miracle in Cell No. 7,7.8826,2019-10-10,8.253,4585
10172,682,The Man with the Golden Gun,7.4505,1974-12-04,6.459,2318
10173,939335,Muzzle,6.7421,2023-09-29,6.486,368
10174,263737,Naam,7.2118,1953-03-02,0.0,0
10175,8275,American Pie Presents: The Naked Mile,8.1905,2006-12-04,5.487,2221
10176,876792,That Time I Got Reincarnated as a Slime the Movie: Scarlet Bond,8.3864,2022-11-25,7.4,442
10177,499932,The Devil All the Time,8.6484,2020-09-11,7.174,3711
10178,452244,La Leçon,7.0119,2016-08-01,0.0,0
10179,131186,Europa Camping,6.9271,1992-03-13,9.0,1
10180,131186,Europa Camping,6.9271,1992-03-13,9.0,1
10181,1125510,The Platform 2,8.5232,2024-09-27,5.56,1465
10182,2112,Payback,6.8548,1999-02-05,6.832,2048
10183,8068,Desperado,8.1538,1995-08-25,6.935,3189
10184,1114967,Good Fortune,7.1948,2025-10-14,6.879,713
10185,8456,Never Back Down,8.1971,2008-03-04,6.782,2519
10186,310629,Beyond the Circle,7.137,2009-09-13,0.0,0
10187,11005,Awakenings,7.1383,1990-12-04,7.788,2909
10188,1592032,Furious Attack,6.4587,2026-02-12,5.7,3
10189,19929,9to5: Days in Porn,7.6327,2008-08-24,5.8,90
10190,11134,Police Story 3: Super Cop,6.4803,1992-07-04,6.9,592
10191,366962,Nehéz kesztyük,6.6006,1957-01-01,10.0,1
10192,9285,Road Trip,7.7359,2000-05-19,6.253,2240
10193,9428,The Royal Tenenbaums,6.9324,2001-10-05,7.455,5109
10194,37137,The Naked Gun 2½: The Smell of Fear,8.2391,1991-06-28,6.82,2822
10195,43194,Ulysses,7.5041,1954-10-06,6.6,248
10196,1484255,Trainwreck: Mayor of Mayhem,7.8146,2025-06-16,6.581,43
10197,466282,To All the Boys I've Loved Before,8.0968,2018-08-17,7.594,8744
10198,11660,Following,7.246,1999-04-02,7.128,1910
10199,1219739,Heresy,6.921,2024-01-25,6.258,31
10200,346672,Underworld: Blood Wars,8.3013,2016-11-24,5.922,3974
10201,11474,The Warriors,7.7125,1979-02-01,7.7,2418
10202,493860,The City of Mirrors: A Fictional Biography,7.4527,2016-10-07,0.0,0
10203,14442,Ella Enchanted,7.3594,2004-04-09,6.48,1991
10204,1117857,In Your Dreams,7.1231,2025-11-07,6.969,240
10205,1493859,Pizza Movie,8.4547,2026-03-13,6.381,135
10206,280180,Beverly Hills Cop: Axel F,7.6419,2024-06-20,6.632,1484
10207,1303331,Dhamaal 4,7.09,2026-07-10,3.0,2
10208,9882,The Siege,7.7216,1998-11-06,6.295,1521
10209,97367,The Place Beyond the Pines,7.9765,2013-03-20,6.977,5261
10210,936245,Hidden Face,6.9912,2024-11-20,5.1,68
10211,878728,Good Day,7.1783,2021-09-28,0.0,0
10212,642,Butch Cassidy and the Sundance Kid,7.3438,1969-09-23,7.6,2504
10213,287193,Living as One Should,7.3474,1987-10-01,6.3,6
10214,17927,Fired Up!,8.12,2009-02-20,6.126,704
10215,1381216,Gator Lake,6.849,2024-05-01,6.275,51
10216,257088,Point Break,8.6971,2015-12-03,5.955,2473
10217,536464,Vilaiyaattu Pasange,6.5733,2011-10-13,9.0,1
10218,184345,A Haunted House 2,8.2509,2014-04-17,6.203,1616
10219,1728951,Mukhbir: The Story of a Spy - The Movie,6.6943,2026-07-09,0.0,0
10220,946848,A Farewell To Cinema,7.0509,1995-06-01,0.0,0
10221,24420,The Time Traveler's Wife,7.4624,2009-08-14,6.9,2741
10222,324558,X-Rated: The Greatest Adult Movies of All Time,7.5341,2015-02-06,6.4,197
10223,483906,Polar,8.6533,2019-01-25,6.387,2532
10224,1447947,Young & Fine,9.0004,2025-06-27,5.333,3
10225,10567,Dinosaur,8.4053,2000-05-19,6.579,2780
10226,55301,Alvin and the Chipmunks: Chipwrecked,8.4788,2011-12-14,5.711,2377
10227,1017478,ONE on Prime Video 1: Moraes vs. Johnson II,7.265,2022-08-27,0.0,0
10228,19585,G-Force,7.5524,2009-07-24,5.488,2027
10229,650,Boyz n the Hood,7.9857,1991-07-12,7.631,2305
10230,592834,My Spy,8.9871,2020-01-09,6.859,1406
10231,37703,Flirting Scholar,8.0674,1993-07-01,7.5,200
10232,360776,Female Ninjas Magic Chronicles 3: Sacred Book of Sexual Positions,7.0158,1993-05-21,6.417,6
10233,1199399,Ecstasis,6.7941,2023-12-01,2.5,4
10234,522162,Midway,8.6758,2019-11-06,7.103,2763
10235,3175,Barry Lyndon,7.5645,1975-12-16,7.993,3230
10236,9461,Enter the Dragon,7.6441,1973-08-17,7.421,2126
10237,1356039,Counterattack,7.9009,2025-02-27,8.251,836
10238,317627,Underground Vanguards,7.5511,1957-12-01,6.0,1
10239,820525,After Everything,9.0831,2023-09-13,6.879,1007
10240,2897,Around the World in 80 Days,7.2322,1956-10-17,6.664,591
10241,1466120,Dead Again,6.9404,2025-05-08,7.4,5
10242,1088766,Sisifus (Flying in a Cage),7.3223,,0.0,0
10243,360310,Tarântula,6.6315,2015-09-17,6.0,1
10244,467938,Revenge,8.8473,2017-11-18,6.521,2135
10245,11528,The Sandlot,8.9299,1993-04-07,7.563,1349
10246,1273,TMNT,7.4289,2007-03-23,6.196,1247
10247,1612018,Jackass: Best and Last,7.4363,2026-06-25,6.8,32
10248,1907,The Beach,7.5012,2000-02-03,6.483,4758
10249,547016,The Old Guard,8.5145,2020-07-09,7.095,4887
10250,531876,The Outpost,8.331,2020-06-24,6.871,1195
10251,128607,Sacred Heart,7.1335,2007-01-01,5.0,1
10252,756,Fantasia,6.3883,1940-11-13,7.345,3353
10253,11814,Weird Science,7.1309,1985-08-01,6.54,1565
10254,12797,Ghost Town,6.3632,2008-09-19,6.507,1079
10255,268531,Captain Underpants: The First Epic Movie,7.9063,2017-06-01,6.299,1374
10256,9314,Nineteen Eighty-Four,6.7661,1984-11-09,6.784,1671
10257,912161,Vida Observável,6.7634,2021-12-06,0.0,0
10258,72976,Lincoln,7.1848,2012-11-09,6.845,4096
10259,1272166,Ballad of a Small Player,6.7482,2025-10-15,5.82,336
10260,1272166,Ballad of a Small Player,6.7482,2025-10-15,5.82,336
10261,9398,Zoolander,7.4929,2001-09-28,6.226,5008
10262,46529,I Am Number Four,7.4091,2011-02-18,6.2,5065
10263,812225,Black Clover: Sword of the Wizard King,8.0132,2023-06-16,8.065,405
10264,63311,The Skin I Live In,8.3936,2011-08-17,7.484,4685
10265,864180,The Male Gaze: Three's Company,9.7212,2021-08-27,4.7,5
10266,1122777,ONE Fight Night 10: Johnson vs. Moraes 3,6.9682,2023-05-05,0.0,0
10267,254881,Kosovar Diary,6.7026,2009-05-10,0.0,0
10268,181886,Enemy,7.9124,2014-03-14,6.84,6519
10269,594347,The House,7.3703,2019-04-07,6.9,4
10270,1237810,Love Syndrome: The Beginning,7.5446,2024-05-09,6.5,10
10271,399057,The Killing of a Sacred Deer,8.307,2017-10-20,7.001,4506
10272,35044,Full Body Massage,7.6569,1999-07-10,5.283,53
10273,9472,DodgeBall: A True Underdog Story,8.3221,2004-06-18,6.365,3896
10274,906126,Society of the Snow,6.6655,2023-12-15,7.968,3551
10275,853865,Rodaj,6.6135,2010-02-02,7.0,1
10276,889580,Whisper of the Dead,6.4748,2021-11-04,1.0,2
10277,186,Lucky Number Slevin,7.435,2006-02-24,7.474,4545
10278,569892,Gui shu,6.8903,1981-07-01,8.25,8
10279,4478,Indecent Proposal,7.9116,1993-04-07,6.412,1645
10280,54156,First Desires,7.0571,1983-12-11,4.4,41
10281,1008409,The Bikeriders,7.4694,2024-06-19,6.665,1189
10282,34813,The Losers,7.4714,2010-04-23,6.256,2021
10283,51393,White Night,6.4284,2009-11-19,6.2,45
10284,801,"Good Morning, Vietnam",7.5583,1987-12-23,7.304,3049
10285,1832,Dogma,7.2388,1999-10-04,6.939,2909
10286,538335,Mother's Seduction,6.6773,2018-07-31,4.7,3
10287,469929,A cigánybáró,6.7773,1969-05-24,0.0,0
10288,329058,Boi Aruá,6.7886,1985-12-04,8.5,2
10289,525,The Blues Brothers,7.5847,1980-06-16,7.714,4611
10290,13397,The Year Without a Santa Claus,7.5738,1974-12-10,7.108,212
10291,31867,Repo Men,7.9762,2010-03-18,6.343,2146
10292,8688,Snake Eyes,7.6385,1998-08-07,6.201,1544
10293,1970,The Grudge,8.8166,2004-10-22,5.936,3247
10294,796550,Myth of Love,6.7258,2021-02-12,0.0,0
10295,36095,Cure,6.7597,1997-12-27,7.548,833
10296,72559,G.I. Joe: Retaliation,7.9163,2013-03-27,5.664,5833
10297,1249508,Grizzly Night,7.6031,2026-01-30,6.328,64
10298,1285965,Dangerous Animals,8.3098,2025-06-05,6.462,662
10299,17899,"Sex, Party and Lies",6.8826,2009-03-27,4.606,160
10300,944,Lethal Weapon 4,8.7966,1998-07-10,6.617,3013
10301,710356,2 Hearts,8.7329,2020-10-16,7.238,652
10302,1147416,"Miraculous World: London, at the Edge of Time",7.9473,2024-11-14,7.508,314
10303,137094,Jack Ryan: Shadow Recruit,8.6664,2014-01-15,6.126,3139
10304,290006,Priceless Beauty,6.0018,1988-04-28,3.167,12
10305,8452,The 6th Day,8.489,2000-11-17,6.003,2309
10306,9506,Anger Management,8.5935,2003-04-11,6.16,3502
10307,569896,Xiang si nü zi ke dian,7.4456,1985-01-01,0.0,0
10308,309775,Down the River,6.8062,2014-12-19,8.5,2
10309,10358,Zack and Miri Make a Porno,8.6187,2008-09-18,6.339,2720
10310,877269,Strange World,8.5312,2022-11-23,6.224,1442
10311,618588,Arthur the King,7.973,2024-02-22,7.538,967
10312,1042834,Eden,8.1959,2025-04-03,6.687,699
10313,556574,Hamilton,6.3073,2025-09-05,7.796,130
10314,1044142,Wo ist mein Safe Space? Fünf Frauen gegen strukturellen Rassismus,7.152,2022-11-03,0.0,0
10315,787844,Newborn,7.0868,2026-04-10,5.4,8
10316,45317,The Fighter,8.5157,2010-12-10,7.379,4777
10317,176983,One Piece Film: Z,8.7059,2012-12-15,7.495,568
10318,77016,End of Watch,7.6007,2012-09-20,7.357,3699
10319,1533162,Red Snow,5.6407,1998-01-01,0.0,0
10320,1533162,Red Snow,5.6407,1998-01-01,0.0,0
10321,9354,"Honey, I Shrunk the Kids",7.909,1989-06-23,6.332,3381
10322,479787,Lost Youth,7.2655,1982-09-24,0.0,0
10323,408349,My Neighbor's Wife,7.2043,2016-07-28,4.4,7
10324,64084,Scorned,7.51,1993-07-14,5.208,48
10325,3131,Gangs of New York,8.3353,2002-12-14,7.32,7336
10326,650904,The Twins,7.3181,2016-10-28,0.0,0
10327,429474,Waiting for Cecilia,6.8833,2016-12-17,0.0,0
10328,10908,Inferno,6.0618,1999-09-25,6.171,356
10329,8769,Christine,7.5258,1983-12-09,6.88,2289
10330,1122030,Alpha,8.1925,2026-07-02,5.625,8
10331,414218,Rainbow Without Colours,9.3402,2015-03-20,3.6,5
10332,820609,No One Will Save You,8.8677,2023-09-21,6.698,1551
10333,1039471,From the Top!..,7.3144,1975-07-07,0.0,0
10334,375631,João Ninguém,7.8231,2016-12-20,0.0,0
10335,522402,Finch,8.4556,2021-11-04,7.814,4101
10336,1477566,Trainwreck: Balloon Boy,7.4356,2025-07-14,5.843,51
10337,243352,Where Hope Grows,7.1549,2014-04-06,7.752,202
10338,398730,Marrying a Saigonese,6.9625,2005-01-01,7.0,1
10339,1242434,Highest 2 Lowest,7.8149,2025-08-14,5.468,507
10340,1098979,Shopner Nayok,7.0173,1997-07-04,0.0,0
10341,438650,Cold Pursuit,8.7534,2019-02-07,5.879,2829
10342,447528,Arena - A Construção de um Sonho,6.9949,2012-11-23,0.0,0
10343,450659,Kelinka Sabina,7.308,2014-11-27,6.0,1
10344,570652,At Ten O'clock on the National Day,7.2527,1956-12-01,7.0,1
10345,1375,Rocky V,7.7238,1990-11-16,5.781,3507
10346,972533,Last Breath,7.9876,2025-02-24,6.873,676
10347,11827,Heavy Metal,6.517,1981-08-07,6.526,805
10348,1246310,Madea's Destination Wedding,7.7211,2025-07-10,6.076,92
10349,283445,Sinister 2,8.2973,2015-08-19,5.9,2331
10350,11976,Legend,8.3473,1985-08-28,6.251,1411
10351,251783,Pleasure or Pain,6.906,2013-09-05,4.805,95
10352,31651,The Field,7.0452,1990-09-21,6.954,108
10353,556678,Emma.,8.0123,2020-02-13,7.007,1985
10354,103331,Der Kapitän,6.9291,1971-10-28,5.2,5
10355,401062,His Parents' Eyes,6.969,2015-09-23,0.0,0
10356,11967,Young Guns,7.5014,1988-08-12,6.685,1060
10357,1300116,Fall for Me,7.8398,2025-08-20,6.117,235
10358,646389,Plane,9.0713,2023-01-11,6.896,2705
10359,80035,The Watch,8.3626,2012-07-26,5.6,2502
10360,28485,Satan's Blood,6.3923,1978-08-12,6.065,46
10361,619730,Don't Worry Darling,8.2561,2022-09-21,6.8,3006
10362,34000,The Million Pound Note,6.655,1954-01-07,7.0,81
10363,97020,RoboCop,8.3895,2014-01-30,5.886,5927
10364,11497,All Dogs Go to Heaven,6.7219,1989-11-17,6.832,1159
10365,409,The English Patient,8.0011,1996-11-14,7.139,2423
10366,412656,Chaos Walking,8.2061,2021-02-24,6.544,2641
10367,8619,Master and Commander: The Far Side of the World,8.371,2003-11-14,7.2,3592
10368,287948,The Transporter Refueled,7.7369,2015-09-02,5.5,1617
10369,891,All the President's Men,7.2865,1976-04-09,7.655,2112
10370,657654,Senior Couple and Exchange Sex,7.516,2019-12-23,6.1,8
10371,50183,The Ascent,8.0358,1977-04-02,7.825,251
10372,1300926,The Angry Birds Movie 3,7.204,2026-12-23,0.0,0
10373,1291659,The Wizard of the Kremlin,7.331,2026-01-21,6.5,211
10374,1266,Street Kings,8.4832,2008-04-10,6.669,1764
10375,11679,xXx: State of the Union,7.7243,2005-04-27,5.098,2062
10376,955916,Lift,7.0333,2024-01-10,6.422,1481
10377,104,Run Lola Run,8.0122,1998-08-20,7.304,2612
10378,527660,"Yes, God, Yes",6.8043,2020-07-24,6.3,606
10379,1083884,Signal One,6.8473,2026-06-05,6.575,40
10380,482321,Ron's Gone Wrong,5.8166,2021-10-14,7.859,2039
10381,263698,Vettaikaaran,7.0742,1964-01-13,5.0,1
10382,27576,Salt,6.1816,2010-07-21,6.42,6000
10383,122705,The Yellow,6.9577,2008-08-14,5.0,1
10384,768,From Hell,7.8912,2001-02-08,6.693,3050
10385,1241921,A Big Bold Beautiful Journey,6.2024,2025-09-17,6.2,419
10386,943,Lethal Weapon 3,8.0087,1992-05-15,6.729,3306
10387,1255,The Host,7.0587,2006-07-27,6.976,3189
10388,400160,The SpongeBob Movie: Sponge on the Run,8.5062,2020-08-14,7.388,3012
10389,1406657,Scarlet,6.8418,2025-11-21,7.085,113
10390,9319,The Last Boy Scout,6.8878,1991-12-13,6.849,2196
10391,877817,Wolfs,8.318,2024-09-20,6.541,1506
10392,1708347,Sunrise Hotel,6.3255,2026-02-07,0.0,0
10393,594342,Seven Years in May,7.7474,2019-04-09,7.4,11
10394,26817,Sex and the Single Girl,7.8003,1964-12-25,6.554,83
10395,64328,The Muppets,8.2939,2011-11-23,6.672,1718
10396,879945,The Unknown Man,9.5413,2021-10-16,7.833,9
10397,9303,Bound,6.8773,1996-09-13,7.223,1114
10398,1250880,西部狂野,8.0394,1992-02-27,0.0,0
10399,1410082,Sniper: The Last Stand,6.3003,2025-01-21,6.759,189
10400,123075,The Bad Seed,6.8237,1985-02-07,6.133,30
10401,458423,Mamma Mia! Here We Go Again,8.0775,2018-07-18,7.072,3606
10402,1911,The 13th Warrior,8.3587,1999-08-13,6.693,2083
10403,743814,Serve the People,7.1109,2022-02-23,6.51,52
10404,9348,Species,7.5978,1995-07-07,5.983,1892
10405,26515,Pumpkinhead,7.7973,1988-06-09,6.414,555
10406,782206,Zangezur,7.1517,1938-05-23,7.0,1
10407,811269,Jaya Sikurui,6.706,1984-11-30,0.0,0
10408,10665,The Strangers,6.9614,2008-05-29,6.115,2711
10409,1226221,Danganronpa 3: The End of Hope's Peak Academy - Hope Arc,5.7709,2016-09-29,7.0,7
10410,9208,Broken Arrow,7.6065,1996-02-09,6.068,1705
10411,1441848,Matrushakti,7.2569,2003-12-01,6.0,1
10412,533725,The Verdict,6.537,1994-01-01,0.0,0
10413,274,The Silence of the Lambs,7.3799,1991-02-14,8.345,18240
10414,8487,Wild Wild West,7.1266,1999-06-30,5.319,3637
10415,612,Munich,7.4401,2005-12-23,7.133,3042
10416,719128,Idol Sex: LA Korean Women,7.027,2020-06-18,5.286,7
10417,424946,Wedding Dance,6.4068,2016-11-15,5.1,8
10418,1433117,Kara,7.1789,2026-04-30,5.827,26
10419,57201,The Lone Ranger,7.6011,2013-07-03,6.128,6219
10420,1248251,Mollywood Times,6.759,2026-06-05,5.8,12
10421,228326,The Book of Life,7.7788,2014-10-01,7.535,2975
10422,204922,Before I Go to Sleep,8.2944,2014-09-03,6.489,2181
10423,111190,Adoration,7.2106,2013-04-03,6.1,1041
10424,450001,Master Z: Ip Man Legacy,6.7772,2018-12-20,6.526,600
10425,625568,Unhinged,7.9507,2020-07-16,6.424,2555
10426,16119,Cinderella III: A Twist in Time,8.0692,2007-02-06,6.551,1343
10427,334543,Lion,8.45,2016-11-24,8.04,7011
10428,17431,Moon,7.3181,2009-06-12,7.563,6383
10429,724934,Ei Ghor Ei Shongshar,7.2245,1996-04-05,7.5,2
10430,1658653,Vanishing Point,7.0492,2026-05-01,6.0,5
10431,450890,Os Filmes que Eu Não Fiz,7.0935,2013-10-30,0.0,0
10432,9486,Johnny English,8.1585,2003-03-14,6.3,3863
10433,10948,The Fox and the Hound,8.3446,1981-07-10,7.166,3547
10434,262504,Allegiant,8.0494,2016-03-09,6.1,7044
10435,9626,Red Sonja,7.592,1985-04-09,5.378,967
10436,10992,Cats & Dogs,7.8097,2001-07-04,5.394,1765
10437,11621,Porco Rosso,7.4968,1992-07-18,7.8,3761
10438,16307,The Wicker Man,6.8616,1973-12-06,7.328,1679
10439,7229,Ruby & Quentin,7.5745,2003-10-22,6.704,914
10440,277834,Moana,7.141,2016-10-13,7.565,13884
10441,380912,Vão Livre,6.6864,2014-01-28,10.0,1
10442,1392796,Diary of a Wimpy Kid: The Last Straw,8.4107,2025-12-04,6.78,41
10443,1077347,Confession Note - That SEX I Got Wet!,6.969,1997-01-01,2.0,1
10444,499191,Call Boy,7.7644,2018-04-06,6.5,56
10445,1589288,UFC 324: Gaethje vs. Pimblett,7.3588,2026-01-24,9.0,1
10446,12279,Spy Kids 3-D: Game Over,7.278,2003-07-25,5.131,2399
10447,391907,Purpose of Cohabitation,7.5509,2016-03-07,4.8,4
10448,1064486,Memoir of a Snail,6.629,2024-10-17,8.058,803
10449,9433,The Edge,7.3984,1997-09-06,6.855,1341
10450,1001835,Wifelike,6.4882,2022-08-12,6.639,327
10451,595,To Kill a Mockingbird,8.9373,1962-12-20,7.988,2906
10452,9631,The Negotiator,9.1993,1998-07-29,7.112,2429
10453,13939,Death Wish,7.3384,1974-07-24,6.9,969
10454,9671,Crocodile Dundee,6.8229,1986-09-26,6.447,2160
10455,997265,Rule 34,7.502,2023-01-19,5.31,21
10456,17529,True Grit,7.4072,1969-06-11,7.337,872
10457,28504,Spider Baby,8.1821,1967-12-24,6.86,186
10458,400617,Phantom Thread,7.9968,2017-12-25,7.315,3816
10459,1287536,Dora and the Search for Sol Dorado,6.9775,2025-07-02,6.492,128
10460,9042,The Cave,8.1209,2005-08-26,5.443,1041
10461,22947,Up in the Air,7.8087,2009-12-04,6.899,4067
10462,410762,Wind from the East,6.7502,1959-10-05,6.7,3
10463,1734262,Makcik Bawang,5.5515,2021-01-01,0.0,0
10464,1035048,Elevation,7.5995,2024-11-07,6.406,1023
10465,44943,Battle: Los Angeles,8.0342,2011-03-08,5.821,3790
10466,537061,Steven Universe: The Movie,7.124,2019-10-07,8.18,869
10467,9008,The Insider,7.7387,1999-10-28,7.459,2107
10468,87421,Riddick,8.1928,2013-09-02,6.347,4469
10469,262024,Arabian Coffee,7.2818,1968-01-01,5.25,8
10470,42337,Beau Pere,7.1532,1981-09-16,6.418,152
10471,6950,Outbreak,6.1519,1995-03-10,6.569,2532
10472,888239,Lakshya,6.4702,2016-03-18,0.0,0
10473,1376704,Buy Now! The Shopping Conspiracy,7.2327,2024-11-19,6.759,143
10474,1491,The Illusionist,7.3078,2006-08-18,7.302,5394
10475,3595,Ransom,6.4485,1996-11-08,6.693,2147
10476,602063,Rurouni Kenshin: The Final,8.1357,2021-04-23,7.7,554
10477,212778,Chef,7.3815,2014-05-08,7.109,3701
10478,666380,Tropicaltrance,7.015,2021-03-16,0.0,0
10479,309809,The Little Prince,8.2612,2015-07-29,7.616,3004
10480,855435,Faces of Death,7.0752,2026-04-10,5.605,119
10481,594151,Le pays,6.7612,2019-04-08,0.0,0
10482,406990,What Happened to Monday,9.1169,2017-08-18,7.144,6498
10483,249070,Hitman: Agent 47,7.3365,2015-08-20,5.903,3329
10484,644495,House of Gucci,8.2749,2021-11-24,6.559,3480
10485,286604,The Match,6.1417,1981-08-13,8.0,1
10486,399035,The Commuter,8.0756,2018-01-11,6.368,4703
10487,286448,On the Roofs of Budapest,6.7684,1961-08-10,10.0,1
10488,451228,Com o Terceiro Olho na Terra da Profanação,6.7847,2017-03-29,0.0,0
10489,328425,The Gift,8.0737,2015-07-31,6.701,3542
10490,635,Angel Heart,7.5856,1987-03-06,7.122,1764
10491,34016,She's Out of My League,7.7572,2010-03-11,6.495,2377
10492,480414,The Curse of La Llorona,7.701,2019-04-17,5.645,2704
10493,823482,Dream Scenario,6.8749,2023-11-10,6.655,1386
10494,340837,A Cure for Wellness,8.0263,2017-02-15,6.349,4246
10495,1327690,One Mile: Chapter Two,8.3848,2026-02-27,6.8,80
10496,41283,Faster,7.4525,2010-11-23,6.354,2139
10497,258480,Carol,7.0801,2015-11-20,7.5,3989
10498,586353,The Master and Margarita,6.5245,2024-01-25,6.804,163
10499,123338,Sex and Zen III,6.6946,1998-04-23,6.2,30
10500,10982,Hoodwinked!,8.4851,2005-12-16,6.317,1950
10501,1314786,Agent Zeta,8.2733,2026-03-20,6.666,169
10502,2757,Adaptation.,7.3575,2002-12-06,7.332,2820
10503,394291,Chapter 66,6.2826,1994-03-01,6.0,5
10504,1022356,Déjà vu,6.7449,2007-10-16,0.0,0
10505,1165366,De Gaulle: Résistance,7.1275,2026-06-03,7.8,163
10506,8195,Ronin,6.3348,1998-09-25,6.967,2723
10507,995133,"The Boy, the Mole, the Fox and the Horse",8.4431,2022-12-25,8.227,751
10508,651,M*A*S*H,7.0399,1970-02-18,6.942,1171
10509,193610,The Other Woman,7.6376,2014-04-16,6.425,3768
10510,32029,The Domino Principle,5.2792,1977-03-23,5.854,79
10511,1587964,They Fight,6.5294,2026-06-08,3.8,4
10512,176379,Gang of Batka Knysh,6.6504,1924-05-29,4.8,5
10513,1301994,Nurse Abi,7.8145,2024-06-21,3.5,2
10514,1473024,情窦初开,6.8029,1967-11-16,0.0,0
10515,1041613,Immaculate,7.5602,2024-03-20,6.204,1685
10516,286612,Suburban Legend,5.965,1957-08-12,8.0,1
10517,8095,Cleopatra,7.3983,1963-06-12,7.046,863
10518,809139,The Case of Xu Qiuying,7.0982,1958-07-29,7.0,1
10519,492,Being John Malkovich,6.6425,1999-10-29,7.42,4866
10520,1293162,Thieves Highway,7.5438,2025-11-07,7.459,74
10521,712,Four Weddings and a Funeral,7.6054,1994-03-09,6.776,3028
10522,201085,Crimson Peak,9.4888,2015-10-13,6.662,5299
10523,36419,After.Life,7.2972,2009-11-07,6.325,1249
10524,380723,Pepo,6.8118,1935-06-15,4.9,8
10525,215269,A Harum-Scarum Family,6.7583,1981-12-24,6.8,5
10526,11077,Problem Child,7.1288,1990-07-27,6.181,934
10527,48171,The Rite,7.6046,2011-01-28,6.122,2278
10528,719221,Tarot,8.7055,2024-05-01,6.341,1434
10529,13971,Wild Child,7.944,2008-08-15,6.698,1929
10530,13485,Holiday Inn,7.3456,1942-07-10,7.037,228
10531,11470,Jason X,7.2587,2001-11-09,4.861,1539
10532,1244531,Beast of War,5.6081,2025-08-22,6.1,136
10533,335360,My Little Pony: The Movie,8.218,2017-10-05,7.283,431
10534,1007499,Sneeze,6.7555,2011-02-12,0.0,0
10535,6075,Carlito's Way,7.591,1993-11-10,7.825,3522
10536,11011,Ri¢hie Ri¢h,6.8958,1994-12-19,5.951,2454
10537,1102400,Lymerivna,6.8166,1955-08-21,7.0,1
10538,644538,Drowsy City,7.1855,2019-11-21,5.0,1
10539,59436,Midnight in Paris,7.4691,2011-05-11,7.5,7806
10540,294963,Bone Tomahawk,6.6454,2015-10-23,6.882,2580
10541,670686,Father Father,6.5059,2019-07-13,0.0,0
10542,1199193,Pose,7.299,2026-02-25,6.079,38
10543,641,Requiem for a Dream,6.8395,2000-10-06,8.009,11139
10544,619803,The Roundup,7.6624,2022-05-18,7.336,448
10545,12163,The Wrestler,7.424,2008-09-07,7.544,4079
10546,10634,Friday,6.9185,1995-04-26,7.148,2060
10547,151960,Planes,7.3443,2013-08-09,5.938,1852
10548,929826,The Death of Lazarus,6.3937,2022-01-24,10.0,1
10549,796499,Army of Thieves,7.433,2021-10-29,6.798,2318
10550,556565,Dong jin xu qu,7.0214,1962-01-01,6.333,3
10551,675797,And When Do I Sleep?,6.6478,2020-03-16,0.0,0
10552,850165,The Iron Claw,7.7254,2023-12-21,7.506,1294
10553,293909,Zhao Yiman,7.0671,1950-07-30,6.0,1
10554,391757,Never Back Down: No Surrender,6.9223,2016-06-07,7.044,515
10555,286619,Fig-Leaf,6.6457,1966-08-12,7.5,2
10556,116,Match Point,7.7315,2005-10-26,7.362,4419
10557,346685,The Girl on the Train,7.2937,2016-10-05,6.437,6096
10558,809088,Vijaya Kuweni,6.4971,2012-05-06,0.0,0
10559,32629,A Chinese Torture Chamber Story,7.1258,1994-05-19,5.7,73
10560,9268,Eraser,8.0014,1996-06-21,6.098,2079
10561,323260,The Gigolo,7.2714,2015-01-29,5.411,45
10562,9313,The Man in the Iron Mask,7.2314,1998-03-12,6.655,4181
10563,584313,Uniform Virgin Pain,6.1093,1981-09-25,4.0,9
10564,985,Eraserhead,9.5206,1977-09-28,7.335,2783
10565,1235192,Wormtown,6.449,2025-09-27,5.775,20
10566,9762,Step Up,7.2517,2006-08-11,6.876,3941
10567,675871,Super Troopers 3,6.8524,2026-08-06,0.0,0
10568,316960,Zhang Ga the Soldier Boy,6.6651,1963-01-01,7.1,7
10569,399361,Triple Frontier,7.66,2019-03-06,6.33,3588
10570,9056,Police Story,6.9184,1985-12-14,7.555,1074
10571,9012,Jackass: The Movie,6.9991,2002-10-25,6.332,1776
10572,911146,Щедрость,6.5379,1992-01-01,0.0,0
10573,2133,The Perfect Storm,6.9201,2000-06-29,6.483,2610
10574,397567,Along with the Gods: The Two Worlds,8.0032,2017-12-20,8.0,1207
10575,10617,Once Upon a Time in China,7.8888,1991-08-15,7.106,491
10576,1003154,It Is Quiet Here,6.6388,2022-08-15,0.0,0
10577,200016,Tamas and Juli,6.5819,1997-12-18,5.125,8
10578,1589906,UFC 325: Volkanovski vs. Lopes 2,7.5323,2026-01-31,9.0,1
10579,492101,New Golden Lotus  I,6.7941,1996-03-08,6.2,10
10580,492101,New Golden Lotus  I,6.7941,1996-03-08,6.2,10
10581,1122381,Ekaa Ekaa,6.3364,2011-12-31,0.0,0
10582,1105074,The Last Night of Misery,6.6746,2020-04-25,0.0,0
10583,1337288,Under the Threat,5.8877,2017-03-18,0.0,0
10584,419704,Ad Astra,7.5076,2019-09-17,6.133,7318
10585,747600,After the Rain,6.3121,2019-09-26,10.0,1
10586,1241755,TL,6.9693,2024-03-30,5.857,7
10587,27449,Baby Face,6.8676,1933-07-13,7.234,156
10588,9531,Superman III,7.2891,1983-06-17,5.514,1910
10589,1205515,"Sorry, Baby",7.395,2025-06-27,6.831,320
10590,632920,The Wandering Witch,7.0076,2018-10-01,5.0,2
10591,5994,The Family Man,7.0112,2000-12-12,6.826,2248
10592,397691,Tokio,6.5817,2014-06-21,5.8,4
10593,462275,The Last But One,6.7211,1963-01-01,9.0,1
10594,9036,Eight Below,8.1134,2006-02-17,7.0,1847
10595,48138,Unknown,8.1159,2011-02-16,6.689,4229
10596,11371,The Score,8.1416,2001-07-13,6.71,1905
10597,784175,Happiness,7.1205,1958-03-11,0.0,0
10598,9462,The Way of the Dragon,7.0386,1972-12-30,7.385,1314
10599,13665,Arthur,6.9587,1981-07-17,6.507,479
10600,1363899,True Beauty: The Movie - Part 1,6.7176,2025-03-20,6.625,8
10601,1734829,Jurnal Suraya,5.8174,2017-01-01,0.0,0
10602,559527,The Heroine of Tianhu Lake,6.7548,1988-01-01,0.0,0
10603,9598,Babe,7.0828,1995-07-18,6.292,3169
10604,47327,Drive Angry,8.4047,2011-02-24,5.544,2076
10605,16103,The Loneliness of the Long Distance Runner,7.1064,1962-09-20,7.186,172
10606,1111263,Dzhalma,6.7568,1929-02-26,0.0,0
10607,82700,After Earth,8.2539,2013-05-30,5.18,6917
10608,7347,Elite Squad,7.7123,2007-10-05,8.06,2763
10609,424139,Halloween,8.2459,2018-10-18,6.6,5112
10610,967998,Fatal Conspiracy,6.178,2022-05-26,5.75,4
10611,9344,Kids,8.3942,1995-07-21,6.886,1325
10612,4553,The Machinist,8.0729,2004-09-24,7.521,6249
10613,1535,Spy Game,7.4848,2001-11-18,6.921,2398
10614,9954,The Covenant,7.9605,2006-09-07,5.599,1118
10615,1006407,Confidential Agent No.5,6.5587,1984-06-01,0.0,0
10616,994108,All of Us Strangers,5.9283,2023-12-22,7.38,1050
10617,734413,Metro Kathalu,5.9256,2020-08-14,0.0,0
10618,761053,Gabriel's Inferno: Part III,6.9426,2020-11-19,8.339,1093
10619,6520,First Knight,8.0339,1995-07-07,6.103,1357
10620,614696,#Alive,7.9587,2020-06-24,7.207,2084
10621,11007,Cheaper by the Dozen,7.4113,2003-12-24,6.287,2978
10622,10331,Night of the Living Dead,7.2606,1968-10-04,7.607,2781
10623,178154,The American Angels: Baptism of Blood,7.446,,5.286,7
10624,567189,Tom Clancy's Without Remorse,7.6777,2021-04-30,6.937,2766
10625,1455079,"You, Me & Tuscany",8.6976,2026-04-09,7.4,98
10626,77174,ParaNorman,7.0612,2012-08-03,7.0,2824
10627,7350,The Bucket List,7.2405,2007-12-25,7.191,4154
10628,423696,The Baby and the Rascals,6.3692,1984-10-31,7.0,3
10629,35056,Date Night,8.293,2010-04-08,6.12,3104
10630,1118031,Apocalypse Z: The Beginning of the End,7.3888,2024-10-04,6.743,1269
10631,691972,Guests,7.25,2015-10-10,0.0,0
10632,582,The Lives of Others,7.5737,2006-03-23,8.038,4184
10633,87516,Oldboy,7.6816,2013-11-14,5.934,2162
10634,569060,In Soupy Mountain,6.8252,1959-01-01,0.0,0
10635,11918,Superhero Movie,7.5289,2008-03-28,5.315,2056
10636,303857,Dragon Ball Z: Resurrection 'F',6.9532,2015-04-18,6.9,2049
10637,97698,Raping!,6.2779,1978-11-18,4.9,7
10638,852363,18 Year Old Model Rika's Fancy Walk,6.8487,2020-09-28,5.1,5
10639,1014505,OVERLORD: The Sacred Kingdom,6.6737,2024-09-20,7.8,199
10640,10590,We Were Soldiers,7.5383,2002-03-01,7.137,2324
10641,682012,Little Amélie or the Character of Rain,6.761,2025-06-25,7.9,196
10642,134764,Due West: Our Sex Journey,6.6588,2012-09-20,6.051,59
10643,532639,Pinocchio,7.2936,2022-09-07,6.264,1757
10644,11638,Guess Who,7.6798,2005-03-25,6.008,1002
10645,41402,Let Me In,9.1009,2010-10-01,6.793,2235
10646,481848,The Call of the Wild,7.6961,2020-02-19,7.511,3976
10647,940452,Alive and Undefeated,5.8192,2016-11-01,5.6,5
10648,570297,The Girl from Mount Huangshan,7.03,1984-12-01,8.0,1
10649,1147411,"Miraculous World: Tokyo, Stellar Force",5.8543,2025-12-07,8.5,59
10650,1100099,We Live in Time,7.3027,2024-10-10,7.225,1325
10651,11009,Saturday Night Fever,6.9985,1977-12-16,6.734,2111
10652,329996,Dumbo,7.3451,2019-03-27,6.586,4553
10653,920097,I Am the Groom,6.2272,2018-03-01,0.0,0
10654,207282,The Swamp Wader,6.3718,1966-07-13,5.25,4
10655,8277,American Pie Presents: Beta House,7.9243,2007-12-10,5.636,2053
10656,1844,Entrapment,7.4424,1999-04-29,6.237,2268
10657,493192,Jesta,6.7013,2017-12-01,3.0,0
10658,8699,Anchorman: The Legend of Ron Burgundy,7.5526,2004-06-28,6.702,4671
10659,1092936,The Holy Boy,6.7388,2025-09-17,6.9,149
10660,363111,Wolves at the Door,7.4077,2016-10-21,4.892,240
10661,752397,Blue Heart,7.1278,2021-04-27,3.8,5
10662,106520,The White Crocodile,6.6863,1982-02-01,10.0,1
10663,298312,The Visit,8.0037,2015-09-10,6.317,5242
10664,36670,Never Say Never Again,7.7231,1983-10-07,6.081,1648
10665,1179684,Amsterdamned II,6.4888,2025-11-30,5.31,29
10666,580175,Another Round,6.9983,2020-09-24,7.627,3835
10667,937941,Shelby Oaks,7.8872,2025-10-02,5.681,287
10668,1103440,Duma about Brytanka,6.314,1970-02-02,8.0,1
10669,1965,A Perfect Murder,7.0278,1998-06-05,6.555,1586
10670,9800,Philadelphia,7.2858,1993-12-22,7.709,4699
10671,241848,The Guest,7.4836,2014-09-05,6.627,2176
10672,1396965,Detective Conan: One-Eyed Flashback,6.5597,2025-04-18,7.2,52
10673,760741,Beast,7.7204,2022-08-11,6.533,1792
10674,13803,Amusement,7.275,2008-10-09,5.589,384
10675,646097,Rebel Ridge,7.5232,2024-08-27,6.962,1670
10676,518244,Scandalous Sex,6.6208,2004-01-01,6.9,103
10677,1571470,The Rats: A Witcher Tale,6.8371,2025-10-29,5.404,166
10678,1002563,Gupchup,6.213,2022-06-10,0.0,0
10679,50548,Storm,5.806,2009-10-02,6.7,8
10680,1858,Transformers,6.5902,2007-06-27,6.843,12381
10681,8386,How High,6.4177,2001-12-21,6.362,1076
10682,205775,In the Heart of the Sea,7.9004,2015-12-03,6.775,4426
10683,72387,Safe,7.2158,2012-04-16,6.497,2724
10684,1083637,Kantara - A Legend: Chapter 1,7.1228,2025-10-01,7.2,90
10685,8676,Fool's Gold,8.4279,2008-02-07,5.794,1621
10686,44826,Hugo,8.031,2011-11-22,7.175,7742
10687,559907,The Green Knight,8.129,2021-07-29,6.591,2248
10688,1381,The Fountain,8.4503,2006-11-22,6.899,3153
10689,1227877,I Love Boosters,6.5235,2026-05-21,6.022,89
10690,1422562,The Moment,6.7135,2026-01-30,6.3,71
10691,22971,Dear John,9.1698,2010-02-04,6.836,4318
10692,930915,Thank you for Being Here,6.6884,2023-03-17,0.0,0
10693,157353,Transcendence,7.6794,2014-04-16,6.076,5872
10694,9003,Hellraiser,7.2781,1987-09-11,6.883,2925
10695,1245398,True Fear,6.4591,2024-09-06,6.6,9
10696,4133,Blow,6.8297,2001-04-04,7.354,4652
10697,455839,Time Trap,7.5459,2017-05-19,6.3,1361
10698,52451,The Three Musketeers,7.4859,2011-08-31,5.791,2823
10699,283566,Evangelion: 3.0+1.0 Thrice Upon a Time,8.698,2021-03-08,8.2,968
10700,520023,Bodies Bodies Bodies,6.7041,2022-08-05,6.148,1496
10701,25475,Tinker Bell and the Lost Treasure,8.6222,2009-09-03,6.837,1135
10702,919912,Lonely People,6.6594,2021-08-12,0.0,0
10703,1151272,Sirāt,6.8238,2025-06-06,6.859,714
10704,998276,Premam,6.5749,2022-06-03,0.0,0
10705,432586,Sztornó,6.3115,2006-11-16,7.0,2
10706,1428299,Achilles Returns,6.6988,2026-05-25,7.5,4
10707,773804,Female Urologists 3,7.4062,2020-12-03,5.2,7
10708,242224,The Babadook,7.3584,2014-05-22,6.539,6491
10709,52520,Underworld: Awakening,5.8956,2012-01-19,6.335,4409
10710,799766,Better Man,8.6126,2024-12-06,7.644,888
10711,218746,Young Mother,6.4158,2013-07-31,4.975,20
10712,9610,Conan the Destroyer,6.9349,1984-06-29,6.143,1694
10713,41216,Legend of the Guardians: The Owls of Ga'Hoole,7.545,2010-07-10,6.834,2524
10714,67120,Sex and the Emperor,7.0007,1994-02-10,4.043,23
10715,9542,The Hitcher,7.3467,1986-01-17,6.955,1082
10716,1591834,Familia a la deriva,6.2318,2026-01-22,8.324,111
10717,974931,Totally Killer,6.912,2023-09-28,6.8,1147
10718,1456349,It Was Just an Accident,7.5604,2025-10-01,7.156,628
10719,2119,Days of Thunder,7.2186,1990-06-27,6.393,1751
10720,1456349,It Was Just an Accident,7.5604,2025-10-01,7.156,628
10721,2119,Days of Thunder,7.2186,1990-06-27,6.393,1751
10722,1417677,Bill Burr: Drop Dead Years,7.4024,2025-03-13,7.22,66
10723,454603,Tokaj Wine,6.5571,1941-02-14,7.0,1
10724,1316427,7 Dogs,6.8982,2026-05-27,6.077,13
10725,9906,The Ant Bully,7.7464,2006-07-28,5.794,1491
10726,343469,Red-Letter Days,6.4241,1967-06-05,7.0,1
10727,9823,Mortal Kombat: Annihilation,6.7316,1997-11-11,4.559,1376
10728,349092,Lewd Family: Stepmother's Bedroom,6.3915,1991-01-12,3.4,5
10729,365427,Tropykaos,6.4954,2018-04-05,0.0,0
10730,1139829,Orion and the Dark,6.8408,2024-02-01,6.517,666
10731,37056,Letters to Juliet,6.9834,2010-05-13,7.001,3038
10732,1339876,Mardaani 3,7.2022,2026-01-30,7.675,40
10733,388399,Patriots Day,8.8927,2016-12-12,7.1,2885
10734,582014,Promising Young Woman,7.2423,2020-12-13,7.377,3770
10735,568620,Snake Eyes: G.I. Joe Origins,7.7496,2021-07-22,6.43,1744
10736,11087,The Hand That Rocks the Cradle,6.9518,1992-01-10,6.903,1031
10737,1242501,Icefall,7.0887,2025-10-16,6.4,209
10738,384680,Hostiles,7.5641,2017-12-22,6.947,2543
10739,9535,Analyze This,7.6878,1999-03-05,6.513,2168
10740,4552,A Tale of Two Sisters,7.4599,2003-06-13,7.1,1370
10741,44741,Malicious,6.618,1973-03-29,7.331,367
10742,11850,Invasion of the Body Snatchers,6.3155,1978-12-20,7.225,1360
10743,9726,A Good Year,7.7345,2006-09-09,6.689,1659
10744,403092,La redención,6.3346,2015-10-31,0.0,0
10745,338969,The Toxic Avenger Unrated,7.6409,2025-08-28,5.965,410
10746,1067876,Shin mibôjin geshuku: Sanshoku soi netsuki,5.2104,1987-11-17,2.0,2
10747,1139195,Lagila Ranga Golapi Golapi,6.4402,2023-06-09,0.0,0
10748,23742,Cop Out,6.7189,2010-02-26,5.553,1655
10749,1663082,The Last Supper,6.1399,2025-10-23,6.833,6
10750,604685,Den of Thieves 2: Pantera,8.4777,2025-01-08,6.586,840
10751,60307,Diary of a Wimpy Kid: Rodrick Rules,6.6856,2011-03-25,6.739,1272
10752,225197,Miss Ameriguá,6.8386,1994-05-19,7.0,1
10753,9665,Glory,7.2442,1989-12-15,7.486,1836
10754,10843,After Hours,6.6227,1985-09-13,7.49,1787
10755,855376,妇女代表,7.1412,1953-01-01,0.0,0
10756,1446616,Tu Yaa Main,7.0107,2026-02-11,6.316,57
10757,71,Billy Elliot,6.824,2000-09-28,7.596,4133
10758,212459,Chiles xalapeños,6.5266,2008-02-01,3.125,8
10759,3580,Changeling,5.7667,2008-10-24,7.574,4544
10760,1223142,Girl Upstairs Who Likes Big Things,6.8674,2023-12-01,1.5,2
10761,188161,A Million Ways to Die in the West,7.6009,2014-05-22,6.051,4467
10762,292431,Love,6.785,2015-07-15,6.457,2696
10763,152584,Blue Is the Warmest Color,6.7364,2013-10-09,7.072,4894
10764,407436,Mowgli: Legend of the Jungle,7.4499,2018-11-25,6.475,2627
10765,1581366,Next Room Affair,7.5683,2025-11-25,7.0,4
10766,9574,Flubber,7.1994,1997-11-26,5.673,2594
10767,539745,Animal Farm,7.5114,2026-04-30,6.455,99
10768,1557848,The Sleeper,6.9566,2025-10-29,5.833,6
10769,1421903,Werwulf,7.6506,2026-12-25,0.0,0
10770,1081773,Kanyadana,6.9431,2023-01-29,0.0,0
10771,1734197,Chomel,5.3151,2021-01-01,0.0,0
10772,97630,Zero Dark Thirty,7.6594,2012-12-19,6.993,4943
10773,1093995,Chief of Station,7.0581,2024-05-02,6.245,251
10774,1439112,Muzzle: City of Wolves,6.4542,2025-11-13,6.6,151
10775,9326,Romancing the Stone,7.0029,1984-03-30,6.773,2079
10776,22894,Legion,6.6429,2010-01-21,5.912,2919
10777,645886,The Unforgivable,6.8755,2021-11-24,7.411,2087
10778,659175,Ghost Hour,6.4799,2013-05-04,6.1,4
10779,1147400,"Miraculous World: Paris, Tales of Shadybug and Claw Noir",6.9927,2024-02-11,7.3,548
10780,1147400,"Miraculous World: Paris, Tales of Shadybug and Claw Noir",6.9927,2024-02-11,7.3,548
10781,671725,Chompy & the Girls,6.8537,2021-09-14,5.85,30
10782,535366,Jango,6.1545,2017-10-19,0.0,0
10783,16577,Astro Boy,7.33,2009-10-15,6.337,1666
10784,1286663,Control Freak,7.2645,2025-03-12,5.599,91
10785,11329,Runaway Jury,8.3443,2003-10-17,6.948,1576
10786,8741,The Thin Red Line,7.6153,1998-12-23,7.441,3362
10787,328688,Orang Minyak,6.1691,2007-11-15,0.0,0
10788,5549,RoboCop 2,7.4122,1990-06-22,6.038,2167
10789,862551,Me Time,7.4587,2022-08-26,5.848,1043
10790,912378,Dridam,6.0589,2026-05-08,5.111,9
10791,1096992,Guddu Gangster,6.2656,2023-06-13,0.0,0
10792,8697,Who Am I?,6.9641,1998-01-17,7.15,1017
10793,809140,Father Stu,9.0107,2022-04-13,7.1,752
10794,9378,Thir13en Ghosts,8.3085,2001-10-25,6.3,2417
10795,340666,Nocturnal Animals,7.2143,2016-11-04,7.407,8357
10796,1105602,Step Mother is Nineteen,6.2125,2020-12-20,0.0,0
10797,152532,Dallas Buyers Club,6.7171,2013-11-01,7.91,9168
10798,2619,Splash,6.9379,1984-03-09,6.26,1507
10799,6488,Arachnophobia,7.1218,1990-07-20,6.452,1552
10800,1008953,Incoming,6.7888,2024-08-22,6.266,384
10801,13285,Barbie Fairytopia: Mermaidia,6.3699,2006-03-14,6.883,743
10802,351938,Nevermore - Três Pesadelos e Um Delírio de Edgar Allan Poe,6.4872,2011-06-10,0.0,0
10803,7450,Titan A.E.,6.9169,2000-06-16,6.626,1212
10804,19186,The Parent Trap,6.8072,1961-05-13,7.029,431
10805,512306,Dhauli Express,6.9299,2007-08-04,0.0,0
10806,9972,Lock Up,6.8082,1989-08-04,6.802,1343
10807,46838,Tucker and Dale vs. Evil,8.593,2010-01-22,7.402,3234
10808,207933,Stonehearst Asylum,7.7155,2014-10-23,6.852,1619
10809,44683,Tinker Bell and the Great Fairy Rescue,7.0719,2010-07-29,6.776,1029
10810,1010600,The Strangers: Chapter 1,6.9008,2024-05-15,5.7,819
10811,420808,Peter Pan & Wendy,8.0633,2023-04-20,5.403,779
10812,450228,Csodálatos vadállatok,6.2469,2005-05-22,9.0,1
10813,462183,Wild Awakening,8.9077,2016-10-23,5.295,22
10814,575299,Fidelity,6.8855,2019-10-31,6.653,331
10815,1123598,Little Stories About Children Who...,6.6665,1961-05-23,8.0,1
10816,1232449,Young Hearts,7.5327,2024-10-26,8.592,298
10817,483,Wild at Heart,6.9952,1990-08-17,7.029,1939
10818,175112,Tinker Bell and the Pirate Fairy,7.778,2014-02-13,6.957,1094
10819,1880,Red Dawn,6.891,1984-08-10,6.297,900
10820,1880,Red Dawn,6.891,1984-08-10,6.297,900
10821,1281,Bean,6.5604,1997-07-03,6.482,2633
10822,46498,Candy,7.1037,1968-12-17,5.1,83
10823,691,The Spy Who Loved Me,7.4861,1977-07-07,6.821,2276
10824,10357,Volcano,6.9708,1997-04-25,5.973,1726
10825,774172,Mynosy,6.2898,2019-02-27,5.0,1
10826,699,For Your Eyes Only,7.2694,1981-06-24,6.546,2119
10827,11319,The Rescuers,8.9953,1977-06-22,6.791,2707
10828,915523,Wildflower,6.746,2023-03-17,7.392,125
10829,11230,Drunken Master,7.8544,1978-10-05,7.384,1147
10830,10431,War,7.7331,2007-08-24,6.408,2090
10831,2069,The Whole Nine Yards,6.6175,2000-02-18,6.466,2104
10832,966220,Sniper: The White Raven,6.3814,2022-05-03,7.71,931
10833,9992,Arthur and the Invisibles,7.5642,2006-12-13,6.399,3079
10834,1007501,Someone,6.1301,2012-11-01,0.0,0
10835,2320,Executive Decision,6.5985,1996-03-15,6.349,1053
10836,1264939,Unpredictable,6.901,2024-05-09,5.2,10
10837,108450,The Smile of the Fox,6.6935,1992-05-23,5.1,62
10838,10222,Kickboxer,6.3227,1989-04-20,6.841,1601
10839,10998,Fatal Attraction,7.0025,1987-09-18,6.836,1715
10840,1304434,Nobody,6.8138,2025-08-02,7.9,82
10841,227973,The Peanuts Movie,7.4016,2015-11-05,6.978,1818
10842,164,Breakfast at Tiffany's,7.6712,1961-10-06,7.619,4520
10843,682826,My Friend's Daughter,5.9245,2020-03-09,0.0,0
10844,1284041,The Last House,7.2182,2026-08-07,0.0,0
10845,639220,The Cook and the Singer,6.3677,1979-07-09,0.0,0
10846,1371185,Song Sung Blue,7.6533,2025-12-15,7.363,280
10847,420070,A Man in a Green Kimono,6.5176,1992-02-11,9.0,2
10848,80794,Daughter of Darkness,6.69,1993-10-28,5.5,28
10849,337007,The Tunnel,6.3844,1980-04-23,0.0,0
10850,119893,An American Girl: McKenna Shoots for the Stars,6.6579,2012-07-14,6.76,50
10851,11199,Wild Hogs,7.9486,2007-03-02,5.968,2489
10852,1247464,LUMEN - Всегда 17 — всегда война,5.9756,2015-05-26,9.0,1
10853,50839,Margin Call,7.7117,2011-09-28,6.863,2131
10854,10377,My Cousin Vinny,6.6372,1992-03-13,7.499,1925
10855,8470,John Q,7.188,2002-02-15,7.135,2661
10856,2064,While You Were Sleeping,7.4037,1995-04-21,7.036,2026
10857,539885,Ava,6.2252,2020-07-02,5.8,2783
10858,437342,The First Omen,8.4084,2024-04-03,6.803,1355
10859,1307373,Wasteman,6.3599,2026-02-20,7.293,70
10860,1307373,Wasteman,6.3599,2026-02-20,7.293,70
10861,674670,Camp Fire Stories,6.2095,2020-03-26,3.0,4
10862,1032425,The Dead Don't Hurt,6.2451,2024-05-01,6.498,217
10863,97,Tron,7.3506,1982-07-09,6.629,2803
10864,731109,Construção,5.8298,2020-08-20,0.0,0
10865,8974,The War of the Worlds,6.8197,1953-04-03,6.805,716
10866,17692,Jaws 3-D,8.0595,1983-07-22,4.5,1436
10867,1032892,In the Blink of an Eye,6.8115,2026-01-26,5.743,144
10868,109091,The Counselor,7.8612,2013-10-25,5.292,2010
10869,921462,L'INVITÉE,6.3172,2020-04-09,7.0,1
10870,8374,The Boondock Saints,6.7748,1999-01-22,7.252,2743
10871,12207,The Legend of Drunken Master,8.7942,1994-02-03,7.459,1111
10872,639412,Secrets of the Wind,6.1639,2020-01-31,0.0,0
10873,420814,Christopher Robin,7.7742,2018-08-01,7.296,2948
10874,15373,Role Models,7.4702,2008-11-07,6.484,2189
10875,1479178,Don't Call Me Mama,6.0738,2025-10-10,6.556,9
10876,8643,The Exorcism of Emily Rose,7.2779,2005-09-09,6.61,3103
10877,605722,Long Distance,6.6218,2024-07-12,6.569,274
10878,53658,God of Gamblers III: Back to Shanghai,6.1651,1991-08-21,7.0,88
10879,709,Licence to Kill,8.5667,1989-06-13,6.437,2204
10880,530254,The Witch: Part 1. The Subversion,6.846,2018-06-27,7.918,771
10881,1450527,Forbidden Fruits,6.4196,2026-03-26,6.0,78
10882,235572,Till Tomorrow,6.3245,1929-11-11,5.6,5
10883,8584,Shanghai Noon,5.6044,2000-05-26,6.418,2817
10884,271969,Ben-Hur,7.1316,2016-08-17,5.776,1811
10885,1278101,Big World,6.0037,2024-12-27,8.404,103
10886,1075175,How to Have Sex,6.0461,2023-11-02,6.23,519
10887,198545,Petőfi '73,6.3135,1973-06-16,5.75,4
10888,33542,Rumble in the Bronx,7.2374,1995-01-21,6.862,1204
10889,10974,Armour of God,9.1923,1986-08-16,7.05,670
10890,1008368,Mawkib Al-Ebaa,6.3007,2005-01-01,0.0,0
10891,10734,Escape from Alcatraz,7.2762,1979-06-22,7.5,3224
10892,5279,Gosford Park,6.085,2001-12-26,6.8,1264
10893,63623,Men and Women,6.2602,1999-11-20,5.278,9
10894,123719,Kanımdaki Barut,6.0942,2009-03-26,4.0,1
10895,21835,A Chinese Odyssey Part Two: Cinderella,6.1454,1995-02-04,7.7,268
10896,234544,"Kaoru Kiri: The Best Lesbian in Japan, Authentic Account",6.3054,1974-08-28,5.0,4
10897,505192,Shoplifters,5.68,2018-06-02,7.83,2331
10898,227156,The Giver,8.1754,2014-08-13,6.557,4674
10899,110143,Craving Desire,7.5444,1993-06-09,4.8,35
10900,110143,Craving Desire,7.5444,1993-06-09,4.8,35
10901,263642,Madhuraiyai Meetta Sundharapandiyan,6.2246,1978-01-14,9.0,1
10902,1433124,Maryam: The Untold Story,4.2792,2025-09-18,4.583,6
10903,1181540,Guns Up,6.5015,2025-05-15,6.467,241
10904,205,Hotel Rwanda,6.4618,2004-12-22,7.716,3219
10905,1364,Sex and Lucía,6.8207,2001-08-24,6.685,650
10906,834541,Homunculus,6.4926,1988-01-01,4.0,3
10907,9587,Little Women,7.5704,1994-12-21,7.275,1359
10908,81529,The Story of Linda,6.479,1981-05-29,4.875,28
10909,365620,Ferrari,7.1003,2023-12-14,6.365,1278
10910,400027,Father,6.6539,2015-08-10,0.0,0
10911,615677,We Can Be Heroes,6.615,2020-12-25,5.939,822
10912,493954,Hami Teen Bhai,6.4645,2004-10-13,8.0,1
10913,490,The Seventh Seal,7.366,1957-02-16,8.142,3398
10914,405892,Swordsman Online,6.3154,2007-02-09,1.5,1
10915,1732445,Lockdown 2,5.3931,2022-01-01,0.0,0
10916,1360610,The Menendez Brothers,6.755,2024-10-07,7.281,169
10917,415227,Emberrabló lányok,6.4004,1990-01-01,0.0,0
10918,83201,Puss in Boots: The Three Diablos,6.3667,2012-02-07,6.538,532
10919,117251,White House Down,7.521,2013-06-27,6.467,5165
10920,1722754,스와핑 하던 날,6.9917,2017-01-10,0.0,0
10921,1167880,The Scandalous History of the Empress,6.5104,1987-10-10,0.0,0
10922,149870,The Wind Rises,7.4842,2013-07-20,7.787,3423
10923,854053,RAmén,5.955,2019-06-24,0.0,0
10924,1469354,Border Hunters,5.824,2025-10-20,6.207,58
10925,1071639,Hirano and Kagiura,6.555,2023-02-17,7.0,1
10926,72331,Abraham Lincoln: Vampire Hunter,7.6036,2012-06-20,5.759,3595
10927,9870,Forgetting Sarah Marshall,7.1314,2008-04-17,6.506,3745
10928,384521,The Cloverfield Paradox,7.3541,2018-02-04,5.64,3625
10929,432783,Alpine Sunlight,6.3436,1941-05-21,8.0,1
10930,4946,The Swimming Pool,7.5812,1969-01-31,6.976,574
10931,1083862,Resident Evil: Death Island,6.7597,2023-06-22,7.267,1127
10932,9530,RV,6.9902,2006-04-28,5.905,1818
10933,112205,The Family,7.2117,2013-09-13,6.36,3144
10934,10159,The Rundown,7.5251,2003-09-26,6.448,2215
10935,1146723,"Sex, Medicated, Rock’n’Roll",6.5299,2013-11-02,0.0,0
10936,157433,Pet Sematary,7.6365,2019-04-04,5.744,3464
10937,11529,Sweet Home Alabama,7.1176,2002-09-26,6.426,1749
10938,839185,Three Black Triangles,6.3111,1977-01-01,7.0,2
10939,2289,Cold Mountain,7.6641,2003-12-24,6.94,1997
10940,409221,Mazes,6.415,2008-05-25,0.0,0
10941,588648,Dragonkeeper,7.182,2024-04-11,7.604,225
10942,88934,Adiós Amigo,5.7638,1975-12-25,4.667,6
10943,22972,Green Zone,7.6609,2010-03-11,6.484,2416
10944,2671,Ring,8.103,1998-01-31,7.097,1695
10945,547341,When Grandmother Is Away,6.8083,1985-01-01,0.0,0
10946,10147,Bad Santa,7.3114,2003-11-26,6.566,2424
10947,9913,The Skeleton Key,6.8845,2005-07-29,6.62,2335
10948,50348,The Lincoln Lawyer,6.7154,2011-03-17,7.209,3701
10949,1020125,Nishwas,6.2764,2022-09-15,9.0,1
10950,716739,Dias Felizes,5.5747,2020-01-01,0.0,0
10951,535,Flashdance,6.4348,1983-04-14,6.49,1630
10952,701112,Good Wife Firm,6.8787,2019-05-27,3.0,1
10953,2636,The Specialist,7.2363,1994-10-07,5.948,1468
10954,9346,Risky Business,7.077,1983-08-05,6.589,1493
10955,578701,Those Who Wish Me Dead,7.8559,2021-05-05,6.599,1881
10956,439,La Dolce Vita,6.9318,1960-02-05,8.0,2046
10957,258509,Alvin and the Chipmunks: The Road Chip,7.6542,2015-12-17,6.039,1785
10958,10402,Deuce Bigalow: Male Gigolo,6.7217,1999-12-10,5.973,1568
10959,5336,"Salò, or the 120 Days of Sodom",6.6093,1976-01-10,6.341,2326
10960,364556,The Village of Widows,6.2512,1989-01-01,7.0,1
10961,535292,21 Bridges,8.741,2019-10-24,6.8,2183
10962,1538497,Hexed,6.4526,2026-11-25,0.0,0
10963,74465,We Bought a Zoo,6.6565,2011-11-26,6.835,2972
10964,20760,Lilo & Stitch 2: Stitch Has a Glitch,7.7152,2005-08-22,6.702,1645
10965,11249,Seed of Chucky,7.9232,2004-11-12,5.5,1777
10966,1122403,Mathare Dei Pata Odhani,6.7639,2011-12-31,0.0,0
10967,14412,Body Heat,7.3719,1981-08-28,7.0,703
10968,351523,Purpose of Reunion,5.7951,2015-08-06,6.328,32
10969,332210,Storks,7.69,2016-09-22,6.681,2545
10970,334762,A Rainy Sunday,6.0474,1962-11-15,7.0,1
10971,26877,Naked Killer,6.3037,1992-12-03,6.037,95
10972,23437,A Nightmare on Elm Street,7.3278,2010-04-30,5.525,2950
10973,479997,Decisão,5.8206,1997-01-01,10.0,1
10974,860340,My Girlfriend's Mother 3,6.6268,2019-03-22,5.0,4
10975,6068,Six Days Seven Nights,6.6387,1998-06-12,6.108,1647
10976,763,Braindead,6.7149,1992-08-13,7.387,1879
10977,723562,Actresses: Sex Audition,6.9961,2020-07-03,5.75,4
10978,795514,The Fallout,6.4409,2021-03-17,7.5,1320
10979,1577,Resident Evil: Apocalypse,5.9447,2004-09-10,6.367,4845
10980,59,A History of Violence,6.9091,2005-09-23,7.169,3805
10981,4147,Road to Perdition,8.0698,2002-07-12,7.361,4059
10982,1735007,Joyah 2017,5.3503,2017-01-01,0.0,0
10983,318883,A Village Romance,6.4087,2007-11-27,4.0,1
10984,11824,Teen Wolf,6.1491,1985-08-23,6.21,1278
10985,580,Jaws: The Revenge,6.729,1987-07-17,4.102,1196
10986,792471,An Appointment Under the Fernleaf Hedge Bamboo,6.4951,1984-10-01,0.0,0
10987,11978,Men of Honor,7.1394,2000-09-13,7.491,2544
10988,266856,The Theory of Everything,7.3158,2014-11-07,7.828,11195
10989,659,The Tin Drum,7.5931,1979-05-02,6.956,540
10990,856395,Ah Fu Looks for Treasure,6.2104,1957-01-01,0.0,0
10991,8872,Wayne's World,7.0475,1992-02-14,6.685,2507
10992,1484262,Trainwreck: The Cult of American Apparel,6.2744,2025-06-30,6.092,38
10993,253376,In Darkness We Fall,6.4882,2014-01-24,5.914,187
10994,11336,The Dead Zone,6.527,1983-10-21,7.009,1861
10995,627725,The Banker,8.934,2020-03-06,7.617,1133
10996,638974,Murder Mystery 2,6.519,2023-03-28,6.363,1998
10997,1290182,You Are the Apple of My Eye,6.3987,2025-02-21,8.4,70
10998,1857,The Transformers: The Movie,6.7177,1986-08-08,7.146,610
10999,49520,The Change-Up,7.5213,2011-08-05,6.16,3012
11000,96,Beverly Hills Cop II,6.7538,1987-05-18,6.533,2867
11001,195589,Neighbors,7.3056,2014-05-08,6.2,7355
11002,1079274,Neela Mastarani,6.269,1996-12-30,0.0,0
11003,851840,Postman,6.4178,2021-07-07,0.0,0
11004,780609,Men,6.6457,2022-05-20,6.064,1382
11005,903,Cool Hand Luke,8.0793,1967-11-01,7.734,1640
11006,433498,Papillon,6.6341,2017-09-07,7.321,2169
11007,9386,In the Line of Fire,6.7063,1993-07-08,6.975,1831
11008,524251,I See You,7.2104,2019-09-11,6.98,1681
11009,5550,RoboCop 3,7.1799,1993-01-21,4.901,1472
11010,507244,Afterburn,7.3295,2025-08-20,6.3,319
11011,713607,Mom's Friend 2020,6.1352,2020-06-05,2.5,2
11012,8698,The League of Extraordinary Gentlemen,8.55,2003-07-11,6.018,4457
11013,1571594,The Photographer,6.9153,2025-10-30,7.2,5
11014,11507,Body Double,8.2278,1984-10-25,6.74,938
11015,1311034,Demon Slayer: Kimetsu no Yaiba - Infinity Castle 2,5.9401,,0.0,0
11016,1088914,Break Up Bala Love Story,6.2189,2023-02-19,0.0,0
11017,1659087,180,6.6858,2026-04-16,5.83,135
11018,265195,Wild Tales,7.5104,2014-08-21,7.865,3805
11019,12096,The Pink Panther,7.896,2006-02-10,5.875,2176
11020,12096,The Pink Panther,7.896,2006-02-10,5.875,2176
11021,932086,Horizon: An American Saga - Chapter 1,7.1101,2024-06-26,6.813,680
11022,67343,Mr. Vampire II,5.7549,1986-08-15,5.9,50
11023,45772,Gnomeo & Juliet,7.4176,2011-01-13,5.906,2095
11024,638507,How to Train Your Dragon: Homecoming,7.7587,2019-12-03,8.035,1127
11025,12208,Casino Royale,7.2865,1967-04-18,5.256,837
11026,127667,The End,5.9755,2007-01-11,5.071,7
11027,12536,Home Alone 4,8.0409,2002-11-03,4.489,1397
11028,609,Poltergeist,6.8276,1982-06-04,7.158,3389
11029,791728,On the Thirtieth Floor,6.7471,1986-04-01,0.0,0
11030,765245,Swan Song,8.3192,2021-12-17,7.119,603
11031,375846,Bad Sister,6.7715,2015-08-24,6.577,253
11032,1637319,Hannah Montana 20th Anniversary Special,7.6416,2026-03-23,7.205,88
11033,1371023,Chand Mera Dil,6.8062,2026-05-22,5.611,9
11034,175574,Free Birds,8.3412,2013-10-30,5.887,869
11035,29536,Sex Is Crazy,7.0866,1981-01-01,5.7,25
11036,461846,Erotic Sister,5.9722,2016-01-01,5.6,9
11037,912908,Strays,6.2492,2023-08-17,7.171,1032
11038,853426,Clouds After Cloud,6.8457,2004-03-26,0.0,0
11039,1421552,Panda Plan: The Magical Tribe,6.8619,2026-02-17,6.4,11
11040,10065,The Amityville Horror,6.7434,2005-04-14,6.122,2393
11041,140485,All Good,5.8696,2012-05-18,5.809,55
11042,11412,The Long Kiss Goodnight,6.7686,1996-10-11,6.582,1375
11043,395000,Young Mother 4,6.5244,2016-04-28,4.458,12
11044,10776,Little Shop of Horrors,6.227,1986-12-19,6.984,1662
11045,341586,Shyamol Chhaya,6.2559,2004-11-01,8.083,12
11046,335423,Mankurt,5.7721,1990-01-01,7.0,2
11047,10047,The Messenger: The Story of Joan of Arc,6.9753,1999-10-27,6.43,1623
11048,338762,Bloodshot,7.7079,2020-03-05,6.677,5305
11049,1189962,Drug Shore,6.3731,2023-10-08,8.7,3
11050,286769,Dashing Girls,5.9829,1974-08-13,10.0,1
11051,548,Rashomon,6.7868,1950-08-26,8.03,2552
11052,795343,The Light,6.294,2022-07-23,0.0,0
11053,668482,Roald Dahl's Matilda the Musical,7.0603,2022-11-25,6.8,825
11054,1240815,The Pubs,6.4381,2021-08-27,4.0,1
11055,103332,Ruby Sparks,6.6145,2012-07-25,7.111,1807
11056,690846,"Patricia, A Hidden Passion",6.1133,2020-01-21,5.841,41
11057,9355,Mad Max Beyond Thunderdome,8.6,1985-06-29,6.228,3311
11058,677765,Người Đẹp Và Họa Sĩ,6.9126,,0.0,0
11059,1401281,The Testament of Ann Lee,6.1448,2025-12-25,6.354,168
11060,9058,Only You,6.5943,1994-03-04,6.7,577
11061,624,Easy Rider,7.3763,1969-06-26,7.048,2191
11062,1234124,Ölümdən sonrakı həyat,6.2446,2023-10-19,0.0,0
11063,440471,Escape Plan 2: Hades,7.1529,2018-06-05,5.163,1583
11064,272092,Shor and Shorshor,6.0569,1926-08-13,8.0,1
11065,1443,The Virgin Suicides,7.1386,2000-04-21,7.1,3645
11066,18767,Island of Fire,5.2792,1990-03-28,6.247,146
11067,918487,New Female Secretary,6.1463,2021-12-16,5.75,4
11068,13461,Melissa P.,7.0403,2005-11-18,4.69,613
11069,1484253,Trainwreck: Poop Cruise,6.8549,2025-06-23,5.899,134
11070,1735525,Black Maria,5.4655,2026-08-17,0.0,0
11071,934632,Rebel Moon - Part Two: The Scargiver,6.3107,2024-04-19,6.074,1537
11072,800622,Shikhandi Kotha,6.1514,2013-04-19,0.0,0
11073,415943,O Homem que Não Cabia em Brasília,6.7505,2016-09-12,10.0,1
11074,11321,Seven Pounds,7.7477,2008-12-18,7.6,7317
11075,8273,American Wedding,7.5605,2003-08-01,6.222,4460
11076,1541871,Les vagues,5.381,2025-09-12,10.0,1
11077,10166,The Witches,6.8963,1990-05-25,6.94,1387
11078,1360838,Blade of Fury,5.4281,2024-09-28,6.6,20
11079,94365,The Human Centipede 3 (Final Sequence),6.5856,2015-05-22,3.8,870
11080,1360838,Blade of Fury,5.4281,2024-09-28,6.6,20
11081,94365,The Human Centipede 3 (Final Sequence),6.5856,2015-05-22,3.8,870
11082,590,The Hours,7.136,2002-12-27,7.252,1883
11083,485557,Talia,6.3003,2017-03-14,7.0,1
11084,47648,King of Beggars,5.0278,1992-12-17,6.986,148
11085,12184,The Other Boleyn Girl,7.1618,2008-02-28,6.702,2244
11086,785542,The Outrun,6.6167,2024-01-19,6.78,357
11087,1302733,Gaslit by My Husband: The Morgan Metzer Story,6.2038,2024-06-09,5.87,23
11088,1642,The Net,6.4644,1995-07-28,6.048,1552
11089,297222,PK,6.5038,2014-12-18,7.702,1185
11090,281606,The Bridge,6.2087,1949-01-02,5.75,4
11091,266647,Pan,6.9922,2015-09-24,5.957,2874
11092,10535,Spy Hard,7.2633,1996-05-24,5.426,781
11093,137116,Smurfs: The Lost Village,7.7465,2017-03-23,6.359,1576
11094,149871,The Tale of The Princess Kaguya,7.7945,2013-11-23,8.092,2019
11095,364289,Samba Riachão,5.4452,2001-11-20,7.0,1
11096,817758,TÁR,7.4216,2022-10-07,7.098,1559
11097,348056,The Money-Maker,6.172,1964-07-08,9.0,2
11098,952680,Dependencies,6.3011,2015-04-07,0.0,0
11099,36685,The Rocky Horror Picture Show,7.3173,1975-08-14,7.443,3179
11100,1216191,Oddity,6.0063,2024-07-19,6.692,858
11101,471456,I'll Be Back,7.0089,1935-01-01,0.0,0
11102,718032,Licorice Pizza,7.4263,2021-11-26,6.945,2714
11103,118406,Road to Ninja: Naruto the Movie,7.2828,2012-07-28,7.368,1248
11104,263677,Ragasiya Police 115,6.6459,1968-01-10,7.0,2
11105,15255,Undisputed II: Last Man Standing,6.4146,2006-04-11,7.387,946
11106,447330,The Paris Opera,6.3235,2017-04-05,7.2,17
11107,568091,Fractured,5.997,2019-09-22,6.8,2952
11108,12180,Star Wars: The Clone Wars,6.297,2008-08-05,6.155,2245
11109,48988,Hall Pass,7.739,2011-02-25,5.738,2160
11110,890216,Pacific,6.3331,2026-07-08,0.0,0
11111,831438,The Seed,7.0067,2021-10-05,4.889,81
11112,748230,Salem's Lot,7.9944,2024-10-03,5.992,716
11113,1477453,Trainwreck: The Astroworld Tragedy,6.475,2025-06-09,6.626,99
11114,2099,Raw Deal,7.4024,1986-06-06,5.853,928
11115,148604,The Evil Spirit of Yambuy,6.0271,1977-08-25,6.1,12
11116,1077337,FOUR: Vol. 1,6.579,2022-01-28,0.0,0
11117,1601797,¿Quieres ser mi novia?,6.6927,2026-02-12,8.651,186
11118,4944,Burn After Reading,7.0415,2008-09-05,6.677,5320
11119,12144,The Land Before Time,6.4308,1988-11-18,7.156,2785
11120,10057,The Three Musketeers,7.6155,1993-11-11,6.397,1082
11121,793139,Amém,6.3332,2016-01-01,0.0,0
11122,77805,Lovelace,6.5974,2013-08-08,6.008,773
11123,13455,Push,6.3048,2009-02-04,6.146,2475
11124,911661,By Force of Habit,6.5588,2021-12-03,8.0,1
11125,597208,Nightmare Alley,6.9547,2021-12-02,6.944,3427
11126,791155,Secret Headquarters,7.373,2022-08-12,6.353,426
11127,359364,Human,6.8571,2015-09-12,8.433,313
11128,619778,Malignant,7.5748,2021-09-01,6.8,2688
11129,10228,Pokémon: The First Movie,7.336,1998-07-18,6.97,1603
11130,16318,Sex Is Zero,6.1331,2002-12-12,6.187,139
11131,15165,Barbie as The Princess & the Pauper,7.8253,2004-09-28,7.479,1543
11132,729679,Toma,5.8779,2021-12-20,6.68,25
11133,1584262,Ones Left Behind,3.2996,2025-11-08,10.0,1
11134,881727,A Thousand Hours,5.5097,2022-09-01,6.0,2
11135,798286,Beau Is Afraid,7.6256,2023-04-14,6.733,1372
11136,752867,The Outwaters,6.8121,2023-02-09,4.405,105
11137,1477108,Maninilip,5.8394,2025-05-23,7.5,4
11138,4643,The Guardian,7.0946,2006-09-28,7.127,1705
11139,206648,Red Bells Part I: Mexico in Flames,5.6514,1982-03-19,4.2,15
11140,206648,Red Bells Part I: Mexico in Flames,5.6514,1982-03-19,4.2,15
11141,1280450,Stolen Girl,6.514,2025-09-04,6.261,197
11142,447200,Skyscraper,7.4507,2018-07-11,6.309,5400
11143,4771,Gone Baby Gone,7.1758,2007-09-18,7.304,4250
11144,52795,Doraemon: Nobita's New Great Adventure Into the Underworld - The Seven Magic Users,6.7322,2007-03-10,7.2,92
11145,1166757,Villa Oculta,5.4543,2010-11-01,0.0,0
11146,38199,Unthinkable,6.8155,2010-05-26,6.808,1480
11147,762430,Retribution,7.8756,2023-08-23,6.515,1402
11148,7457,Alpha Dog,6.5954,2006-01-27,6.654,1540
11149,224982,Eddie & Suzanne,5.8745,1975-09-10,5.333,3
11150,992274,Othman,6.2907,2022-06-25,0.0,0
11151,447544,Grêm10x0 - 100 Anos de Grenal,6.0499,2009-10-29,0.0,0
11152,516632,The Empty Man,7.0218,2020-10-22,6.145,1060
11153,760941,Shambala,6.3498,2020-07-25,6.0,1
11154,459187,Story of Taipei,6.1701,2017-05-19,5.0,3
11155,1164329,At Least in the Movies,6.013,2022-08-02,8.0,1
11156,10323,Clash of the Titans,7.2142,1981-06-12,6.924,873
11157,631842,Knock at the Cabin,7.2025,2023-02-01,6.249,3149
11158,1476740,Influencers,5.9828,2025-07-26,6.24,125
11159,1392501,Lamas,6.3787,2024-12-17,6.5,2
11160,698,Moonraker,7.5418,1979-06-26,6.191,2259
11161,1266738,Zugzwang,5.4125,2011-01-14,0.0,0
11162,413793,Mayor Chen Yi,6.0958,1981-01-01,0.0,0
11163,25,Jarhead,7.0823,2005-11-04,6.687,3218
11164,1207123,White Snake: Afloat,5.7862,2024-07-30,8.053,38
11165,11565,Big Momma's House 2,7.3374,2006-01-26,5.769,1716
11166,827931,Time Cut,7.4125,2024-10-29,5.636,614
11167,990140,Sakra,6.6459,2023-01-16,6.5,201
11168,1405338,Demon City,6.8751,2025-02-26,6.876,346
11169,434455,Dui Duari,6.028,2000-01-01,8.25,4
11170,171274,Inherent Vice,7.2938,2014-12-12,6.539,2747
11171,454054,Blood,6.1772,2016-10-27,5.0,1
11172,1427540,Free at Heart,6.5881,2026-10-29,0.0,0
11173,1266791,Alter Ego,5.6806,2026-03-04,6.278,88
11174,286609,"Full Steam, Ahead!",5.6279,1951-08-12,8.0,1
11175,1006745,祭红,6.0361,1979-12-01,0.0,0
11176,437899,Cápsulas,5.5974,2012-02-17,6.0,2
11177,62214,Frankenweenie,5.8829,2012-10-04,7.006,3658
11178,1599189,剑来院线剧场版 十三之争,6.4484,2026-05-01,0.0,0
11179,545712,The Return,6.0452,2017-11-28,0.0,0
11180,62214,Frankenweenie,5.8829,2012-10-04,7.006,3658
11181,1599189,剑来院线剧场版 十三之争,6.4484,2026-05-01,0.0,0
11182,545712,The Return,6.0452,2017-11-28,0.0,0
11183,19384,Dark Angel,7.0997,1990-01-26,6.112,387
11184,2665,Airplane II: The Sequel,6.6187,1982-12-10,6.078,1287
11185,49565,The Man Who Planted Trees,7.0174,1987-05-13,7.969,180
11186,399170,Logan Lucky,8.3641,2017-08-17,6.736,3891
11187,1169537,Batwara 1947,6.2414,2026-08-13,0.0,0
11188,396371,Molly's Game,7.4495,2017-12-07,7.155,4066
11189,1355666,Love Untangled,6.411,2025-08-28,8.252,222
11190,788754,Elza Soares: A Mulher do Fim do Mundo,6.011,2017-03-03,0.0,0
11191,11782,Hard Boiled,6.2385,1992-04-16,7.5,964
11192,1639,Speed 2: Cruise Control,6.314,1997-06-13,4.605,1837
11193,812037,Last Summer,7.3111,2023-09-13,6.078,251
11194,483657,Voodoo Doll,6.0666,2017-02-24,6.0,1
11195,8224,8MM,7.2237,1999-02-26,6.5,2322
11196,207768,I Spit on Your Grave 2,7.3517,2013-08-25,6.286,1453
11197,864,Cool Runnings,6.8286,1993-10-01,7.028,2324
11198,243119,a_ética,6.1339,2008-09-28,4.3,3
11199,8012,Get Shorty,7.266,1995-10-20,6.496,1233
11200,1699820,Vibeland Chronicles,6.2742,2026-01-02,4.0,1
11201,603661,The Hating Game,6.2862,2021-12-09,7.27,1217
11202,318624,Ethnic Hui Detachment,6.178,1959-01-01,6.3,5
11203,1072342,Night Swim,7.2606,2024-01-03,5.522,879
11204,975,Paths of Glory,8.1531,1957-10-25,8.252,3326
11205,1128650,The Prosecutor,5.5348,2024-12-08,7.095,232
11206,8292,Four Brothers,8.5422,2005-08-11,6.816,2449
11207,243688,Poltergeist,6.7111,2015-05-20,5.222,2417
11208,2898,As Good as It Gets,6.9372,1997-12-19,7.405,4191
11209,9778,Serendipity,7.7583,2001-10-05,6.963,2169
11210,662539,Porn Freak,6.169,1989-01-01,0.0,0
11211,9600,Big Momma's House,7.5467,2000-05-31,5.825,2502
11212,13765,Scrooge,7.2914,1970-11-05,6.814,167
11213,403649,The Song of First Love,6.4816,1958-12-11,4.583,6
11214,10559,Frequency,6.4944,2000-04-28,7.272,2056
11215,457332,Hidden Strike,6.873,2023-07-06,6.879,1085
11216,1016121,Beautiful Disaster,6.0918,2023-04-04,6.64,906
11217,779782,The School for Good and Evil,6.9883,2022-10-19,7.03,1403
11218,1267637,Mission is Feasible,5.427,2022-10-27,0.0,0
11219,58395,Sweet Toronto,5.9821,1971-11-22,7.1,4
11220,3432,Mr. Brooks,5.4497,2007-05-31,6.927,1915
11221,362345,Extra,5.6711,2015-04-15,4.5,4
11222,446333,Monday Begins on Saturday,6.4897,1965-01-01,4.333,6
11223,2142,Cop Land,6.7424,1997-08-15,6.812,1831
11224,657371,The Second Wife,6.2079,1927-04-17,0.0,0
11225,2654,In the Mouth of Madness,6.9781,1995-02-03,7.203,1952
11226,516571,Luchakali,5.9951,2012-03-29,0.0,0
11227,657512,The Longing,6.0852,2019-12-18,0.0,0
11228,16296,Killer Klowns from Outer Space,5.6916,1988-05-27,6.643,1192
11229,306,Beverly Hills Cop III,6.4973,1994-05-24,5.874,2165
11230,599975,Countdown,7.245,2019-10-24,6.2,2337
11231,1312946,The Map That Leads to You,7.5816,2025-08-19,6.615,334
11232,910571,Fair Play,6.462,2023-09-28,6.349,646
11233,1307078,My Oxford Year,5.757,2025-07-31,7.039,620
11234,47333,Jane Eyre,6.6202,1996-01-20,6.9,247
11235,611698,A Writer's Odyssey,6.8863,2021-02-12,7.061,369
11236,4148,Revolutionary Road,6.266,2008-12-19,7.0,4158
11237,463821,The House with a Clock in Its Walls,7.6471,2018-09-15,6.252,2330
11238,764491,Matir Pahar,6.3657,1959-08-28,0.0,0
11239,10947,High School Musical,6.6217,2006-01-20,6.542,4821
11240,4148,Revolutionary Road,6.266,2008-12-19,7.0,4158
11241,463821,The House with a Clock in Its Walls,7.6471,2018-09-15,6.252,2330
11242,764491,Matir Pahar,6.3657,1959-08-28,0.0,0
11243,10947,High School Musical,6.6217,2006-01-20,6.542,4821
11244,1216571,June and John,6.273,2025-04-17,5.9,64
11245,1461701,Foufo,5.6802,2026-07-09,7.2,5
11246,371729,Moleque Tião,6.1154,1943-12-07,8.0,1
11247,1164,Babel,6.7217,2006-10-26,7.17,4119
11248,477804,Deaf Hearts,5.879,2017-09-23,2.0,3
11249,614917,King Richard,7.232,2021-11-18,7.6,2893
11250,10225,Jason Lives - Friday the 13th Part VI,6.9426,1986-08-01,6.283,1382
11251,1161617,Code 3,5.8236,2025-09-12,7.084,302
11252,648579,The Unbearable Weight of Massive Talent,6.5811,2022-04-20,6.773,2543
11253,2924,Backdraft,6.8512,1991-05-24,6.664,1599
11254,1428,Once Upon a Time in Mexico,6.5135,2003-09-11,6.301,2435
11255,13680,The Game Plan,7.722,2007-09-28,6.511,2225
11256,300389,Madam Phung's Last Journey,7.025,2014-03-24,8.0,4
11257,9437,Kiss the Girls,9.1852,1997-09-29,6.538,1931
11258,1476453,Kirot,5.6088,2025-09-30,5.5,2
11259,591273,Fear Street: 1994,7.0943,2021-06-28,6.686,2707
11260,18190,Dream Lover,6.9595,1993-11-11,6.615,139
11261,133805,Carrie,7.7393,2013-10-16,6.05,4765
11262,534471,Sea is Calling,5.9175,1956-04-30,6.0,1
11263,429469,Old Home,6.122,2016-12-18,0.0,0
11264,325659,Días de poder,6.8641,2011-06-03,0.0,0
11265,667216,Infinity Pool,7.1139,2023-01-27,6.047,1082
11266,881211,Snoopy Presents: For Auld Lang Syne,6.671,2021-12-09,7.2,107
11267,477280,Untamed Butterflies,5.7962,2010-08-20,0.0,0
11268,2609,"Planes, Trains and Automobiles",6.3355,1987-11-26,7.255,2255
11269,59108,Tower Heist,7.3685,2011-11-02,6.12,3223
11270,8005,Robin Hood: Men in Tights,7.5971,1993-07-28,6.613,2340
11271,65057,The Descendants,6.75,2011-09-09,6.834,3106
11272,23631,Machete,6.3826,2010-09-01,6.336,3607
11273,739277,A Lustful Night,5.7403,1993-08-13,4.667,3
11274,446894,Smallfoot,7.2354,2018-09-20,6.816,1644
11275,1484267,Trainwreck: P.I. Moms,6.2753,2025-07-21,5.625,28
11276,451892,Argentine Soldier Only Known by God,5.4912,2017-04-06,8.218,39
11277,863873,Caddo Lake,6.3275,2024-11-28,7.255,542
11278,225176,Metropolitan Andrey,5.8063,2008-09-04,6.2,4
11279,372754,Dou kyu sei – Classmates,6.8324,2016-02-20,8.308,455
11280,863873,Caddo Lake,6.3275,2024-11-28,7.255,542
11281,225176,Metropolitan Andrey,5.8063,2008-09-04,6.2,4
11282,372754,Dou kyu sei – Classmates,6.8324,2016-02-20,8.308,455
11283,19,Metropolis,7.3187,1927-01-10,8.083,3146
11284,455640,Csutak in Front of the Microphone,6.6843,1977-05-02,8.333,3
11285,664553,What We Found,6.5305,2020-07-31,5.032,31
11286,1644713,Exodus 1945: Our Blood,4.6721,2026-02-20,9.0,1
11287,142409,Voice of My Father,5.6339,2012-11-01,4.5,4
11288,636303,Los Fabulosos Cadillacs: La luz del ritmo,6.6429,2008-01-01,0.0,0
11289,15472,The Girl with the Dragon Tattoo,7.4841,2009-02-27,7.532,3266
11290,308188,Erotic Stories,5.7984,1980-03-01,6.5,6
11291,293646,The 33,6.3414,2015-08-06,6.396,1003
11292,1164925,Who was loved by all,5.3442,1982-10-01,0.0,0
11293,10474,The Basketball Diaries,6.5748,1995-04-21,7.401,2247
11294,1425045,Brick,5.6502,2025-07-02,5.8,760
11295,4836,Layer Cake,6.8122,2004-09-30,6.915,2416
11296,2140,Kiss of the Dragon,6.3983,2001-07-06,6.93,1378
11297,360814,Dangal,6.2943,2016-12-21,7.874,1186
11298,585694,Molla Barir Bou,5.9701,2005-12-01,7.0,2
11299,334074,Survivor,8.2565,2015-05-21,5.701,1099
11300,18095,Dragon Ball GT: A Hero's Legacy,5.9017,1997-03-26,6.8,374
11301,13683,Tarzan & Jane,6.6376,2002-06-24,6.046,689
11302,8274,American Pie Presents: Band Camp,6.7459,2005-11-23,5.47,2269
11303,772805,Afandi va Azroil,5.1663,2004-06-22,4.0,1
11304,1139713,The Radleys,6.7314,2024-10-04,5.129,105
11305,4806,Runaway Bride,7.1694,1999-07-30,6.101,2191
11306,286636,Peacetime,6.1527,1980-08-13,6.0,2
11307,907,Doctor Zhivago,6.8664,1965-12-22,7.552,1288
11308,419116,Russian Mom,6.1426,2016-07-28,5.5,26
11309,8488,Hitch,7.0654,2005-02-11,6.585,6304
11310,1500367,Entre sombras,5.2359,2022-07-05,0.0,0
11311,1904,Memoirs of a Geisha,6.6438,2005-12-06,7.637,3424
11312,269076,Abyss,5.3003,1956-06-05,8.0,1
11313,61012,Silent Hill: Revelation 3D,6.4101,2012-10-10,5.549,1900
11314,9571,Dazed and Confused,6.4253,1993-09-24,7.307,2308
11315,291870,Dirty Grandpa,7.6197,2016-01-20,5.938,4632
11316,11622,Blast from the Past,6.9603,1999-02-12,6.791,1247
11317,1076364,Carl's Date,7.2926,2023-06-15,7.4,454
11318,279429,Behind the Monastery Wall,6.3346,1928-01-15,0.0,0
11319,170687,The Boxtrolls,7.7801,2014-09-10,6.723,1835
11320,291870,Dirty Grandpa,7.6197,2016-01-20,5.938,4632
11321,11622,Blast from the Past,6.9603,1999-02-12,6.791,1247
11322,1076364,Carl's Date,7.2926,2023-06-15,7.4,454
11323,279429,Behind the Monastery Wall,6.3346,1928-01-15,0.0,0
11324,170687,The Boxtrolls,7.7801,2014-09-10,6.723,1835
11325,21032,Balto,5.4406,1995-12-22,7.337,2238
11326,17903,A Frozen Flower,6.5174,2008-12-30,6.851,161
11327,15657,Tarzan II,6.9653,2005-06-13,6.096,1248
11328,1287322,Christy,6.1316,2025-10-27,7.13,208
11329,363868,Abrek Zaur,6.1858,1926-01-01,7.5,2
11330,521029,Annabelle Comes Home,7.8841,2019-06-26,6.4,3884
11331,9255,Hot Shots! Part Deux,6.1955,1993-05-21,6.545,2102
11332,192,The Name of the Rose,6.701,1986-09-24,7.495,3354
11333,504253,I Want to Eat Your Pancreas,6.7456,2018-09-01,8.231,1813
11334,1040651,Evening Clouds,6.0976,2022-12-01,0.0,0
11335,11351,Jeepers Creepers 2,6.668,2003-08-08,6.188,1847
11336,10045,District B13,6.7827,2004-11-09,6.822,2028
11337,10003,The Saint,6.5912,1997-04-03,6.117,1274
11338,387592,Early Man,8.6498,2018-01-26,6.144,886
11339,458428,Operación Cannabis,6.0565,2009-11-01,0.0,0
11340,732300,Criminals,6.1284,2015-08-01,5.5,2
11341,57687,Die Beauty,5.7571,2010-09-17,6.5,2
11342,891147,La fuga,6.285,2021-10-27,0.0,0
11343,1329471,Carolina Caroline,5.6534,2026-06-05,6.74,50
11344,4551,Be Cool,6.8993,2005-03-04,5.475,993
11345,522478,Peter Rabbit 2: The Runaway,7.7466,2021-03-25,7.044,906
11346,291008,Legend is Alive,5.9643,2009-09-18,7.0,2
11347,993710,Back in Action,7.3908,2025-01-15,6.422,1538
11348,387843,An Affair: A Dangerous Sexual Play,6.0874,2014-11-27,6.0,1
11349,17422,Summer Palace,6.1521,2006-05-18,7.343,115
11350,1074139,"Flowers in the Mirror, Wind and Moon: The Ghost Returns",6.9226,1987-01-01,0.0,0
11351,11237,Anacondas: The Hunt for the Blood Orchid,6.8464,2004-08-25,5.501,1124
11352,602223,The Forever Purge,8.0219,2021-06-30,6.854,2710
11353,1078023,The King of Snipers,5.7615,2023-01-24,5.636,11
11354,321727,Chuang Tzu Tests His Wife,5.3693,1970-04-17,0.0,0
11355,453956,My Body is Political,6.2514,2017-11-30,7.7,15
11356,10220,Rounders,6.7924,1998-09-11,7.021,1955
11357,219769,Off the Range,6.0898,1975-01-01,6.75,4
11358,74643,The Artist,7.3092,2011-10-12,7.438,3563
11359,1529592,Inner Child,5.3174,,0.0,0
11360,210203,The Favourite Game,6.345,2003-02-28,4.375,8
11361,1276704,53 Sundays,6.6587,2026-03-26,5.9,70
11362,76617,Texas Chainsaw 3D,6.9159,2013-01-03,5.486,1843
11363,15144,Sixteen Candles,7.2877,1984-05-04,6.754,2234
11364,530318,Younger Sister,6.7633,1974-08-14,3.75,4
11365,485767,Gangster Girls,6.2393,2016-11-23,0.0,0
11366,11322,Public Enemies,7.5738,2009-07-01,6.685,4904
11367,8130,Desperately Seeking Susan,5.8669,1985-03-29,6.072,519
11368,398459,Ascension,5.2394,2016-05-17,0.0,0
11369,1312871,Pintor at paraluman,6.2049,2024-08-16,5.917,6
11370,1030391,Requiem para Foguel,6.1165,,0.0,0
11371,362992,When Joseph Returns,5.4601,1976-01-01,8.0,1
11372,356414,Agora: From Democracy to the Market,5.3373,2015-01-15,6.8,6
11373,1363903,True Beauty: The Movie - Part 2,5.7413,2025-05-01,8.0,4
11374,466508,October Days,6.6222,1958-01-01,5.6,5
11375,1209293,Parejita Feliz,5.3008,2023-10-10,8.0,1
11376,793387,Holy Night: Demon Hunters,6.9634,2025-04-30,6.905,110
11377,218836,Planes: Fire & Rescue,6.9896,2014-07-17,6.205,938
11378,9315,Flightplan,6.4839,2005-09-22,6.444,3020
11379,67395,L.E.T.H.A.L. Ladies: Return to Savage Beach,6.1925,1998-01-27,6.031,227
11380,1209293,Parejita Feliz,5.3008,2023-10-10,8.0,1
11381,793387,Holy Night: Demon Hunters,6.9634,2025-04-30,6.905,110
11382,218836,Planes: Fire & Rescue,6.9896,2014-07-17,6.205,938
11383,9315,Flightplan,6.4839,2005-09-22,6.444,3020
11384,67395,L.E.T.H.A.L. Ladies: Return to Savage Beach,6.1925,1998-01-27,6.031,227
11385,654974,Home Sweet Home Alone,7.4012,2021-11-11,4.832,705
11386,2207,16 Blocks,6.9465,2006-03-01,6.457,2140
11387,1440,Little Children,6.4904,2006-10-06,7.1,1178
11388,768362,Missing,6.8438,2023-01-19,7.39,1310
11389,1733418,Ürei,4.9879,,0.0,0
11390,65496,Student Services,6.7085,2010-01-18,5.312,146
11391,13363,The Man from Earth,6.3793,2007-06-10,7.627,2974
11392,1143961,Weavers,5.5876,1973-12-16,0.0,0
11393,664280,David Attenborough: A Life on Our Planet,7.0525,2020-09-28,8.431,450
11394,767985,Um Dia de Colera,6.2431,2019-06-13,0.0,0
11395,681385,Dmitro Goritsvit,5.7026,1962-02-26,7.0,1
11396,376290,Miss Sloane,7.8448,2016-11-25,7.402,2004
11397,625976,It Feels So Good,6.1019,2019-08-23,6.615,48
11398,10126,Colors,6.1434,1988-04-15,6.507,552
11399,1134463,Dreams,6.24,2025-07-10,6.082,92
11400,1513646,La face cachée de l'homme en noir,3.699,2025-07-16,6.8,5
11401,419479,The Babysitter,7.4221,2017-10-13,6.189,3953
11402,1285669,LifeHack,7.1378,2026-05-15,7.364,11
11403,811321,The Persons Suffering from AIDS,6.0464,1988-01-01,7.0,1
11404,1132079,Survive,5.8186,2022-05-12,4.6,52
11405,9907,Barnyard,8.3074,2006-08-04,5.956,1207
11406,1230368,Springsteen: Deliver Me from Nowhere,5.6961,2025-10-22,6.651,327
11407,109431,Identity Thief,6.693,2013-02-07,5.85,3542
11408,987642,Arulmozhi,5.5406,2022-06-16,0.0,0
11409,70006,Never Back Down 2: The Beatdown,6.4746,2011-09-13,6.489,706
11410,11808,U.S. Marshals,6.9607,1998-03-06,6.543,1840
11411,53168,King of Comedy,5.6029,1999-02-08,7.367,214
11412,1338660,Primavera Preta,5.3436,2024-09-07,0.0,0
11413,1051896,Arcadian,6.0657,2024-04-12,6.086,924
11414,623117,Black Sun,5.9571,2019-08-12,5.0,4
11415,7978,The Wolfman,7.5278,2010-02-10,5.895,2216
11416,49017,Dracula Untold,7.1697,2014-10-01,6.465,6574
11417,87093,Big Eyes,6.8211,2014-12-24,6.968,3638
11418,370391,A Simple Goodbye,5.9546,2015-11-24,6.0,2
11419,1268609,Pavane,7.0588,2026-02-19,7.362,58
11420,17609,Antichrist,6.4895,2009-05-20,6.62,2876
11421,9488,Spy Kids 2: The Island of Lost Dreams,7.2069,2002-08-07,5.649,2372
11422,248768,Vakvagányok,5.859,2001-01-13,5.5,2
11423,185058,Crush,5.5082,2000-06-21,5.929,14
11424,11451,Herbie Fully Loaded,6.6616,2005-06-19,5.838,2455
11425,428855,The Oxcart,5.7979,1970-01-02,0.0,0
11426,173185,It Boy,6.6078,2013-03-06,6.516,1606
11427,1678,Godzilla,6.2215,1954-11-03,7.6,1128
11428,487171,Hard Season,5.9037,2012-01-01,0.0,0
11429,11653,The Myth,6.3429,2005-05-11,6.414,429
11430,6023,P.S. I Love You,7.6111,2007-11-15,7.175,3516
11431,1426297,Play Dead,5.9315,2025-03-29,6.2,70
11432,9384,Starsky & Hutch,6.5751,2004-03-05,5.821,2553
11433,97370,Under the Skin,7.0497,2014-03-14,6.1,3870
11434,8346,My Big Fat Greek Wedding,6.4499,2002-04-19,6.499,2321
11435,7090,Ken Park,6.0674,2003-01-30,5.992,692
11436,286457,A Sunday in October,5.814,1979-08-11,6.0,2
11437,141123,Stay Tuned for Terror,5.7278,1965-01-01,6.2,5
11438,467937,The Romantics,6.1037,1941-12-26,9.0,1
11439,642494,Love at First Sight,6.9128,1975-12-01,5.8,8
11440,1553949,The Killer of Swordsmen,8.6349,2025-10-18,5.0,2
11441,1440049,Preschool,6.0295,2026-03-17,6.1,8
11442,1040827,Araal,5.8265,2022-10-27,0.0,0
11443,522518,A Dog's Journey,6.1757,2019-05-03,8.055,1638
11444,9594,Double Impact,7.3443,1991-07-31,6.217,1235
11445,662397,Goldberg Variations,5.7065,1991-01-01,10.0,1
11446,1010182,Refúgio,5.5813,2022-05-18,0.0,0
11447,1462591,Hot Line,5.5462,2025-10-28,7.5,2
11448,6623,The Peacemaker,6.6759,1997-09-26,6.05,1143
11449,472208,You Can't Take an Island with You,5.927,1980-09-30,6.0,4
11450,980026,The Promised Land,6.6663,2023-10-05,7.677,605
11451,450162,Maturitá,5.8353,2016-04-15,5.5,2
11452,660779,The Coronation,5.934,2019-09-25,0.0,0
11453,280034,Ksenophilia,5.9134,2012-01-01,0.0,0
11454,310593,Youth,6.6793,2015-05-20,6.899,2234
11455,371462,Mammal,6.2315,2016-04-01,6.3,49
11456,1559575,Kafir: The Spirit Gate,5.6921,2026-01-29,6.273,11
11457,923213,Beasts,5.9078,2019-05-31,0.0,0
11458,11663,The Commitments,6.0195,1991-08-14,7.3,615
11459,7364,Sahara,6.2771,2005-04-06,5.919,1677
11460,11663,The Commitments,6.0195,1991-08-14,7.3,615
11461,7364,Sahara,6.2771,2005-04-06,5.919,1677
11462,93162,Jibon Theke Neya,6.4084,1970-03-09,9.4,7
11463,13633,Bad Boys,6.5066,1983-03-25,6.985,310
11464,398222,Yongju Valley,5.7074,2015-11-19,4.571,7
11465,11979,Queen of the Damned,6.2539,2002-02-10,6.111,1190
11466,49494,The Eagle,7.2462,2011-02-08,6.236,1443
11467,7552,Fun with Dick and Jane,6.3811,2005-12-21,6.225,2717
11468,1073,Arlington Road,6.2869,1999-03-19,7.033,1273
11469,901563,Close,7.0159,2022-11-01,7.8,1033
11470,272693,The DUFF,7.345,2015-02-20,6.759,4488
11471,12120,My Stepmother Is an Alien,6.0603,1988-12-09,5.8,605
11472,1051,The French Connection,6.1974,1971-10-09,7.492,2167
11473,463555,Estranha Ligação,5.9337,2015-11-07,8.0,1
11474,515195,Yesterday,6.6514,2019-06-26,6.686,4308
11475,476709,Crónica Parisiense,5.338,2011-01-01,0.0,0
11476,10673,Wall Street,6.4784,1987-12-10,7.164,2282
11477,713364,Clown in a Cornfield,7.5992,2025-05-02,6.1,588
11478,37797,Whisper of the Heart,7.773,1995-07-15,7.943,2322
11479,1572073,The Deadly Little Mermaid,5.8611,2026-03-06,4.865,26
11480,10204,Around the World in 80 Days,6.9055,2004-06-16,5.955,2754
11481,276118,Cyclists in Love,5.4966,1965-06-11,7.0,2
11482,5425,Beyond the Darkness,5.8419,1979-11-15,6.474,190
11483,662702,Mother's Seduction 2,7.1815,2020-01-09,5.5,2
11484,160745,Beyond the Grave,5.4739,2010-09-09,4.778,9
11485,721744,King's Feast,6.1747,2019-05-20,5.0,1
11486,10957,The Black Cauldron,6.961,1985-07-24,6.443,1458
11487,10663,The Waterboy,6.844,1998-11-06,6.059,2063
11488,295830,Attack on Titan,6.7224,2015-08-01,6.124,844
11489,76640,The Last Stand,6.7016,2013-01-12,6.094,3026
11490,30924,Motel Hell,4.2733,1980-08-14,5.784,269
11491,58431,Pride and Prejudice and Zombies,6.9413,2016-02-04,6.164,2336
11492,8388,¡Three Amigos!,6.574,1986-12-12,6.332,1185
11493,766067,Helena faces a Dream Guardian: Test,5.7943,2021-08-01,7.0,1
11494,6537,The Orphanage,7.1427,2007-05-20,7.231,3169
11495,11838,Ju-on: The Grudge,6.3058,2002-10-18,6.764,977
11496,98008,Attraction,7.5472,1969-02-26,4.8,25
11497,1127166,The Tearsmith,6.3498,2024-04-03,6.481,984
11498,700,Octopussy,7.3542,1983-06-05,6.358,2254
11499,373854,Présence,6.4155,2013-07-17,0.0,0
11500,13690,Open Season 2,8.4944,2008-09-24,5.878,1329
11501,370755,Paterson,4.8953,2016-11-17,7.119,2087
11502,455730,Break Through the Wu River,6.1699,1961-01-01,5.75,4
11503,1530811,Going Pop,5.3096,2025-08-13,0.0,0
11504,1523667,69,6.0532,2025-08-22,6.6,7
11505,386874,Bad Class,6.6082,2015-12-31,4.0,3
11506,1591919,Caught by Love,6.4567,2026-01-24,6.5,11
11507,9090,"To Wong Foo, Thanks for Everything! Julie Newmar",6.4112,1995-09-08,7.452,825
11508,9922,The Postman,6.7666,1997-12-25,6.267,1216
11509,768878,Espero que Esta te Encontre e que Estejas Bem,5.083,2022-06-09,8.0,1
11510,760873,The Colony,6.5807,2021-08-26,5.738,364
11511,86838,Seven Psychopaths,6.5648,2012-10-12,6.817,4337
11512,776148,The Flying Boy,6.0332,2015-03-19,7.0,1
11513,10320,The Ring Two,6.5541,2005-03-10,5.754,2497
11514,1579232,Jesus Freaks,5.2268,,0.0,0
11515,697117,Distorção,6.3498,2019-08-16,0.0,0
11516,1690,Hostel,6.6728,2006-01-06,5.967,4008
11517,520758,Chicken Run: Dawn of the Nugget,7.075,2023-12-08,6.939,915
11518,329440,The Forest,7.302,2016-01-07,5.232,1885
11519,1637212,Second Case of Seetharam,6.3114,2026-02-20,0.0,0
11520,1690,Hostel,6.6728,2006-01-06,5.967,4008
11521,520758,Chicken Run: Dawn of the Nugget,7.075,2023-12-08,6.939,915
11522,329440,The Forest,7.302,2016-01-07,5.232,1885
11523,1637212,Second Case of Seetharam,6.3114,2026-02-20,0.0,0
11524,442567,Selection,6.1176,1970-02-19,8.0,2
11525,1636,Bedazzled,6.4631,2000-10-19,6.1,2154
11526,849,Krull,6.3806,1983-07-29,6.039,630
11527,592153,Empty Horses,5.4405,2019-03-01,4.3,3
11528,109689,I Want You,6.6032,2012-06-22,7.5,1973
11529,42006,Red Sorghum,5.0265,1988-10-10,7.2,247
11530,54989,Love Strange Love,6.0153,1982-01-11,5.845,71
11531,13192,Moonwalker,6.3358,1988-10-29,7.099,678
11532,986425,A Name Written in Water,5.7652,2021-11-02,6.0,1
11533,1429605,F Valentine's Day,6.8954,2026-02-12,5.974,76
11534,1119090,I Am Frankelda,6.2859,2025-10-23,8.061,114
11535,4141,Shoot 'Em Up,7.4359,2007-07-26,6.51,2141
11536,513691,The Debt Collector,7.1431,2018-06-05,5.817,257
11537,580192,The Tsar's Bride - Bolshoi,5.1935,2018-11-15,0.0,0
11538,47964,A Good Day to Die Hard,6.627,2013-02-06,5.329,6817
11539,924482,The Ledge,6.16,2022-02-18,6.578,415
11540,398173,The House That Jack Built,6.7864,2018-10-04,7.112,3105
11541,14919,Batman: Mask of the Phantasm,6.4281,1993-12-25,7.504,1271
11542,1412113,Squid Game: Making Season 2,6.339,2025-01-02,8.352,456
11543,1383247,Agent Zero,5.7619,2025-08-06,5.63,46
11544,1412,"sex, lies, and videotape",6.5194,1989-08-04,6.954,1054
11545,74308,Detachment,6.8627,2011-04-24,7.627,2045
11546,4244,The Kid,6.2519,2000-07-07,6.785,1156
11547,685833,What Happened at the Carpenter's Shop,6.2577,2020-03-05,5.4,10
11548,424349,Chungul,5.5069,2016-10-27,2.667,3
11549,359607,Talakjung vs Tulke,5.5431,2014-10-31,8.0,2
11550,123553,The Mortal Instruments: City of Bones,6.5289,2013-08-21,6.425,4674
11551,17824,Private Resort,6.1656,1985-05-03,5.717,237
11552,1036045,Paradesi Babu,6.1562,1999-12-03,0.0,0
11553,492188,Marriage Story,6.7361,2019-09-28,7.732,7483
11554,213,North by Northwest,7.4973,1959-08-06,7.964,4564
11555,1734912,Semusim Rindu,5.181,2017-01-01,0.0,0
11556,2157,Lost in Space,6.4919,1998-04-03,5.444,1346
11557,533256,An Eye for an Eye,6.2038,1925-01-25,6.833,3
11558,264644,Room,6.9529,2015-10-16,7.99,9759
11559,1000931,南海的早晨,5.5815,1964-12-01,0.0,0
11560,2157,Lost in Space,6.4919,1998-04-03,5.444,1346
11561,533256,An Eye for an Eye,6.2038,1925-01-25,6.833,3
11562,264644,Room,6.9529,2015-10-16,7.99,9759
11563,1000931,南海的早晨,5.5815,1964-12-01,0.0,0
11564,1086747,The Watchers,7.5239,2024-06-06,6.354,1666
11565,973161,The Falling Angels,5.5101,2022-06-05,0.0,0
11566,250480,The Many Adventures of Winnie the Pooh,6.5597,1977-03-11,7.241,1182
11567,17835,Threads,6.1456,1984-09-23,7.635,425
11568,23172,The Spy Next Door,6.3086,2010-01-15,5.894,1437
11569,483074,Sentinel Under the Neon Lights,5.8508,1964-10-23,9.0,1
11570,813785,Beiman,6.0806,1974-12-31,0.0,0
11571,329833,Zoolander 2,6.4048,2016-02-06,4.927,2411
11572,1154538,Nirvanna the Band the Show the Movie,5.87,2026-02-02,7.5,93
11573,7520,Cocktail,10.4832,1988-07-29,6.115,1646
11574,303746,Timur Novikov: Zero Object,6.0603,2014-01-01,5.7,3
11575,864168,Joy Ride,7.9761,2023-06-22,6.503,498
11576,510792,Bye Bye Dubai,6.167,2016-09-02,0.0,0
11577,1443803,Locked In,5.1284,2023-12-07,0.0,0
11578,921,Cinderella Man,7.1529,2005-06-02,7.584,2453
11579,12113,Body of Lies,7.2999,2008-10-09,6.634,3382
11580,1501204,I Am a Plaything,5.7274,2025-06-14,0.0,0
11581,1058694,Radical,6.2065,2023-10-19,8.336,511
11582,455980,Tag,7.1884,2018-05-30,6.71,3485
11583,1049942,Bambi: The Reckoning,6.2485,2025-07-11,5.779,192
11584,375262,The Favourite,7.3029,2018-11-23,7.484,5974
11585,18501,Gamer,5.9106,2009-09-03,5.692,2673
11586,487558,BlacKkKlansman,7.4881,2018-08-09,7.488,8171
11587,73456,Barbie: Princess Charm School,7.002,2011-08-11,7.544,881
11588,421223,La máscara,5.7312,1977-07-31,6.625,4
11589,923667,Twilight of the Warriors: Walled In,6.0729,2024-05-01,7.002,464
11590,267193,Grimsby,6.439,2016-02-24,5.948,2550
11591,121856,Assassin's Creed,6.24,2016-12-21,5.446,8189
11592,484133,Nude,5.819,2017-10-29,9.4,168
11593,664767,Mortal Kombat Legends: Scorpion's Revenge,6.2303,2020-04-12,8.098,1510
11594,241554,Run All Night,7.1904,2015-03-11,6.4,3008
11595,396943,The Captain's Daughter,6.1884,1928-10-08,5.0,2
11596,923,Dawn of the Dead,6.7271,1978-09-02,7.489,2337
11597,339984,Miracles from Heaven,5.758,2016-03-17,7.447,1284
11598,848187,Role Play,6.9552,2023-12-14,5.989,656
11599,3034,Young Frankenstein,6.2512,1974-12-15,7.853,3441
11600,334693,Hollow,5.4544,2014-07-18,7.5,4
11601,280027,Beautiful Woman,5.7417,2012-01-01,0.0,0
11602,11152,The Ruins,6.3619,2008-04-02,5.947,1471
11603,216282,Into the Storm,6.8888,2014-08-06,6.064,2199
11604,895197,They Were to Cross the River,5.7653,2021-11-20,0.0,0
11605,466040,D'un Commun à Corps,6.0097,2016-12-31,0.0,0
11606,51608,The Man from Nowhere,6.6207,2010-08-04,7.694,1515
11607,268180,Fire,5.6637,2011-05-05,1.0,1
11608,660942,The Innocents,5.7224,2021-09-03,6.894,753
11609,202658,Bébé apache,5.9656,1910-12-24,8.0,1
11610,10153,Sphere,6.5209,1998-02-13,6.141,1862
11611,652751,Heart of Spring,6.0914,1982-01-01,10.0,1
11612,814338,Lady Chatterley's Lover,5.8661,2022-11-22,6.7,535
11613,263742,Andhaman Kaidhi,5.8738,1952-03-13,10.0,1
11614,310111,Brasil Santo - Retratos da Fé,6.0465,2009-02-10,0.0,0
11615,2787,Pitch Black,6.3168,2000-02-18,6.87,4879
11616,492166,Russell Howard: Recalibrate,6.1877,2017-12-19,7.463,54
11617,10461,Get Carter,5.6663,2000-10-06,5.218,669
11618,514999,Murder Mystery,6.3969,2019-05-25,6.255,4852
11619,10110,Empire of the Sun,7.2865,1987-12-09,7.516,2167
11620,13417,Kronk's New Groove,6.4381,2005-12-05,6.414,1366
11621,323151,Grey Morning,6.1448,1969-10-08,7.6,7
11622,249,The War of the Roses,6.5574,1989-12-08,6.91,1267
11623,3512,Under Siege 2: Dark Territory,6.5138,1995-07-13,5.861,1045
11624,380265,Battle Of The Brides 2,5.3901,2014-01-16,3.0,1
11625,987917,Old Dads,6.2775,2023-10-20,6.198,479
11626,820,JFK,6.2489,1991-12-20,7.592,2457
11627,414064,PERSONA5 the Animation - THE DAY BREAKERS -,5.5103,2016-09-03,7.4,15
11628,806368,The Son,7.0901,2022-11-10,6.75,583
11629,13460,Doomsday,6.5508,2008-03-14,5.939,1425
11630,10497,Bitter Moon,6.6447,1992-09-02,7.099,861
11631,1536233,The Summoning of Baby Blue,5.4719,2025-10-15,5.1,29
11632,1022690,Ricky Stanicky,5.1053,2024-03-07,6.531,818
11633,1734957,Seharum Mawar,4.7194,,0.0,0
11634,197158,Porno!,5.7431,1981-01-01,5.141,85
11635,791177,Bones and All,8.0018,2022-11-18,6.992,1662
11636,6279,Sister Act 2: Back in the Habit,6.666,1993-12-09,6.376,1978
11637,1426964,State of Fear,6.77,2026-02-10,5.743,74
11638,82633,Lawless,6.7482,2012-08-29,7.07,3380
11639,440021,Happy Death Day,7.6662,2017-10-12,6.659,6631
11640,408094,La familia Figueroa: una dinastía musical,6.0768,2015-10-04,0.0,0
11641,871172,Long Live Belarus,5.7877,2021-11-11,9.0,2
11642,1294911,Mon Potongo,7.1726,2025-03-07,10.0,1
11643,554426,Bulbul,5.8496,2019-02-15,8.0,1
11644,1172971,Не лечится,5.1312,2023-08-18,0.0,0
11645,138402,The Blueberry War,5.5723,2007-10-26,4.5,2
11646,722194,Poramon,5.6897,2013-06-14,0.0,0
11647,1507275,A Paw Patrol Christmas,6.3693,2025-10-30,7.4,24
11648,37523,Envy,5.7224,2009-08-08,5.608,37
11649,507241,The Killer's Game,6.8885,2024-09-12,6.4,573
11650,22512,"Sex, Shame & Tears",6.1824,1999-06-18,6.648,155
11651,9053,DOA: Dead or Alive,6.3945,2006-09-07,5.263,934
11652,9292,Hudson Hawk,6.5563,1991-05-23,5.726,1159
11653,4909,The Day of the Jackal,6.174,1973-05-16,7.5,692
11654,574060,Gunpowder Milkshake,6.1868,2021-07-14,6.269,1181
11655,1371151,Off the Grid,5.9276,2025-06-27,6.44,125
11656,473008,The Party and the Barking,5.5588,2015-03-21,6.0,2
11657,13342,Fast Times at Ridgemont High,7.4105,1982-08-13,6.8,1394
11658,1618945,Yoh! Bestie,5.4447,2026-02-06,6.255,47
11659,5123,August Rush,5.6128,2007-10-18,7.421,2856
11660,502033,Sound of Metal,6.2355,2020-11-20,7.701,2886
11661,83899,You're Next,6.404,2013-08-22,6.6,2721
11662,451,Leaving Las Vegas,5.6648,1995-10-27,7.257,1686
11663,802663,The Bureau,5.9472,2020-12-01,0.0,0
11664,73567,Killer Joe,7.7721,2012-06-07,6.525,1598
11665,76649,Pompeii,6.8871,2014-02-18,5.549,3425
11666,454227,Outlaw King,6.3476,2018-09-06,6.83,1715
11667,297608,The Taking of Deborah Logan,6.5586,2014-10-21,6.6,1511
11668,7508,Like Stars on Earth,6.2842,2007-12-21,7.983,1376
11669,535544,Downton Abbey,6.4024,2019-09-12,7.141,1276
11670,6615,Lars and the Real Girl,6.4892,2007-10-12,7.202,2120
11671,338238,Ivanna,5.6616,1960-04-14,8.0,2
11672,1160018,Kill,6.0571,2024-07-03,7.139,513
11673,231164,Sweet Whip,5.6295,2013-09-21,5.9,30
11674,489817,Andro,5.865,2017-12-04,0.0,0
11675,447063,Xetá,5.7002,2010-03-15,0.0,0
11676,606,Out of Africa,7.3205,1985-12-20,7.154,1553
11677,51620,Death Race 2,6.8224,2010-11-12,5.9,1220
11678,256961,Paul Blart: Mall Cop 2,6.6568,2015-04-16,5.171,1712
11679,29926,Dead Boyz Don't Scream,5.7297,2006-11-02,3.5,10
11680,447063,Xetá,5.7002,2010-03-15,0.0,0
11681,606,Out of Africa,7.3205,1985-12-20,7.154,1553
11682,51620,Death Race 2,6.8224,2010-11-12,5.9,1220
11683,256961,Paul Blart: Mall Cop 2,6.6568,2015-04-16,5.171,1712
11684,29926,Dead Boyz Don't Scream,5.7297,2006-11-02,3.5,10
11685,510980,Ba Vợ Cưới Vợ Ba,5.8846,2016-12-25,0.0,0
11686,1013763,It’s 50 euros,5.9451,2021-12-24,0.0,0
11687,878608,Resurrection,5.8654,2025-11-22,7.2,106
11688,360669,Harlequin and Her Lover,5.9329,1966-09-19,8.0,2
11689,347201,Boruto: Naruto the Movie,6.5953,2015-08-07,7.461,1667
11690,436279,The Citizen,5.651,2017-01-26,6.7,9
11691,703,Annie Hall,5.0971,1977-04-19,7.723,4289
11692,393345,Cult of Chucky,6.6954,2017-10-12,5.9,1426
11693,150100,Sun of the Sleepless,5.8898,1992-03-01,5.667,15
11694,11906,Suspiria,5.0572,1977-02-01,7.468,3219
11695,20048,Confessions of a Shopaholic,7.0678,2009-02-05,6.489,2780
11696,417384,Scary Stories to Tell in the Dark,7.1368,2019-08-08,6.489,2902
11697,538806,Goodbye Pharaohs!,5.6979,1975-01-13,8.0,2
11698,1145758,Birder,6.1327,2023-08-11,4.8,9
11699,1102536,Black Candle of the Bright Road. In memory of Vasyl Stus,5.7951,1992-01-06,0.0,0
11700,417384,Scary Stories to Tell in the Dark,7.1368,2019-08-08,6.489,2902
11701,538806,Goodbye Pharaohs!,5.6979,1975-01-13,8.0,2
11702,1145758,Birder,6.1327,2023-08-11,4.8,9
11703,1102536,Black Candle of the Bright Road. In memory of Vasyl Stus,5.7951,1992-01-06,0.0,0
11704,950891,The Sales Girl,5.024,2023-11-15,0.0,0
11705,34433,Dragon Ball Z: Broly - The Legendary Super Saiyan,5.8721,1993-03-06,7.3,1018
11706,65759,Happy Feet Two,6.4398,2011-11-17,6.213,1745
11707,508935,The Eight Hundred,5.5815,2020-08-14,7.045,345
11708,1326106,Kaiju No. 8: Mission Recon,6.1645,2025-03-28,8.03,99
11709,395014,Time to Mature,5.4885,1976-04-28,7.0,2
11710,911835,Aunt,5.4561,2021-07-28,5.667,3
11711,630868,SP Woman - Beautiful Sacrifice,6.9193,2012-02-24,0.0,0
11712,242828,When Marnie Was There,6.2064,2014-07-19,7.931,1998
11713,11259,Far and Away,6.1505,1992-05-22,6.778,1325
11714,81481,Silenced,5.6541,2011-09-22,8.2,791
11715,431580,Abominable,7.1724,2019-09-19,7.452,2202
11716,13333,Game of Death,6.7747,1978-03-23,6.384,747
11717,1016084,BlackBerry,6.1304,2023-02-13,7.169,937
11718,438147,Könnyű múzsa,5.5512,1947-11-30,8.667,3
11719,1278950,The Ritual,7.566,2025-04-18,5.871,284
11720,4550,Lady Vengeance,5.994,2005-07-29,7.519,1984
11721,933088,The Abandon,6.0536,2024-07-19,4.614,44
11722,1568546,Onde Raktha,4.7656,1984-06-01,10.0,1
11723,6964,Something's Gotta Give,6.4693,2003-12-12,6.63,1789
11724,7442,Sleeping with the Enemy,6.1131,1991-01-13,6.51,1249
11725,1139566,Through My Window 3: Looking at You,5.6379,2024-02-23,6.862,683
11726,1628367,Kartavya,5.6694,2026-05-15,6.897,29
11727,41093,Moscow Square,5.2606,2001-09-20,6.964,28
11728,64335,Fig Jam,5.5983,2011-02-11,6.2,94
11729,40805,The Green Hornet,7.0371,2011-01-12,5.597,3524
11730,875202,The Nest,5.3697,2020-10-12,0.0,0
11731,1039465,WE. NEVER. STOP.,5.4515,2022-10-08,0.0,0
11732,530442,"My Teacher, My Obsession",6.2077,2018-06-12,4.9,110
11733,968,Dog Day Afternoon,6.8245,1975-09-21,7.851,3432
11734,1081347,Kathantara,5.4443,2005-12-29,0.0,0
11735,703206,FEAR,5.6462,2021-07-13,0.0,0
11736,1295400,The Last Viking,6.3939,2025-10-09,7.28,205
11737,11069,Tremors 2: Aftershocks,6.876,1996-04-09,6.4,1082
11738,22949,Old Dogs,6.6775,2009-11-24,5.563,798
11739,9825,Lake Placid,6.3939,1999-07-15,5.94,1277
11740,1295400,The Last Viking,6.3939,2025-10-09,7.28,205
11741,11069,Tremors 2: Aftershocks,6.876,1996-04-09,6.4,1082
11742,22949,Old Dogs,6.6775,2009-11-24,5.563,798
11743,9825,Lake Placid,6.3939,1999-07-15,5.94,1277
11744,615904,Marry Me,7.8266,2022-02-09,6.604,1116
11745,853376,Villa Maids,5.9699,2021-05-21,2.5,2
11746,1151949,The Shadow Strays,5.7148,2024-09-10,7.248,336
11747,8814,Doom,6.3758,2005-10-20,5.2,2492
11748,492644,Soy Luna: Live Concert,6.2417,2017-12-10,8.2,61
11749,1034943,The Last Knight,5.6586,2022-10-03,0.0,0
11750,743466,Butterfly on the Windowpane,5.4702,2020-10-26,7.0,1
11751,826,The Bridge on the River Kwai,6.8802,1957-10-11,7.819,2407
11752,9766,Gridiron Gang,6.9055,2006-09-15,7.069,1114
11753,36073,Guinea Pig Part 2: Flower of Flesh and Blood,5.6361,1985-10-07,4.6,139
11754,8290,Don't Look Now... We're Being Shot At!,6.1972,1966-12-08,7.927,1476
11755,9886,Johnny Mnemonic,6.1418,1995-05-26,5.761,1557
11756,623,A Fish Called Wanda,6.1296,1988-07-15,7.212,2467
11757,131219,East from the West or The Discreet Charm of the Media,6.076,1994-03-03,10.0,1
11758,11008,Major Payne,6.2642,1995-03-24,6.488,915
11759,37707,Splice,6.5358,2010-06-03,5.888,2481
11760,306819,The Danish Girl,6.5591,2015-11-27,7.542,5982
11761,114168,Perras,6.0973,2011-03-04,7.282,316
11762,363358,Reduit,6.2237,2014-10-10,0.0,0
11763,882209,Terrorist Command,5.8672,1992-10-08,6.0,1
11764,645788,The Protégé,7.9232,2021-08-19,6.55,1171
11765,76285,Percy Jackson: Sea of Monsters,5.0698,2013-08-07,6.03,5419
11766,1310568,Murder at the Embassy,5.8889,2025-11-14,6.009,56
11767,301502,Blonde,6.3553,2022-09-16,5.892,1541
11768,669398,Días rojos,5.743,2004-10-01,7.0,3
11769,1288072,Keeper,6.0366,2025-11-12,5.686,298
11770,1047034,Stillness in the Wave,5.1679,2022-09-08,0.0,0
11771,22164,Blood and Bone,6.5073,2009-02-07,7.364,908
11772,415842,American Assassin,7.189,2017-07-14,6.41,3291
11773,358898,Meghmallar,5.8521,2014-12-12,6.0,1
11774,339527,Solace,6.3614,2015-09-03,6.435,2412
11775,406952,How's Your Prostrate?,5.9525,2016-11-09,7.5,1
11776,1530510,Mexico 86,6.3435,2026-05-21,7.8,107
11777,763165,The Burial,7.5723,2023-10-06,7.09,636
11778,37821,Killers,6.4619,2010-06-04,5.955,2335
11779,734640,The Wages of Sin,5.4355,2017-02-01,0.0,0
11780,1530510,Mexico 86,6.3435,2026-05-21,7.8,107
11781,763165,The Burial,7.5723,2023-10-06,7.09,636
11782,37821,Killers,6.4619,2010-06-04,5.955,2335
11783,734640,The Wages of Sin,5.4355,2017-02-01,0.0,0
11784,521777,Good Boys,7.6357,2019-08-14,6.829,2042
11785,312165,Sanã,5.7889,2013-04-04,6.0,1
11786,458670,The Flaming Rocks Treasure,5.5804,1969-08-18,5.0,1
11787,728761,Battlefield Orchid,5.6854,2012-10-20,0.0,0
11788,390062,Jungle,7.9035,2017-06-27,6.663,2169
11789,75674,Act of Valor,7.5356,2012-02-24,6.559,1277
11790,1031084,The Currents,5.7866,2025-11-13,6.1,5
11791,1639398,Mexican Psycho,5.5265,2026-03-19,7.12,100
11792,470,21 Grams,6.7435,2003-11-18,7.315,3443
11793,51482,Death Note Relight 1: Visions of a God,5.8889,2007-08-31,7.895,396
11794,8373,Transformers: Revenge of the Fallen,5.7881,2009-06-19,6.225,9294
11795,818397,Memory,7.3682,2022-04-28,6.728,1693
11796,2642,Two Weeks Notice,7.1037,2002-12-19,6.366,2242
11797,19959,Surrogates,7.8941,2009-09-24,6.155,3495
11798,1020883,1 week,5.3246,2004-05-02,0.0,0
11799,9718,Talladega Nights: The Ballad of Ricky Bobby,6.2792,2006-08-04,6.368,1944
11800,1620464,Película Cero,4.8968,2025-12-14,10.0,1
11801,1725909,Asesino Perfecto,5.3332,2026-07-24,0.0,0
11802,1538497,Hexed,6.4526,2026-11-25,0.0,0
11803,462252,Lô Tô,5.6773,2017-03-31,5.0,1
11804,1715,The Cider House Rules,7.3366,1999-12-17,7.091,1312
11805,1333100,Attack on Titan: THE LAST ATTACK,6.2202,2024-03-20,8.7,225
11806,387936,Trinkets and Dark Thoughts,6.1932,2016-03-15,4.2,5
11807,549185,The Last Breakfast,5.8067,2008-01-01,0.0,0
11808,10536,The Italian Job,6.2517,1969-06-02,6.932,878
11809,10925,The Return of the Living Dead,6.6632,1985-04-25,7.194,2328
11810,986097,HIM,6.4781,2025-09-18,5.7,433
11811,594075,The Guru,5.6869,2019-04-10,0.0,0
11812,1883,Malcolm X,6.5725,1992-11-18,7.554,1947
11813,32292,Guinea Pig: Mermaid in the Manhole,5.5495,1988-07-25,5.5,70
11814,439632,The Boy With The Bridle,5.4408,1974-02-05,7.0,1
11815,400157,Wonder Park,8.2221,2019-03-13,6.564,770
11816,1602337,Parimala and Co,4.6807,2026-06-05,6.25,4
11817,3563,I Now Pronounce You Chuck & Larry,6.6612,2007-07-12,6.095,2568
11818,1712,Giant,5.9858,1956-11-08,7.6,769
11819,11968,Into the Blue,6.914,2005-09-30,5.9,1671
11820,11968,Into the Blue,6.914,2005-09-30,5.9,1671
11821,1955,The Elephant Man,7.0151,1980-10-09,8.049,3989
11822,11074,Striking Distance,5.7668,1993-09-17,5.9,962
11823,790204,The End of Innocence,5.582,2021-01-24,0.0,0
11824,619297,Sweet Girl,7.273,2021-08-18,6.579,1303
11825,12233,Oliver & Company,6.73,1988-11-18,6.738,1728
11826,398329,El maletín,5.5544,2013-07-24,0.0,0
11827,458740,Dias de Trovão,6.1505,2015-08-28,0.0,0
11828,1152904,Середина жизни,5.8147,1976-07-17,0.0,0
11829,721983,Night Drive,5.6655,2015-11-21,0.0,0
11830,24128,Stop Making Sense,6.9666,1984-10-19,8.3,377
11831,16269,God of Gamblers,5.422,1989-12-14,7.2,196
11832,80295,14 and Under,6.1993,1973-08-16,5.4,48
11833,408239,Me and My Grandpa,5.4701,1954-11-18,7.667,3
11834,297021,"Recently, My Sister Is Unusual",5.5893,2014-05-17,6.897,78
11835,4370,The Lady Banker,6.2596,1980-08-27,5.31,42
11836,573790,Organik Love,5.3,2018-09-21,4.0,1
11837,5038,Vicky Cristina Barcelona,6.2734,2008-08-15,6.799,4068
11838,642885,Hocus Pocus 2,7.6964,2022-09-27,7.148,1840
11839,464540,Operation Piroberta,5.914,2017-03-16,3.0,1
11840,642885,Hocus Pocus 2,7.6964,2022-09-27,7.148,1840
11841,464540,Operation Piroberta,5.914,2017-03-16,3.0,1
11842,2291,Jacob's Ladder,7.0344,1990-11-02,7.363,1941
11843,42658,Helen of Troy,6.1228,1956-01-26,6.289,64
11844,152760,The Monuments Men,6.5389,2014-01-24,6.1,3854
11845,560732,Hello Arsi,5.8423,2018-11-28,4.4,5
11846,2637,The Mothman Prophecies,5.7993,2002-01-25,6.224,1290
11847,1134055,Kill Shot,6.0966,2023-08-15,8.056,225
11848,5820,The Sentinel,6.8763,2006-04-19,6.063,917
11849,258230,A Monster Calls,7.1458,2016-10-07,7.307,3603
11850,900581,Padmapuran,5.6097,2021-10-08,0.0,0
11851,1030293,Forgive,5.6509,2015-07-30,0.0,0
11852,4961,Mimic,5.1576,1997-08-22,6.093,1283
11853,335786,Kārkli pelēkie zied,5.4993,1961-04-13,8.0,1
11854,858901,Kings of Rap,5.3786,2023-08-03,7.8,5
11855,337871,"Love, Mother",5.5856,1986-04-29,9.0,2
11856,9395,Above the Law,6.5394,1988-04-08,6.133,813
11857,993708,The Threesome,6.4259,2025-09-04,6.335,115
11858,546488,Fruit Story,5.6623,2016-06-01,0.0,0
11859,1057491,Naughty,5.7009,2023-02-14,6.309,110
11860,245,About a Boy,6.3974,2002-04-26,6.7,2438
11861,1318335,The Rays and Shadows,5.8745,2026-03-18,7.505,98
11862,1449188,Nadie nada,4.9467,2012-01-01,0.0,0
11863,13809,RocknRolla,5.5505,2008-09-04,6.948,3362
11864,9563,Any Given Sunday,6.1067,1999-12-22,6.825,1850
11865,504608,Rocketman,6.7829,2019-05-17,7.31,5038
11866,10975,Operation Condor,6.5706,1991-02-07,7.336,655
11867,524659,Crown Vic,6.2089,2019-11-01,6.192,225
11868,1029955,Kinds of Kindness,6.0357,2024-05-30,6.481,1317
11869,599134,Freedom is a Big Word,6.0719,2018-11-17,0.0,0
11870,8870,Red Planet,6.7491,2000-11-10,5.735,1189
11871,335203,The Cannibal,5.2276,1991-01-01,0.0,1
11872,1026436,Miller's Girl,5.9773,2024-01-18,6.298,963
11873,303598,Petrovich,5.8128,2012-09-02,0.0,0
11874,24803,Julie & Julia,7.5817,2009-08-06,6.714,2235
11875,806,The Omen,5.9973,2006-06-06,5.651,1220
11876,634528,The Marksman,6.9683,2021-01-15,6.776,1762
11877,167032,Curse of Chucky,7.1057,2013-10-08,6.0,1728
11878,281,Strange Days,6.2487,1995-10-13,7.018,1583
11879,623402,Jhumkee,5.8194,2016-09-23,0.0,0
11880,853425,Bou Diaries,5.9219,2021-07-15,0.0,0
11881,263647,Needhikku Thalaivanangu,5.613,1976-03-17,9.0,1
11882,286620,Bondage,5.4738,1968-08-12,7.0,1
11883,71880,Jack and Jill,7.1297,2011-11-11,4.391,2242
11884,347717,The Joke,5.3169,1990-01-10,5.833,6
11885,477092,The Month of Dreams,5.5945,2017-04-21,0.0,0
11886,812621,The Gloom,4.9225,2021-04-01,6.0,1
11887,303991,Demolition,6.239,2016-04-06,6.848,2553
11888,2655,What Lies Beneath,5.0358,2000-07-21,6.439,2060
11889,893694,Eva,6.003,2021-12-24,5.36,25
11890,243,High Fidelity,5.7439,2000-03-17,7.127,2216
11891,322240,Nine Lives,6.3718,2016-08-03,5.83,1150
11892,155999,Men in Soldier's Overcoats,5.4367,1968-07-25,3.857,7
11893,708647,Never Came,5.8613,1961-11-24,0.0,0
11894,1627796,Pansamantala,6.5095,2026-02-13,6.5,4
11895,836225,The Exorcism of God,5.2858,2022-03-11,7.074,1172
11896,26973,Pretty Baby,6.4406,1978-04-05,6.98,420
11897,900667,One Piece Film Red,6.1722,2022-08-06,7.216,1144
11898,1658272,Happily Ever After,7.1991,,0.0,0
11899,1598680,Estado Terminal,4.2893,2025-12-16,0.0,0
11900,200279,Déchirés / Graves,5.8383,2013-06-12,0.0,0
11901,795216,Female Pilot,5.9384,1966-01-01,0.0,0
11902,546121,Run,6.4338,2020-11-20,7.216,2931
11903,41646,Good Boys,5.1402,2005-01-01,5.6,10
11904,483393,Déjà vu,5.4551,2017-10-17,5.5,2
11905,11113,My Fair Lady,6.1578,1964-12-01,7.494,1448
11906,758336,Love Again,7.6393,2023-05-04,6.733,492
11907,1630433,The Red Line,6.0938,2026-03-22,6.8,70
11908,8491,Weekend at Bernie's,5.5625,1989-07-05,6.422,1150
11909,446807,The Girl in the Spider's Web,6.6234,2018-10-25,6.162,1541
11910,618344,Justice League Dark: Apokolips War,6.4766,2020-05-05,8.193,1604
11911,289457,Song of Youth,5.7918,1959-01-02,6.4,5
11912,23048,Hot Tub Time Machine,5.3742,2010-03-26,6.047,2788
11913,8390,"Definitely, Maybe",6.4317,2008-02-08,6.938,2654
11914,4512,The Assassination of Jesse James by the Coward Robert Ford,6.7161,2007-09-20,7.057,2821
11915,85579,The Karadedeler Incident,5.5067,2011-09-16,2.464,14
11916,647496,In Paradox,5.9293,2019-11-07,4.3,3
11917,522924,The Art of Racing in the Rain,6.1786,2019-08-08,8.158,1701
11918,13888,Return to the Blue Lagoon,6.3883,1991-08-02,6.17,1260
11919,11287,A League of Their Own,6.9929,1992-07-01,7.204,1569
11920,13888,Return to the Blue Lagoon,6.3883,1991-08-02,6.17,1260
11921,11287,A League of Their Own,6.9929,1992-07-01,7.204,1569
11922,447362,Life in a Year,5.5038,2020-11-27,8.222,1994
11923,10189,Pineapple Express,6.8783,2008-08-06,6.643,4274
11924,629176,Samaritan,6.6046,2022-08-25,6.649,2238
11925,338958,Disenchanted,6.5676,2022-11-18,6.663,1195
11926,1508938,Sgt. Frog,6.2229,2026-06-26,0.0,0
11927,1608445,Tarung: Unforgiven,5.923,2026-05-07,8.2,4
11928,81803,First Love,7.0681,1978-11-10,5.683,30
11929,9980,Maximum Overdrive,5.7086,1986-07-13,5.8,878
11930,2657,Pleasantville,5.6745,1998-09-17,7.275,1924
11931,680716,Sister's Diary,6.6228,2020-02-20,6.2,4
11932,39939,Super Troopers,6.3481,2001-02-15,6.543,1255
11933,961268,Ballerina,5.2992,2023-10-06,7.01,720
11934,9441,Stepmom,5.9709,1998-12-25,7.162,1558
11935,1279596,The Little Mermaid,5.9234,2024-12-16,4.389,18
11936,185689,Beauty in Rope Hell,5.7987,1983-08-26,5.8,25
11937,81785,Pólvora Negra,5.6292,2011-10-29,0.0,0
11938,413387,As Três,5.6463,,0.0,0
11939,1165369,De Gaulle: Liberté,6.1183,2026-06-26,7.8,149
11940,51052,Arthur Christmas,6.5044,2011-11-10,6.775,1656
11941,169972,"Mister, Missus, Miss Lonely",6.0319,1980-12-20,7.5,2
11942,744148,Hole-in-law 2,5.7704,2020-09-11,4.286,7
11943,11186,Child's Play 2,6.4611,1990-11-09,6.4,2065
11944,10952,New Jack City,5.4085,1991-03-08,6.72,620
11945,492105,New Golden Lotus III,6.8658,1996-03-22,6.0,14
11946,37645,22 Bullets,6.6104,2010-03-23,6.686,1358
11947,401469,Widows,7.7926,2018-11-06,6.475,2505
11948,1281331,The Social Reckoning,4.9598,2026-10-07,0.0,0
11949,1436161,Obsession,5.5047,2025-03-28,0.0,0
11950,522858,Perekop,5.3869,1930-11-21,6.4,5
11951,2652,Hard Candy,7.5601,2005-01-14,6.804,2817
11952,364810,Triple Troubles,5.8023,2015-05-15,4.5,2
11953,517814,Capernaum,6.3525,2018-09-20,8.151,2008
11954,65733,An Ideal Adventure,5.2308,1982-04-01,4.855,31
11955,2486,Eragon,6.5973,2006-12-14,5.137,3493
11956,403117,Bringing Up Cruelty in Women and Dogs,5.6543,1992-07-27,6.0,4
11957,628900,The Contractor,7.3692,2022-03-10,6.35,1081
11958,14174,Lie with Me,6.3814,2005-11-11,5.217,320
11959,933131,Badland Hunters,5.9607,2024-01-26,6.7,823
11960,541450,A Poet's Fate,5.6868,1959-06-01,0.0,0
11961,18764,Twin Dragons,5.6925,1992-01-15,6.811,453
11962,1574,Chicago,6.1766,2002-12-10,7.133,2946
11963,638577,The Boys,5.5809,1959-06-15,7.0,1
11964,175,The Big Blue,6.8777,1988-05-10,7.445,1590
11965,38303,You Again,7.0276,2010-09-23,6.272,1312
11966,11349,Cape Fear,6.2802,1962-04-12,7.5,646
11967,10061,Escape from L.A.,6.1111,1996-08-09,5.866,1639
11968,10649,The Enforcer,5.9592,1976-12-16,6.7,1002
11969,411742,Esküvőtől válóperig,5.623,,0.0,0
11970,121876,Operation Autumn,5.4097,2012-11-22,6.8,5
11971,1580,Rope,6.3819,1948-02-01,7.93,3046
11972,11282,Harold & Kumar Go to White Castle,6.4762,2004-07-02,6.578,2325
11973,1468057,GATAO: Big Brothers,5.7043,2025-08-21,6.25,12
11974,1078600,Marked Men: Rule + Shaw,5.9564,2025-01-22,6.7,253
11975,299819,The Girl on the River,6.1032,1987-04-01,4.75,4
11976,936,The Pink Panther,6.9088,1963-12-18,6.842,1197
11977,795514,The Fallout,6.4409,2021-03-17,7.502,1320
11978,15789,A Goofy Movie,7.6291,1995-04-05,7.04,1944
11979,355838,Hot Fields,5.4992,1948-08-23,8.5,2
11980,15789,A Goofy Movie,7.6291,1995-04-05,7.04,1944
11981,355838,Hot Fields,5.4992,1948-08-23,8.5,2
11982,170657,Journey to the West: Conquering the Demons,5.57,2013-02-07,6.948,455
11983,585216,Escape Room: Tournament of Champions,6.8697,2021-07-01,6.507,2316
11984,886361,Длинный день Кольки Павлюкова,5.4238,1968-01-01,9.0,1
11985,439715,About The Hippopotamus Named Well-Let-It,5.9421,1986-02-05,0.0,0
11986,1383164,StartUp,4.573,2024-10-26,10.0,1
11987,11527,Excalibur,6.0165,1981-04-10,6.957,1173
11988,646683,The Exorcism,7.0759,2024-05-30,5.035,444
11989,1356670,Late Shift,4.9622,2025-02-27,7.869,297
11990,9007,Just Like Heaven,6.5824,2005-09-16,6.972,2603
11991,1130782,Different,5.3536,2022-06-10,0.0,0
11992,540901,Hustlers,6.3626,2019-09-12,6.463,3115
11993,63799,The Scent of Life,5.5132,2007-06-06,1.0,1
11994,11667,Street Fighter,6.618,1994-12-23,4.686,1659
11995,201088,Blackhat,6.9072,2015-01-13,5.517,2207
11996,167,K-PAX,6.3355,2001-10-26,7.21,2808
11997,8326,Holes,6.756,2003-04-18,6.902,1567
11998,10229,A Walk to Remember,6.5621,2002-01-25,7.752,4302
11999,662860,Kui saabub õhtu,5.1272,1955-04-25,8.167,3
12000,614933,Atlas,6.0692,2024-05-23,6.6,1604
12001,8764,Top Secret!,5.7421,1984-06-22,7.1,1436
12002,600583,The Power of the Dog,6.0118,2021-10-25,6.735,2991
12003,791849,The Lake,4.8045,2020-10-01,5.857,7
12004,348678,A Man Called Ove,5.4612,2015-12-25,7.605,1340
12005,1512124,Silver Shoes,5.3075,,0.0,0
12006,14873,The Jungle Book 2,7.2685,2003-02-07,5.9,1205
12007,302401,Snowden,6.3155,2016-09-15,7.113,4715
12008,273840,Twenty Hours,5.5001,1965-03-11,5.9,8
12009,271116,Devil Angel,6.0098,1995-11-09,4.4,12
12010,1639493,Sadanga,5.5829,2015-06-07,0.0,0
12011,317004,Europe Does Not Answer,5.7164,1941-01-10,9.0,1
12012,1252428,Anaconda,5.7372,2024-03-01,7.103,151
12013,71917,Acne,5.3486,2008-05-18,5.976,82
12014,1734268,Kelmarin Cinta,4.2434,2020-01-01,0.0,0
12015,717339,Bad Detective,5.2999,2018-10-29,0.0,0
12016,1062807,SPY x FAMILY CODE: White,5.8992,2023-12-22,7.196,663
12017,1664119,The Next Karate Kid,4.9783,2026-06-21,1.0,1
12018,2323,Field of Dreams,6.4554,1989-04-21,7.1,1710
12019,133121,Resident Evil: Damnation,6.0782,2012-09-25,6.896,1011
12020,2323,Field of Dreams,6.4554,1989-04-21,7.1,1710
12021,133121,Resident Evil: Damnation,6.0782,2012-09-25,6.896,1011
12022,481492,Cicadas and Ants,5.3434,2017-05-12,5.0,1
12023,11452,National Lampoon's Van Wilder,6.5833,2002-03-29,6.035,1976
12024,442585,North by North,5.7561,1999-02-19,9.0,1
12025,136418,Hummingbird,6.2626,2013-05-07,6.171,1897
12026,1006392,A Female Communicant,5.3905,1978-03-01,8.0,1
12027,419680,Daddy's Home 2,6.4832,2017-11-09,6.305,2764
12028,354743,Lady Chatterley's Lover,5.5637,2015-09-06,6.282,126
12029,1734267,Bilal Gantian,5.0264,2021-01-01,0.0,0
12030,459889,Until You,5.7632,2016-12-30,0.0,0
12031,372343,The Snowman,7.7775,2017-08-24,5.215,2403
12032,24238,Mary and Max,6.5868,2009-04-09,7.876,2292
12033,299698,Smilinguido em Histórias de Formiga,5.272,2004-06-18,7.3,3
12034,1247,The Good Shepherd,6.21,2006-12-11,6.354,1321
12035,637356,In the Field,5.8405,2017-11-10,0.0,0
12036,425174,The Gentlefolks of Skotinin,5.5237,1927-01-10,8.0,1
12037,1537,Changing Lanes,5.259,2002-04-07,6.28,1239
12038,637131,Who will die today?,6.0789,1967-06-14,7.0,1
12039,646207,The Ice Road,7.4081,2021-06-24,6.75,1939
12040,4689,Sympathy for Mr. Vengeance,5.3431,2002-03-29,7.468,1734
12041,758724,The Cellar,5.2121,2022-03-25,6.456,511
12042,11357,Halloween 4: The Return of Michael Myers,6.2571,1988-10-21,6.173,2084
12043,708629,Lo-Fi,4.7061,2011-01-01,4.8,2
12044,458253,Missing Link,5.8158,2019-04-04,6.901,948
12045,429197,Vice,6.2117,2018-12-25,7.012,3642
12046,9715,Hope Floats,6.8137,1998-05-29,6.432,509
12047,169881,The Physician,5.9083,2013-12-25,7.337,1208
12048,17610,Year One,7.1394,2009-06-18,4.992,2061
12049,854239,Till,6.2523,2022-10-14,7.331,356
12050,514207,Invasion,6.2637,2020-02-27,6.867,904
12051,318718,Ultraman Tiga & Ultraman Dyna & Ultraman Gaia: The Battle in Hyperspace,4.875,1999-03-06,7.267,15
12052,4538,The Darjeeling Limited,5.8818,2007-09-07,7.141,4030
12053,1185528,Legends of the Condor Heroes: The Gallants,5.9226,2025-01-29,7.123,102
12054,361292,Suspiria,6.6166,2018-10-26,6.898,2794
12055,51162,Winnie the Pooh,7.0776,2011-04-06,6.904,976
12056,481551,Năm Sau Con Lại Về,6.1359,2014-01-18,0.0,0
12057,832502,The Monkey King,6.2286,2023-07-30,6.504,354
12058,7305,Alive,5.5163,1993-01-15,6.892,1603
12059,1059007,Agra,5.4863,2025-11-14,5.0,5
12060,1431804,40 Dates and 40 Nights,5.6402,2026-06-16,6.675,20
12061,601666,I Care a Lot,6.0584,2021-02-19,6.572,3024
12062,9647,Scrooged,5.0176,1988-11-22,6.79,1726
12063,314095,The Lost City of Z,7.6789,2017-03-15,6.389,3125
12064,606856,Togo,5.5913,2019-12-20,8.139,2332
12065,654,On the Waterfront,6.4626,1954-06-22,7.9,1815
12066,15804,A Brighter Summer Day,6.0056,1991-07-27,8.2,394
12067,1788,Footloose,6.1734,1984-02-17,6.688,2232
12068,458083,Covet: Island of Desire,5.2053,2017-05-04,5.5,14
12069,591274,Fear Street: 1978,6.5624,2021-07-08,7.178,2279
12070,1291559,Drawing Closer,5.5831,2024-06-26,8.383,219
12071,11090,The Animal,6.7548,2001-06-01,5.146,1392
12072,1734199,Keluarga Instafamous,4.4492,2021-01-01,0.0,0
12073,227549,The Momentary Marriage,5.1762,2011-11-09,0.0,0
12074,715503,Sasha Maloy: Concierto Vulgar,5.596,2020-06-14,7.0,1
12075,301337,Downsizing,6.7241,2017-12-22,5.411,4147
12076,341842,A padlás,5.6589,1988-01-27,10.0,1
12077,46705,Blue Valentine,5.6418,2010-12-26,6.97,3568
12078,357057,The Goodbye,5.6886,2015-09-13,6.5,2
12079,526,Ladyhawke,5.6902,1985-03-27,6.997,1270
12080,532408,The Boogeyman,7.2728,2023-05-31,6.384,1127
12081,219598,Giddy Vacations,5.4635,1987-03-31,8.0,3
12082,10847,Lord of the Flies,6.0863,1990-03-16,6.383,647
12083,429415,Extinction,5.7286,2018-07-15,6.048,2029
12084,428045,Iron Mask,6.4038,2019-08-16,6.091,561
12085,9678,Little Nicky,6.5821,2000-11-10,5.84,2010
12086,10603,George of the Jungle,6.1279,1997-07-15,5.668,2291
12087,1553969,Sheep in the Box,5.4924,2026-05-29,5.7,7
12088,402897,The Death of Stalin,6.3498,2017-10-20,7.015,2174
12089,381890,The Mermaid,6.3457,2016-02-08,6.543,495
12090,1733769,Ayıb olar,5.0269,2020-12-01,0.0,0
12091,1355755,An Almost Christmas Story,4.9077,2024-10-14,7.016,96
12092,568805,Experiment Stuka,5.6066,2018-11-08,6.0,1
12093,12225,Cashback,5.4962,2007-01-17,6.958,1419
12094,427824,Palhaços,5.6356,2011-10-01,5.0,1
12095,400650,Mary Poppins Returns,7.4115,2018-12-13,6.509,3493
12096,1243741,Ballistic,5.2196,2026-04-17,6.0,69
12097,845111,The Three Musketeers: Milady,7.227,2023-12-13,6.39,849
12098,1497348,Alas Roban,5.6817,2026-01-15,4.438,8
12099,869597,Reunion,4.9653,2024-06-28,5.986,140
12100,445629,Fighting with My Family,6.2648,2019-02-14,6.835,1899
12101,1329016,Tony,6.5941,2026-08-07,8.0,1
12102,411301,The Ruffian,4.9836,1961-09-07,5.333,9
12103,1006219,Jimmy Higgings,5.2369,1928-10-09,10.0,1
12104,2252,Eastern Promises,6.2666,2007-09-14,7.348,3775
12105,900597,"Meu amigo que trabalhou com Manoel de Oliveira, que fez 100 anos",5.5766,2012-07-01,0.0,0
12106,43539,The Next Three Days,6.0644,2010-11-18,7.089,3145
12107,988078,Through My Window: Across the Sea,5.5767,2023-06-23,6.566,974
12108,932420,Code 8 Part II,5.9912,2024-02-27,6.352,724
12109,330477,Baby Love,5.8454,1979-01-01,3.0,7
12110,358989,The Town Within Reach,5.5458,1983-04-01,5.5,4
12111,660982,American Pie Presents: Girls' Rules,6.3699,2020-10-06,6.087,731
12112,1476928,Na Willa,5.8051,2026-03-18,7.583,6
12113,580334,Torn: A Shock Youmentary,5.4644,2014-01-01,6.5,2
12114,1038068,Halloween Inferno,5.4927,2019-10-11,8.0,2
12115,1000413,炉火正红,5.7222,1962-01-01,8.0,1
12116,623491,The Babysitter: Killer Queen,6.1991,2020-09-10,6.316,1874
12117,228205,The Longest Ride,6.4258,2015-04-09,7.634,3354
12118,1733962,Aisya & Bella,5.0637,2021-01-01,0.0,0
12119,10040,Miss Congeniality 2: Armed and Fabulous,6.1995,2005-03-11,5.742,1987
12120,1733962,Aisya & Bella,5.0637,2021-01-01,0.0,0
12121,10040,Miss Congeniality 2: Armed and Fabulous,6.1995,2005-03-11,5.742,1987
12122,262835,Improper Conduct,4.3562,1994-06-09,4.292,12
12123,1623617,SICKO,6.2029,2025-05-16,0.0,0
12124,25376,The Secret in Their Eyes,6.0131,2009-08-13,7.971,2906
12125,864101,Mira,5.8286,2022-12-22,7.553,460
12126,10214,Son of the Mask,6.491,2005-02-11,4.199,1983
12127,10074,Hot Rod,7.0316,2007-08-03,6.402,1121
12128,692,Pink Flamingos,6.2268,1972-03-17,6.133,572
12129,407510,Beautiful Figure,5.4826,2015-01-01,9.5,2
12130,1732464,Juliet,5.4196,2022-01-01,0.0,0
12131,442249,The First Purge,6.7762,2018-07-04,5.998,4266
12132,1688933,The Girl,4.7936,2026-05-07,0.0,0
12133,1014877,BKFC 27: Perry vs Page,6.0035,2022-08-20,0.0,0
12134,16235,Amityville II: The Possession,4.3591,1982-09-24,5.757,407
12135,1339658,"Oh, Hi!",5.3797,2025-07-25,6.283,187
12136,972791,Green Hat Club,5.8591,1992-12-19,1.0,1
12137,333171,"In the middle of the River, Between Trees",5.775,2009-12-10,0.0,0
12138,587412,K.G.F: Chapter 2,5.3565,2022-04-14,7.415,213
12139,263132,Naked Ambition 3D,5.9682,2014-03-25,5.0,49
12140,463257,The Peanut Butter Falcon,6.076,2019-08-09,7.391,1636
12141,1069905,Jay Kelly,6.0607,2025-11-14,6.196,443
12142,856388,Melancholy Hatred,5.148,1938-01-01,0.0,0
12143,4442,The Brothers Grimm,6.3697,2005-08-26,5.865,3005
12144,7461,Vantage Point,6.9261,2008-02-01,6.413,2225
12145,1097870,Dear Santa,5.8625,2024-11-24,6.186,515
12146,70818,Highway,5.9666,2007-01-01,0.0,0
12147,1104845,Plankton: The Movie,4.8324,2025-03-08,6.7,174
12148,1533567,Prema Katha,4.9253,2023-12-15,0.0,0
12149,592983,Spellbound,6.6828,2024-11-22,6.595,325
12150,632727,Texas Chainsaw Massacre,6.1991,2022-02-18,5.185,1674
12151,1139977,Desde Adentro,5.2122,2017-01-01,0.0,0
12152,1611380,My Worst Enemy,5.4018,2026-02-05,5.929,14
12153,475,Bonnie and Clyde,6.1549,1967-08-13,7.49,1819
12154,360784,Hidden,5.636,2015-09-15,6.958,1224
12155,849159,Wild Lover,5.8844,1977-01-01,8.0,1
12156,704593,Daruwane,5.1013,2012-07-26,5.0,1
12157,9894,The Cable Guy,6.9489,1996-06-10,6.001,2722
12158,1163345,Blown Kiss,5.161,1991-07-19,4.0,3
12159,465136,Every Day,6.7187,2018-02-22,7.242,2305
12160,91984,El man,5.6227,2009-01-23,4.4,4
12161,1012201,HAIKYU!! The Dumpster Battle,5.8051,2024-02-16,7.803,264
12162,8967,The Tree of Life,6.727,2011-05-17,6.718,3370
12163,701219,The office man,6.0373,2019-08-15,0.0,0
12164,1570617,Pequeno País,5.0519,,0.0,0
12165,8984,Disclosure,6.2042,1994-12-09,6.2,1290
12166,303910,Magudi,5.704,1984-01-01,7.0,1
12167,1125725,In Memoriam,4.6491,2023-05-12,0.0,0
12168,1377237,Runner,5.6778,2026-09-10,0.0,0
12169,223984,The Green Jacket,5.2374,2013-09-26,5.0,1
12170,1006814,仇侣,5.7113,1982-06-01,0.0,0
12171,218043,Left Behind,6.8849,2014-10-03,4.293,1415
12172,827778,Kichkina Tabib,5.3114,1998-01-01,0.0,0
12173,592831,Megalopolis,5.8686,2024-09-25,5.2,1026
12174,1086260,The Astronaut,5.8546,2025-09-26,6.147,416
12175,1568490,Dragon Girl Problem,4.6157,2025-11-08,0.0,0
12176,780601,Before And After,5.5343,2019-11-08,0.0,0
12177,425376,Karmelyuk,4.7965,1931-09-06,8.0,1
12178,1209288,Justice League: Crisis on Infinite Earths Part Two,5.1834,2024-04-22,6.729,291
12179,1480382,The Voice of Hind Rajab,5.1095,2025-09-10,8.045,330
12180,1209288,Justice League: Crisis on Infinite Earths Part Two,5.1834,2024-04-22,6.729,291
12181,1480382,The Voice of Hind Rajab,5.1095,2025-09-10,8.045,330
12182,1043213,Otra historia de esas,5.533,,0.0,0
12183,833425,No Exit,7.1484,2022-02-24,6.825,1323
12184,1683985,Ezzie & Nix,4.3615,,0.0,0
12185,1731843,Vile Lynn,5.0656,,0.0,0
12186,10493,Dead Calm,5.8354,1989-04-07,6.564,841
12187,949004,Nomads of the North,4.9247,1983-01-01,0.0,0
12188,18487,The Taking of Pelham 1 2 3,5.7496,2009-06-10,6.362,3449
12189,44024,Beauty in Each Centimeter,5.7959,2009-01-15,7.5,3
12190,11618,The Haunting,6.0866,1999-07-23,5.512,1564
12191,419446,"Tiger, Blood in the Mouth",5.3606,2016-08-25,5.0,49
12192,1267319,Mantis,6.2985,2025-09-25,6.45,179
12193,299048,I'll Overcome Everything,5.2893,2014-06-07,0.0,0
12194,191728,Ain't Misbehavin,5.2193,2013-05-16,6.2,4
12195,9667,The Jacket,6.1403,2005-03-04,6.859,1731
12196,339202,Mozart: La Clemenza di Tito,5.9053,2005-06-01,0.0,0
12197,1212855,Fight or Flight,5.4533,2025-04-03,6.2,400
12198,9029,What Happens in Vegas,6.266,2008-05-07,6.119,3353
12199,9013,Midnight Run,6.0727,1988-07-20,7.189,1306
12200,1418156,Cold Feet,5.3311,2025-03-28,0.0,0
12201,11576,"It's a Mad, Mad, Mad, Mad World",5.3533,1963-11-07,7.0,699
12202,2110,Wasabi,5.8518,2001-10-31,6.659,1453
12203,857171,保卫胜利果实,5.7306,1952-01-01,0.0,0
12204,244663,Mat ¾ (Mat Tiga Suku),6.4591,1964-01-01,7.333,3
12205,1514026,Buddy,5.0318,2026-08-28,0.0,0
12206,1112915,Dho Re Babu Dho,5.9669,2023-04-14,0.0,0
12207,1114894,Star Trek: Section 31,4.8721,2025-01-15,4.699,376
12208,11072,Blazing Saddles,6.1639,1974-02-07,7.2,2114
12209,1540867,SAQUON,5.733,2025-10-09,6.708,12
12210,649668,Santa Liberdade,5.5427,2004-01-22,8.0,1
12211,487339,"Adyós, General",5.8525,1986-01-01,0.0,0
12212,3604,Flash Gordon,4.9476,1980-12-05,6.265,1116
12213,471564,The Couple's Sponsor,6.3591,2016-09-09,6.0,1
12214,865078,Drug Girl,5.6039,1995-01-01,0.0,0
12215,899077,Chironjib Mujib,4.9746,,0.0,0
12216,1395724,A Fool's Love,5.3042,2024-11-29,6.0,7
12217,119288,Three Stars,5.4373,2010-07-13,6.0,7
12218,978906,Rumah Kuntilanak,4.5809,2022-06-02,0.0,0
12219,491584,Burning,6.852,2018-05-17,7.373,1848
12220,10393,The Replacements,5.9337,2000-08-11,6.715,1095
12221,12219,12 Angry Men,5.5157,1998-05-01,7.699,458
12222,536437,Hypnotic,6.7083,2023-05-11,6.193,1524
12223,1370814,The Plague,5.9007,2025-12-24,6.4,116
12224,576784,Upon the Magic Roads,5.7396,2021-02-18,6.8,313
12225,286456,Blindfold,5.1532,1974-08-11,10.0,1
12226,1078581,Giant,5.1543,2026-01-09,6.783,23
12227,256591,Focus,7.0035,2015-02-25,6.871,8349
12228,1493700,Nuevas Raíces,5.4603,2025-06-08,0.0,0
12229,127372,Emperor,5.6518,2012-09-14,6.154,286
12230,424781,Sorry to Bother You,5.5194,2018-07-06,6.771,1798
12231,656202,Amalgama,5.0105,2020-11-27,0.0,0
12232,187447,Supermen Against the Orient,4.2183,1973-11-29,5.5,8
12233,140378,Trilogy of Lust II,5.4076,1996-10-29,4.9,15
12234,484570,White Clouds,5.5641,1968-04-01,8.0,5
12235,977294,Tin Soldier,5.9422,2025-05-22,4.821,120
12236,1056360,American Fiction,5.1852,2023-11-10,7.252,1389
12237,1365302,"Chavín de Huántar, el rescate del siglo",5.5027,2025-10-30,8.48,25
12238,845783,Baghead,6.6485,2023-12-28,6.5,543
12239,528549,Room Salon College Girls,5.5355,2018-03-29,6.7,3
12240,845783,Baghead,6.6485,2023-12-28,6.5,543
12241,528549,Room Salon College Girls,5.5355,2018-03-29,6.7,3
12242,256040,Bāhubali: The Beginning,5.7824,2015-07-10,7.555,948
12243,241792,Heat of Desire,5.8638,1981-04-29,5.455,11
12244,49527,Man on a Ledge,7.0116,2012-01-13,6.436,2843
12245,55931,The Animatrix,6.0634,2003-05-09,7.224,1808
12246,1302497,Between Shadows,4.9306,2024-06-09,0.0,0
12247,370468,Until The Last Minute,5.5728,1974-03-04,10.0,1
12248,9730,Friday the 13th: The Final Chapter,5.83,1984-04-13,6.132,1536
12249,1262,Stranger Than Fiction,6.402,2006-11-10,7.295,2584
12250,1167271,Weekend in Taipei,5.115,2024-09-19,6.485,305
12251,527435,The Christmas Chronicles,6.2699,2018-11-22,7.156,2412
12252,1887,Marie Antoinette,6.2861,2006-05-24,6.7,2983
12253,463598,La bête,5.3836,2013-01-31,4.3,3
12254,500006,Utøya: July 22,4.9572,2018-03-09,7.118,456
12255,223,Rebecca,6.919,1940-03-23,7.9,2006
12256,1233069,Exterritorial,5.4214,2025-04-29,6.605,664
12257,944537,Hello Imperial Guard,4.9821,2015-02-14,6.2,2
12258,11974,The 'Burbs,6.9382,1989-02-17,6.755,1395
12259,460877,Feng huo shao nian,5.7474,1975-01-01,6.25,4
12260,617502,Jolt,6.0405,2021-07-15,6.495,1413
12261,803,Night and Fog,5.7654,1956-05-22,8.272,573
12262,1054799,Wet Kimono,5.2852,1983-03-12,2.0,2
12263,804370,Arco,7.1622,2025-10-22,7.541,246
12264,8271,Disturbia,7.0958,2007-03-27,6.69,4154
12265,532352,Blossom Valley,5.6055,2018-08-30,4.5,2
12266,454515,The Money,4.1672,1958-03-31,5.778,9
12267,1022350,Eurodonbas,5.6876,2022-10-06,8.0,2
12268,774531,Young Woman and the Sea,6.6918,2024-05-31,7.857,443
12269,1102493,Small Things Like These,5.082,2024-11-01,6.649,568
12270,294272,Pete's Dragon,7.281,2016-08-10,6.388,2347
12271,38410,The Poughkeepsie Tapes,5.4827,2007-04-27,6.544,790
12272,1203245,Garud Puran,5.216,2019-01-18,0.0,0
12273,1685932,To the Moon and Back,5.695,2026-05-01,2.0,2
12274,10860,Steel Magnolias,5.6735,1989-11-15,7.2,741
12275,435320,A Plebe É Rude,5.4636,2017-01-16,0.0,0
12276,13313,Beauty and the Beast: The Enchanted Christmas,6.7358,1997-11-11,6.2,1104
12277,1090648,MOONSHINE - A Karma to Burn,4.937,2021-10-12,0.0,0
12278,11797,Fright Night,6.353,1985-08-02,7.046,1581
12279,880067,Strung,5.2136,2026-06-18,7.689,66
12280,1339588,Finding Emily,5.7007,2026-05-21,6.766,32
12281,929066,The Odessa Foundling,5.5553,2018-04-21,0.0,0
12282,552073,The Operator,5.4525,2019-07-06,0.0,0
12283,80036,Rains,5.0046,2008-05-21,5.7,5
12284,1163258,12th Fail,5.1127,2023-08-11,7.939,255
12285,838636,Her Right,5.6971,1931-12-01,6.0,1
12286,1088615,Anaagarigam,4.705,2011-11-26,8.0,2
12287,10779,The Frighteners,6.3112,1996-07-19,6.966,1786
12288,482617,My Girlfriend's Mom,4.9122,2016-05-18,6.0,2
12289,10521,Bride Wars,8.9535,2009-01-09,6.2,3214
12290,6415,Three Kings,6.9648,1999-09-27,6.639,2341
12291,183969,A Quite Ordinary Life,5.1301,1978-08-29,8.0,1
12292,477968,Família Alcântara,5.5921,2005-07-07,0.0,0
12293,20677,Detective Conan: Captured in Her Eyes,6.7351,2000-04-22,7.4,208
12294,42384,A Tale of Legendary Libido,5.735,2008-04-30,5.724,49
12295,1523,The Last King of Scotland,5.8345,2006-09-27,7.414,2407
12296,788973,The Puppets Exploded,6.0295,2019-12-25,10.0,1
12297,451863,Power of Love,5.7336,1993-09-02,4.6,5
12298,396461,Under the Silver Lake,6.5483,2018-08-08,6.327,1632
12299,39103,Dragon Ball Z: The Return of Cooler,5.8007,1992-03-07,6.473,1112
12300,396461,Under the Silver Lake,6.5483,2018-08-08,6.327,1632
12301,39103,Dragon Ball Z: The Return of Cooler,5.8007,1992-03-07,6.473,1112
12302,787781,Quiz Lady,6.3692,2023-09-09,6.694,330
12303,580012,Lakeside Suite,6.0546,2019-01-27,6.2,2
12304,111934,Concrete,5.5237,2004-02-11,5.044,34
12305,9388,Thank You for Smoking,5.3284,2005-09-09,7.196,2443
12306,562461,So Busy,5.6421,1937-11-16,0.0,0
12307,104973,White Cannibal Queen,5.201,1980-09-15,4.6,32
12308,341958,Hatred,5.7118,1930-09-04,8.0,1
12309,551,The Poseidon Adventure,5.7384,1972-12-01,7.153,1038
12310,822273,Jundai Gundai,5.2531,2007-11-30,0.0,0
12311,462746,Memory Hospital,4.6059,2017-06-20,0.0,0
12312,261295,The Five-Forty,5.7426,1939-09-12,7.0,3
12313,460197,Aigerim,5.4734,2016-03-03,0.0,0
12314,357672,Cseh Tamás film,5.2075,2001-02-22,0.0,0
12315,553,Dogville,6.0795,2003-05-21,7.8,2725
12316,483459,Donten: Laughing Under the Clouds - Gaiden: Chapter 2 - The Tragedy of Fuuma Ninja Tribe,5.9417,2018-06-09,7.0,12
12317,417870,Girls Trip,6.4526,2017-07-21,6.813,1589
12318,371879,Beyond,5.5029,2015-12-03,6.0,2
12319,9591,That Thing You Do!,5.9489,1996-10-04,6.885,934
12320,27215,Rock Haven,6.0672,2007-06-21,4.857,28
12321,325348,Hardcore Henry,5.9699,2015-09-12,6.414,2713
12322,927152,Irreversível,5.4473,2015-12-07,0.0,0
12323,371645,Hunt for the Wilderpeople,6.8517,2016-01-22,7.647,2342
12324,80585,Rock of Ages,6.4721,2012-06-13,6.192,1372
12325,736483,We Are All Bad,5.8721,2019-09-12,0.0,0
12326,82424,Small Fry,6.6064,2011-11-23,6.858,596
12327,341303,Muna Madan,5.8807,2003-06-27,9.7,3
12328,1533735,Nawab Cafe,6.252,2026-03-12,7.0,1
12329,129412,Three Moods,5.1731,1980-01-01,7.0,3
12330,10398,Double Jeopardy,6.2027,1999-09-24,6.638,1520
12331,518926,The Rub,5.1239,2018-02-21,0.0,0
12332,20737,Air Bud,5.8871,1997-08-01,5.584,519
12333,636713,É Uma Vez,5.7261,,0.0,0
12334,64439,A Flame in My Heart,3.2917,1987-06-03,6.071,14
12335,9349,Universal Soldier,6.1343,1992-07-10,6.35,1955
12336,13855,The Chaser,6.2412,2008-02-14,7.776,1577
12337,776455,"Hey Director, You Should Think",5.6746,2019-11-28,0.0,0
12338,666440,Fight Lah! Kopitiam,5.648,2020-01-30,4.0,1
12339,246741,What We Do in the Shadows,6.2431,2014-06-19,7.545,3999
12340,21385,"Mickey, Donald, Goofy: The Three Musketeers",6.7797,2004-08-04,6.737,997
12341,17809,Fist of Legend,5.9747,1994-12-22,7.474,623
12342,642757,The Black Valley,5.2731,1990-05-10,0.0,0
12343,448312,Másik Magyarország,5.4137,2013-11-07,7.0,3
12344,1404604,Compostelle,5.7698,2026-04-01,6.956,34
12345,859,Dangerous Liaisons,4.7962,1988-12-21,7.196,1284
12346,280002,The Remaining,6.0764,2014-08-25,6.095,504
12347,167073,Brooklyn,5.9327,2015-10-20,7.297,3291
12348,418095,The Story of Liubao,5.8817,1957-01-01,5.0,3
12349,11045,Taxi,5.8393,2004-10-06,5.562,1190
12350,795231,The Second Handshake,5.7958,1980-01-01,0.0,0
12351,1077208,Unish20,5.1748,2023-02-13,7.0,2
12352,1433929,N121 Bus de nuit,5.4,2026-02-04,5.406,16
12353,369958,A Place to Call Home,5.798,1987-02-07,5.5,4
12354,1098957,Pure Jay Mon,5.2176,2016-01-29,0.0,0
12355,1151334,Eenie Meanie,5.8771,2025-08-21,6.312,340
12356,16094,House Party,5.8648,1990-01-20,6.408,271
12357,455568,Red Ink,5.4441,1960-01-07,8.2,4
12358,866463,Reptile,6.1439,2023-09-29,6.677,1253
12359,858683,Winter by the River,5.4477,2020-12-01,0.0,0
12360,309058,Lost,5.1785,2010-09-08,0.0,0
12361,331521,Chilakamma Cheppindi,5.2963,1977-08-12,7.0,2
12362,177472,Joan of Arc,5.7998,1935-04-26,6.2,4
12363,1576203,Ahlan Singapore,5.4993,2026-02-05,6.5,2
12364,471996,Barátom Bonca,5.2744,1976-01-01,8.0,4
12365,387732,Mujeres infieles 2,5.5626,2003-03-14,6.182,33
12366,10060,Get Rich or Die Tryin',5.4855,2005-11-09,6.83,1055
12367,381289,A Dog's Purpose,6.4236,2017-01-19,7.645,3560
12368,462095,Rina,5.4929,2017-06-28,10.0,3
12369,9262,My Mom's New Boyfriend,6.9628,2008-04-30,5.4,267
12370,826945,Sisters Virus,5.3654,2021-02-24,5.5,4
12371,25239,Day of the Woman,5.1002,1978-11-02,6.019,728
12372,1382406,Striking Rescue,5.476,2024-12-05,7.509,176
12373,474395,Teen Titans Go! To the Movies,6.1378,2018-07-27,7.166,1185
12374,486589,Red Shoes and the Seven Dwarfs,6.613,2019-07-25,7.675,1145
12375,563117,Stars,5.3299,2018-08-14,0.0,0
12376,252373,The Last,5.1168,1937-01-24,5.75,4
12377,400136,Resident Evil: Vendetta,6.0001,2017-05-27,6.916,1098
12378,1362262,CAMP,4.7449,2026-06-26,8.0,2
12379,1239210,Pito Pistola,4.5452,2022-01-01,0.0,0
12380,252373,The Last,5.1168,1937-01-24,5.75,4
12381,400136,Resident Evil: Vendetta,6.0001,2017-05-27,6.916,1098
12382,1362262,CAMP,4.7449,2026-06-26,8.0,2
12383,1239210,Pito Pistola,4.5452,2022-01-01,0.0,0
12384,13654,101 Dalmatians II: Patch's London Adventure,6.157,2003-03-02,6.02,1256
12385,1265063,After the Hunt,6.4798,2025-10-09,5.663,510
12386,1588860,Happy Ending,5.6112,2025-12-30,7.4,5
12387,601796,Alienoid,6.5576,2022-07-20,6.9,583
12388,484504,Жанр,5.515,2017-10-19,0.0,0
12389,10303,The Jewel of the Nile,5.8338,1985-08-01,6.216,1310
12390,1407861,The Bayou,5.3183,2025-01-31,5.45,229
12391,394117,The Florida Project,6.5603,2017-10-06,7.427,3140
12392,550087,K: Seven Stories Movie 2 - Side: Blue - Like Sirius,5.3934,2018-08-04,6.0,6
12393,10537,The Doors,5.8534,1991-03-01,7.108,1624
12394,692008,Enough! To Freedom...,5.896,2012-06-21,0.0,0
12395,449090,Rustam and Suhrab,5.0335,1972-06-03,5.0,2
12396,197796,Beauty and the Beast,6.5568,2014-02-12,6.288,2217
12397,585245,Clifford the Big Red Dog,7.1767,2021-11-10,7.153,1844
12398,1315161,Joe Rogan: Burn the Boats,5.5825,2024-08-03,4.973,37
12399,123025,"Batman: The Dark Knight Returns, Part 1",5.1312,2012-09-25,7.742,1726
12400,440709,Traídas Pelo Desejo,5.687,1976-02-08,10.0,1
12401,1649111,Eruption,4.9961,2026-05-13,0.0,0
12402,14199,The Adventures of Sharkboy and Lavagirl,6.2716,2005-06-10,5.212,1626
12403,935259,馬蘭花,5.6108,1961-02-01,9.0,1
12404,1656196,Expreso,4.0579,2016-06-01,0.0,0
12405,616820,Halloween Ends,7.4523,2022-10-12,6.019,2057
12406,203,Mean Streets,6.0063,1973-10-14,7.0,2324
12407,311098,On the Wings of Dreams,5.348,2007-01-29,6.0,4
12408,664416,Beastie Boys Story,7.7096,2020-04-24,7.5,191
12409,531789,Four Oddballs of Saigon,5.5648,1973-01-01,10.0,1
12410,822653,Puella Magi Madoka Magica the Movie -Walpurgisnacht: Rising-,6.0424,2026-08-28,0.0,0
12411,68335,Now & Later,5.4571,2009-02-18,4.984,61
12412,257785,Tulip Fever,6.6729,2017-07-13,6.51,744
12413,318608,Death Ray on Coral Island,5.6984,1980-01-01,6.2,5
12414,390845,A Delicious Flight,5.0179,2015-11-01,4.407,70
12415,11589,Kelly's Heroes,6.1759,1970-06-22,7.383,834
12416,1341138,Spa Weekend,6.2062,2026-08-20,0.0,0
12417,119283,Parker,6.5495,2013-01-23,6.093,3314
12418,28808,Detective Conan: The Last Wizard of the Century,5.5753,1999-04-17,7.345,203
12419,9728,Friday the 13th Part III,5.6658,1982-08-13,5.877,1630
12420,570103,Kızlar Sınıfı,4.874,1984-01-01,5.5,2
12421,663637,The Great Vairitosky,6.0632,2014-09-11,6.0,1
12422,9725,Friday the 13th Part 2,5.8297,1981-05-01,6.192,1947
12423,1541125,Make Zhonghe Great Again,6.1299,2026-07-24,7.0,1
12424,388591,Beyond the Horizon,4.5802,2005-01-01,0.0,0
12425,10014,A Nightmare on Elm Street Part 2: Freddy's Revenge,6.1619,1985-11-01,5.781,2146
12426,1024798,The Moon of the Kurent,5.2259,2022-08-26,0.0,0
12427,643586,Willy's Wonderland,6.3229,2021-02-12,5.982,1171
12428,4929,Hang 'em High,6.3336,1968-04-12,6.856,863
12429,1284046,Onslaught,5.4113,2026-09-03,0.0,0
12430,55846,Blitz,6.15,2011-05-20,6.174,1853
12431,1059064,The Instigators,6.2509,2024-08-02,6.139,672
12432,571055,Down,5.6262,2019-02-01,6.82,255
12433,343548,The Story Of The Girl Who Stepped On Bread,5.3224,1986-06-07,7.0,4
12434,263726,Rajarajan,5.5644,1957-04-25,4.0,1
12435,48289,The Debt,6.2323,2010-09-30,6.6,980
12436,9009,Dark Water,6.2059,2005-07-08,5.665,1126
12437,552688,The Mother,6.6433,2023-05-04,6.62,1446
12438,155084,13 Sins,7.0832,2014-04-11,6.316,1221
12439,1364953,Mārama,5.3777,2026-04-17,6.138,29
12440,1364953,Mārama,5.3777,2026-04-17,6.138,29
12441,246403,Tusk,6.2781,2014-09-19,5.542,1669
12442,1103621,How to Make Millions Before Grandma Dies,5.9342,2024-04-04,8.099,426
12443,1662414,Propeller One-Way Night Coach,5.8634,2026-05-15,6.468,47
12444,1108942,Saqr alearab,5.1226,1968-04-01,0.0,0
12445,392144,Calendar Girl,5.4969,2016-04-07,5.667,6
12446,582778,Cherry Blossoms,5.18,1989-05-13,5.0,5
12447,1223774,After Two Springs,5.3365,1985-01-01,0.0,0
12448,594989,Águias em Patrulha,5.6945,1969-01-01,9.0,1
12449,895192,Desired Child,4.5993,2021-11-20,0.0,0
12450,9944,The Pelican Brief,6.2117,1993-09-17,6.591,1795
12451,1526650,Mudborn,5.2702,2025-10-09,7.2,56
12452,1646098,"Sempre, sempre",5.0569,2026-03-27,0.0,0
12453,1225093,The Underpants Thief,4.7679,2021-12-23,10.0,1
12454,12160,Wyatt Earp,5.6878,1994-06-24,6.798,957
12455,421,The Life Aquatic with Steve Zissou,5.3307,2004-12-10,7.07,3215
12456,9877,Urban Legend,5.9772,1998-09-25,5.7,1495
12457,806861,The Monster. One Moment Before the Eternity,5.3437,2020-08-29,8.0,1
12458,391423,The Night Before Enlisting,4.9565,2016-04-05,6.0,2
12459,1671625,Peligro Inminente,4.9839,,0.0,0
12460,491480,The Boy Who Harnessed the Wind,6.8404,2019-02-14,7.886,1895
12461,1315988,Mikaela,5.3849,2025-01-31,6.154,127
12462,244267,I Origins,6.0641,2014-07-18,7.565,3499
12463,359674,Blue Ice,5.2514,1970-01-05,8.0,1
12464,11418,National Lampoon's European Vacation,5.0281,1985-07-25,6.166,1013
12465,667739,The Man from Toronto,5.6504,2022-12-23,6.35,531
12466,306837,Song of Freedom,5.4329,1995-12-01,7.0,1
12467,484718,Coming 2 America,5.5926,2021-03-04,6.327,2418
12468,467547,Mad_e in Bangladesh,5.2573,2006-12-01,7.615,13
12469,462504,htr2b: Transformation,5.072,2012-12-28,7.2,5
12470,425353,Szervusz Péter!,5.21,1939-11-09,8.0,1
12471,1280856,El peso,3.9586,2009-01-01,0.0,0
12472,216,Ali: Fear Eats the Soul,6.0351,1974-03-05,7.735,456
12473,1734388,Dupe,5.2385,,0.0,0
12474,925623,Hero No. 1,5.7352,2019-09-13,0.0,0
12475,270487,"Hail, Caesar!",6.536,2016-02-05,5.943,4041
12476,723234,Dad,5.6067,2019-12-04,6.0,2
12477,507076,Climax,5.878,2018-09-19,7.038,2357
12478,1131759,Omniscient Reader: The Prophecy,6.294,2025-07-23,7.078,102
12479,684037,Ein Jahr unter Ultras - Ein Leben für den Fußball,5.6987,2018-02-11,7.0,1
12480,9969,Deck the Halls,5.3174,2006-11-22,5.599,819
12481,77930,Magic Mike,6.7317,2012-06-28,6.158,3116
12482,174,Star Trek VI: The Undiscovered Country,5.6761,1991-12-06,7.0,1442
12483,460885,Mandy,6.1377,2018-09-13,6.198,2195
12484,351510,The Sisters' Room,5.2736,2015-04-30,7.5,2
12485,19277,In Hell,5.7198,2003-11-24,6.627,627
12486,515598,The Lord Eagle,5.5543,2018-04-23,5.0,2
12487,635910,The Last Voyage of the Demeter,6.6914,2023-08-09,6.735,1993
12488,335117,Delicious Delivery,6.4445,2015-04-02,4.143,7
12489,1103479,The Shore of Hope,4.9292,1967-05-29,0.0,0
12490,1198710,Un zorro,5.249,2023-11-08,0.0,0
12491,384410,Sunshine on the Ice,5.239,1961-08-17,7.0,1
12492,76758,The Flowers of War,5.3486,2011-12-15,7.432,915
12493,1141868,Tante Siska,5.1814,2023-06-02,0.0,0
12494,55341,Jeepers Creepers 3,6.1321,2017-09-26,4.905,1003
12495,413644,The Son of Bigfoot,5.6351,2017-07-26,6.57,537
12496,857098,火焰驹,5.514,1958-01-01,0.0,0
12497,22824,The Fourth Kind,5.4741,2009-11-05,6.372,1930
12498,1149167,High Rollers,5.6621,2025-03-14,6.467,135
12499,2623,An Officer and a Gentleman,6.2469,1982-07-28,7.0,1208
12500,2623,An Officer and a Gentleman,6.2469,1982-07-28,7.0,1208
12501,198277,Begin Again,7.1653,2014-06-27,7.233,4037
12502,1548113,The Muppet Show,6.3401,2026-02-03,7.254,114
12503,1630,The People vs. Larry Flynt,6.3276,1996-12-25,6.959,1274
12504,807172,The Exorcist: Believer,6.8206,2023-10-04,5.822,1309
12505,326013,I Remember You,5.3152,1986-09-08,5.5,6
12506,615836,Ördöglovas,5.1759,1944-03-15,10.0,1
12507,535167,The Wandering Earth,6.0033,2019-02-05,6.63,1176
12508,11596,Wes Craven's New Nightmare,6.1561,1994-10-13,6.452,1626
12509,1077634,Tierra en llamas,4.8302,2021-01-01,2.0,1
12510,744685,Chrishna Ombwiri,5.3011,2019-06-05,0.0,0
12511,437557,Blockers,6.4925,2018-03-14,6.306,2158
12512,333464,Sámi Moment,5.682,2013-10-11,0.0,0
12513,323319,Stronger than Arms,5.2489,2014-07-10,0.0,0
12514,3600,I Still Know What You Did Last Summer,6.0597,1998-11-13,5.37,1764
12515,1491902,Bang,5.6159,2025-07-11,6.629,89
12516,581429,The Reich's Orchestra,5.401,2007-11-01,6.5,4
12517,1262815,The Choral,5.4416,2025-11-07,6.408,49
12518,677115,Female Urologists 2,5.3987,2020-02-20,5.167,12
12519,545237,The Nest,6.9135,2020-05-08,6.081,390
12520,381126,Taego Ãwa,5.2547,2017-05-11,6.2,4
12521,1647,The Recruit,6.2979,2003-01-31,6.397,1953
12522,487616,Curiosa,6.1543,2019-04-03,5.806,248
12523,1087822,Hellboy: The Crooked Man,5.4146,2024-08-29,5.142,576
12524,279204,Master and Servant,5.6263,1962-01-02,4.2,5
12525,2044,The Lake House,7.0305,2006-06-16,7.032,3025
12526,21407,The Collector,6.2028,2009-07-09,6.626,1708
12527,284075,The Girl from Distant River,5.3853,1928-05-15,4.5,2
12528,596161,Let Him Go,6.77,2020-11-05,6.838,837
12529,1005564,High Fever,4.6502,2022-01-22,1.0,2
12530,112039,Sex Drive,5.1901,2003-04-02,5.444,9
12531,357096,I Spit on Your Grave III: Vengeance Is Mine,6.4008,2015-10-01,5.774,1077
12532,604282,Plyaska smerti,5.0798,2015-04-03,8.0,1
12533,121875,In the House,6.3141,2012-09-26,7.243,919
12534,869735,Experimetral,5.2946,2019-10-30,0.0,0
12535,1128557,Let's & Go! WGP The Great Pursuit of the Berserk Mini 4WD car!,3.4235,1997-07-05,5.5,2
12536,1104844,BLUE LOCK THE MOVIE -EPISODE NAGI-,5.7446,2024-04-19,7.518,249
12537,457335,Guns Akimbo,6.3875,2020-02-27,6.435,2605
12538,15070,Undisputed,6.4807,2002-07-17,6.52,841
12539,636706,Spaceman,5.3872,2024-02-23,6.71,1076
12540,1006399,Blue Love,4.9672,1985-12-01,8.0,1
12541,474412,To Her,5.2547,2017-07-12,7.333,9
12542,10714,The Jungle Book,5.4211,1994-12-23,6.001,512
12543,1076446,Kodama,5.3602,2023-03-11,5.7,3
12544,263748,Mohini,5.4458,1948-10-30,0.0,0
12545,1543237,El monstruo,4.6811,2025-09-16,0.0,0
12546,567811,10 Lives,6.7721,2024-04-18,7.656,225
12547,1735106,Namaku Bedah,4.5304,2017-01-01,0.0,0
12548,107748,Sin tetas no hay paraíso,5.3853,2010-07-23,7.363,113
12549,1015003,Qandil Mountains,5.1685,2010-08-01,9.0,1
12550,10025,Just My Luck,6.4636,2006-05-12,6.182,2033
12551,10026,Hot Tamale,5.3622,2006-04-23,4.943,35
12552,9691,Assassins,5.6078,1995-10-06,6.496,1740
12553,1101010,Superhero,5.6185,2016-01-01,0.0,0
12554,1229343,Bikini Bar: Delicious Service,5.5767,2020-11-26,10.0,1
12555,266751,Grandma,5.2165,2010-01-02,0.0,0
12556,867,Sliver,6.3224,1993-05-21,5.586,824
12557,11469,Black Knight,5.8525,2001-11-21,5.5,1250
12558,791523,Wildwood,6.0757,2026-10-22,0.0,0
12559,1090,The Thirteenth Floor,5.8723,1999-04-16,7.074,1570
12560,11469,Black Knight,5.8525,2001-11-21,5.5,1250
12561,791523,Wildwood,6.0757,2026-10-22,0.0,0
12562,1090,The Thirteenth Floor,5.8723,1999-04-16,7.076,1571
12563,11519,1941,5.5121,1979-12-14,5.8,709
12564,1222796,Foreigner,5.5081,1937-01-01,7.0,1
12565,437274,A körtvélyesi csíny,5.1645,1995-04-05,9.0,1
12566,28874,Summer Wars,5.9298,2009-08-01,7.453,1053
12567,1007973,"Philippe-Alain Michaud, le réel traversé par la fiction",4.6613,2016-01-01,0.0,0
12568,1260952,Kronos,4.4608,2023-06-14,0.0,0
12569,734635,Discomfort Between The Fingers,6.4942,2017-03-01,0.0,0
12570,621384,How to find the ideal?,5.3544,2008-09-18,0.0,0
12571,11407,Der Schlüssel zum Erfolg,5.1391,2008-01-01,0.0,0
12572,1522923,Safe House,5.4241,2025-10-30,6.34,78
12573,534171,Purpose of Reunion 2,5.0408,2017-08-31,5.3,16
12574,1934,Shakespeare in Love,5.8666,1998-12-11,6.828,3247
12575,9986,Charlotte's Web,6.3132,2006-12-07,6.233,1475
12576,312000,Prince Danylo Halytskyi,4.9993,1987-07-28,3.3,3
12577,12589,Jimmy Neutron: Boy Genius,5.8553,2001-12-14,6.118,1021
12578,431071,Mad Families,6.6447,2017-01-12,4.688,56
12579,950051,Subject,5.0455,2022-06-23,0.0,0
12580,11015,The Relic,8.6679,1997-01-10,6.152,642
12581,1734514,Shah & Zam,4.5196,,0.0,0
12582,1045938,G20,4.8265,2025-04-10,6.338,701
12583,886164,Nour Shams,4.9451,2021-12-01,0.0,0
12584,1178620,"Montreal, My Beautiful",5.364,2026-02-13,6.8,5
12585,11238,Aladdin and the King of Thieves,6.7649,1996-05-20,6.253,1997
12586,286757,Present Indicative,4.743,1971-08-13,9.0,1
12587,610253,Halloween Kills,7.347,2021-10-14,6.4,2948
12588,1634949,Lorne,5.1764,2026-04-17,6.8,10
12589,1610418,The House on Haunted Grounds,5.8948,2026-01-09,6.288,26
12590,454294,The Kid Who Would Be King,5.7738,2019-01-16,6.204,851
12591,10851,Revolver,5.7796,2005-09-11,6.356,1578
12592,1586,Secret Window,7.2595,2004-03-12,6.566,3983
12593,77617,Detective Conan: Quarter of Silence,5.7012,2011-04-16,7.071,156
12594,550093,K: Seven Stories Movie 6 - Circle Vision - Nameless Song,4.841,2018-12-01,6.0,11
12595,1087973,Mama Weds Papa,5.5387,2023-02-17,0.0,0
12596,16113,The Delta Force,6.3562,1986-02-14,6.0,527
12597,92542,Joyjatra,5.1608,2004-11-15,7.7,3
12598,520946,100% Wolf,6.8448,2020-06-26,6.13,341
12599,19899,Couples Retreat,6.1278,2009-09-19,5.567,2119
12600,1103257,International Departures,5.2314,2021-09-20,4.0,3
12601,322391,Sivagangai Seemai,5.3776,1959-05-19,10.0,1
12602,481891,An Affair: My Friend's Mom,5.2206,2017-08-24,3.714,7
12603,381916,La Traviata,5.2387,2014-08-04,0.0,0
12604,299,Ocean's Eleven,5.9382,1960-08-10,6.4,411
12605,385016,"Pofonok Völgye, Avagy Papp Lacit Nem Lehet Legyőzni",5.5024,1981-01-01,10.0,1
12606,930081,Taking Chances,5.0393,2021-11-23,6.0,1
12607,557757,Insane Mother,5.6972,2018-01-04,0.0,1
12608,718049,The Tales of Chandrabati,5.3666,2020-09-19,0.0,0
12609,1497861,Las Estrellas,4.7628,2012-05-12,0.0,0
12610,9793,The Hills Have Eyes 2,6.0338,2007-03-22,5.576,1646
12611,923877,Brothers,5.0855,2022-04-05,7.0,1
12612,700548,My Student's Mom 4,5.5198,2019-10-11,3.5,2
12613,1374534,Almost Cops,6.219,2025-07-10,5.901,181
12614,434555,The Possession of Hannah Grace,5.9826,2018-11-29,5.635,1505
12615,1507114,Ghost Story,4.8056,,0.0,0
12616,1104972,Saragapuraru Asichi Priya,5.4671,2023-03-26,0.0,0
12617,9529,Candyman,5.8102,1992-10-16,6.664,1841
12618,15969,The Return of Jafar,6.1523,1994-12-15,6.236,3468
12619,10708,Daddy Day Care,6.1828,2003-05-09,5.92,2275
12620,1381202,The Outer Threat,5.4579,2026-07-10,5.7,16
12621,826443,Ceviz Oynamaya Mı Geldin,5.4402,2007-03-22,4.0,2
12622,17917,Oliver!,4.3866,1968-09-26,7.0,497
12623,1103738,Ranger,4.9149,2000-01-01,0.0,0
12624,19901,Daybreakers,6.5762,2010-01-06,6.285,2223
12625,923939,The Wonderful Story of Henry Sugar,5.221,2023-09-20,7.254,1445
12626,12118,Police Academy 3: Back in Training,6.0886,1986-03-20,5.819,1390
12627,523777,Next Gen,5.7329,2018-09-07,6.978,863
12628,24740,The Entity,6.3749,1982-09-30,6.843,585
12629,497828,Triangle of Sadness,6.9203,2022-09-18,7.012,2932
12630,4105,Black Rain,6.5105,1989-09-22,6.583,1259
12631,399366,Marrowbone,6.1922,2017-10-27,7.282,1865
12632,8838,Mercury Rising,6.3514,1998-04-03,6.299,1692
12633,1196656,Sugar Baby,5.9023,2023-11-24,5.2,10
12634,1098830,Suka Bhaira Sholay,5.126,2023-06-10,0.0,0
12635,674646,Becoming,5.2549,2021-12-01,5.0,1
12636,10718,Torque,6.1452,2004-01-16,5.279,648
12637,1241624,Ghost Train,4.7249,2025-07-09,7.354,134
12638,563383,Ezhai Padum Paadu,5.2537,1950-11-09,7.5,2
12639,261539,Aliança,5.3964,2014-01-25,0.0,0
12640,261539,Aliança,5.3964,2014-01-25,0.0,0
12641,247860,Reflection in the Water,5.2046,1977-01-03,0.0,0
12642,422,8½,6.0996,1963-02-14,8.082,2556
12643,823766,The Wonder,6.187,2022-11-02,6.604,984
12644,143557,Napozz Holddal - A Kispálfilm,5.4097,2010-12-14,10.0,1
12645,1639249,The Berlin Fugue,4.659,2009-08-07,0.0,0
12646,2028,Say Anything...,6.0209,1989-04-14,7.0,1139
12647,11891,Kung Pow: Enter the Fist,4.6189,2002-01-25,6.4,771
12648,130787,¡Qué Joyitas!,5.1854,2011-12-01,8.0,1
12649,938090,Yoon-Yool's Men Affairs,5.0018,2021-09-07,10.0,1
12650,438590,A-X-L,5.4806,2018-08-23,6.362,1283
12651,470095,Peripatético,5.2416,2017-08-28,0.0,0
12652,1729773,Killer Clown,3.654,2026-08-01,8.0,1
12653,66312,Mangudi Minor,5.2356,1978-05-19,4.0,1
12654,17467,Riki-Oh: The Story of Ricky,5.5516,1991-10-05,6.871,376
12655,11825,Police Academy 5: Assignment Miami Beach,5.2554,1988-03-17,5.227,1029
12656,91118,Tiga Abdul,5.0002,1964-04-22,6.7,5
12657,581462,Ostrich Politic,5.222,2018-11-15,7.375,8
12658,262620,Song of China,5.6355,1935-09-06,8.0,2
12659,26123,American Pie Presents: The Book of Love,5.6929,2009-12-02,5.256,1857
12660,11281,Halloween II,6.8216,1981-10-30,6.589,2281
12661,1569627,"Terry McMillan Presents: His, Hers & Ours",5.5389,2025-10-01,5.0,2
12662,616747,Haunted Mansion,6.6704,2023-07-26,6.436,1258
12663,15157,Another Cinderella Story,6.0876,2008-09-16,7.3,2137
12664,479,Shaft,5.8997,2000-06-15,6.023,1478
12665,284536,The Gambler,6.3855,2014-12-25,6.039,1589
12666,6519,The Dukes of Hazzard,5.9269,2005-08-05,5.622,1335
12667,1240875,Obscene Mountain Lodge: Suspicious Medicine Seller,5.6718,2023-05-11,6.0,3
12668,367762,Camembert Rose,5.0414,2009-09-10,6.0,4
12669,663558,New Gods: Nezha Reborn,6.3098,2021-02-06,8.072,523
12670,15301,Twilight Zone: The Movie,5.4716,1983-06-24,6.489,828
12671,330483,The Choice,6.5993,2016-02-04,7.206,1983
12672,580007,One and a Half Prince,5.2988,2018-08-29,5.3,6
12673,548766,Such Beautiful People,5.3064,2014-09-24,6.8,5
12674,636609,Димка-велогонщик,5.4051,1969-02-14,0.0,0
12675,6073,The Mexican,6.6343,2001-03-01,5.955,1635
12676,557525,Shadow Puppets,5.1411,2013-01-01,0.0,0
12677,14069,The Girl Who Leapt Through Time,6.313,2006-07-15,7.773,2280
12678,1126336,Anniversary,5.0402,2025-10-29,6.8,157
12679,83389,From Up on Poppy Hill,6.4402,2011-07-16,7.527,1972
12680,22582,Tom and Jerry: The Movie,6.4049,1992-10-01,6.3,631
12681,837,Videodrome,5.6257,1983-02-04,7.244,2517
12682,2288,Closer,6.0361,2004-12-03,6.831,3775
12683,422782,Two in the Morning,5.1673,1987-10-19,0.0,0
12684,596258,Anna,5.1308,2019-07-05,6.1,16
12685,406708,Caçadores de Espécies e o Símbolo Secreto,5.0689,2014-01-01,0.0,0
12686,47002,Love Letter,6.0016,1995-03-25,7.833,269
12687,1734700,Tulus Cinta,4.2772,2018-01-01,0.0,0
12688,11697,The Man Who Shot Liberty Valance,5.6692,1962-04-13,7.819,1310
12689,1647409,Desperada,5.8141,2026-03-23,0.0,0
12690,25704,Post Grad,6.8385,2009-08-21,4.989,322
12691,8965,Atlantis: Milo's Return,5.5863,2003-02-25,6.331,3909
12692,653349,Vacation Friends,5.2733,2021-08-27,7.0,909
12693,8989,Harry and the Hendersons,5.1912,1987-06-05,6.131,754
12694,4379,Monster-in-Law,6.5849,2005-05-13,6.23,1785
12695,926606,The Home,6.0377,2025-07-24,6.825,294
12696,334761,Sword and Dice,5.3165,1959-04-06,7.0,1
12697,419785,Keyamat Theke Keyamat,4.5644,1993-03-20,8.0,6
12698,1050684,Ivan and the Mare,4.9793,1992-01-01,0.0,0
12699,724209,Heart of Stone,6.0958,2023-08-09,6.698,1939
12700,19576,One Piece: The Movie,5.2681,2000-03-04,7.1,396
12701,417546,The Other End,4.8891,2016-10-06,6.536,42
12702,865030,Lily,4.8374,2024-01-31,0.0,0
12703,806704,The Batman: Part II,5.3608,2028-02-17,0.0,0
12704,118451,Eungyo,4.9462,2012-04-25,6.748,103
12705,1208808,Night Shift,5.3502,2024-12-05,6.438,194
12706,820232,Demon Slayer: Kimetsu no Yaiba - Sibling's Bond,5.5316,2019-03-29,7.884,254
12707,1435734,Better Class,4.7819,2026-04-10,5.5,8
12708,321055,The Beijing Chick,4.9072,1991-01-01,9.0,1
12709,23169,Remember Me,6.5811,2010-03-11,7.103,3761
12710,10774,Network,6.0124,1976-11-27,7.798,2063
12711,353070,Going in Style,5.9322,2017-04-06,6.694,3074
12712,1555951,Salikmata,4.8198,2025-10-22,3.3,3
12713,447759,Adult Only Institute,4.9076,2017-03-14,4.667,15
12714,12572,"New York, I Love You",5.6598,2008-09-06,5.957,608
12715,13688,CJ7,6.2754,2008-01-30,7.324,817
12716,483841,Georgian Grapes,5.4017,1999-06-04,4.9,7
12717,373219,Zaragoza's Lesson,5.2039,2014-09-23,3.7,3
12718,9101,Down Periscope,5.9899,1996-03-01,6.396,541
12719,290917,Red Earth,5.2119,1982-09-06,7.0,5
12720,290917,Red Earth,5.2119,1982-09-06,7.0,5
12721,170028,Grève party,5.2355,1998-03-04,5.4,5
12722,400106,Bright,6.5481,2017-12-22,6.163,6023
12723,792587,Youth Like Fire,5.2775,1976-09-01,0.0,0
12724,1094274,Y2K,4.4633,2024-12-06,5.136,297
12725,291145,Before the Last Curtain Falls,5.7801,2014-11-13,6.0,3
12726,82650,Diary of a Wimpy Kid: Dog Days,6.294,2012-08-02,6.372,1079
12727,272371,Saanghuro,5.3386,2013-05-14,0.0,0
12728,1632,Mississippi Burning,6.3964,1988-12-08,7.7,1986
12729,476292,Maquia: When the Promised Flower Blooms,6.9129,2018-02-24,8.137,717
12730,672322,Rurouni Kenshin: The Beginning,6.1772,2021-06-04,7.7,554
12731,1202442,Colônia Contra-Ataca: 2ª Temporada - Saga Vinet,5.4162,2014-09-20,8.0,1
12732,878778,Há um azul no céu,5.4674,2020-11-26,0.0,0
12733,643215,Asterix & Obelix: The Middle Kingdom,6.7215,2023-02-01,4.826,1191
12734,302429,Strange Magic,6.2476,2015-01-23,7.254,580
12735,12159,What Dreams May Come,6.0241,1998-10-02,7.244,2567
12736,1600672,EVANGELION 30th Anniversary Special Screening,5.5683,2026-02-21,8.3,10
12737,664469,Amsterdam,6.1132,2022-09-27,6.064,1854
12738,76489,The Three Stooges,5.4041,2012-04-13,5.8,658
12739,1735145,Jejak Karmila,4.8443,2016-01-01,0.0,0
12740,50009,Eşrefpaşalılar,4.8846,2010-03-05,5.3,8
12741,1732537,Mr Millennium,4.6604,2021-01-01,0.0,0
12742,548908,Chandrokotha,5.0254,2003-08-22,8.4,5
12743,26550,Little Lips,6.3217,1978-02-08,5.032,31
12744,15356,The Girl Next Door,5.4266,2007-07-19,6.648,799
12745,609313,Badlands,5.287,2019-06-15,0.0,0
12746,1165116,Incognito,5.0016,2012-03-02,0.0,0
12747,626872,Emergency Declaration,5.2514,2022-08-03,7.5,438
12748,801688,Kalki 2898-AD,4.895,2024-06-26,6.395,185
12749,478640,Có Căn Nhà Nằm Nghe Nắng Mưa,5.0755,2017-05-05,7.0,1
12750,14560,Paul Blart: Mall Cop,6.114,2009-01-15,5.454,2756
12751,803410,Agent Mambo: True Pac,5.0596,2021-04-15,0.0,0
12752,313072,His Excellency,5.3511,1928-03-20,7.5,2
12753,326313,Kayıp Aşıklar,4.8532,2004-03-11,0.0,0
12754,112949,Safe Haven,5.7444,2013-02-07,7.234,2445
12755,100,"Lock, Stock and Two Smoking Barrels",5.4201,1998-08-28,8.096,7291
12756,7553,Waiting...,5.4809,2005-10-07,6.2,999
12757,1074156,淫乱人间,5.167,1994-01-01,3.0,2
12758,1215562,Entre Espaços,4.1973,2023-03-31,0.0,0
12759,707431,The Final Phase,5.3919,2020-07-04,6.6,43
12760,5919,The Towering Inferno,6.2941,1974-12-14,7.005,1053
12761,714379,Land of Bears,5.4248,2019-04-18,0.0,0
12762,248116,Fronte tēva pagalmā,5.0549,1984-06-22,0.0,0
12763,13836,Race to Witch Mountain,5.7039,2009-03-13,5.795,1840
12764,335777,The Nut Job 2: Nutty by Nature,6.7619,2017-08-11,6.156,477
12765,349498,Flying Colors,4.7326,2015-05-01,7.554,169
12766,1226120,Jadi bikin?,4.3267,2021-12-18,0.0,0
12767,9909,Dangerous Minds,6.1218,1995-08-11,7.0,1300
12768,585518,Riddles In Mathematics,5.5347,2017-02-08,0.0,0
12769,17993,Henry & June,5.8849,1990-09-28,6.044,234
12770,10538,Passenger 57,5.4157,1992-11-06,6.023,1143
12771,12481,The Big Boss,5.7644,1971-10-23,7.062,860
12772,20982,Naruto Shippuden the Movie,5.1682,2007-08-04,7.419,1071
12773,529216,Mirage,6.0802,2018-11-30,7.461,2026
12774,389053,The Do-Over,5.5705,2016-05-27,5.702,1624
12775,649609,Renfield,6.1643,2023-04-07,6.441,2185
12776,400,Things to Do in Denver When You're Dead,5.9965,1995-12-01,6.455,438
12777,14254,The Uninvited,7.4281,2009-01-30,6.459,1653
12778,940780,Somos Dois,4.2945,1950-12-06,8.0,1
12779,99182,Kathai,5.2603,2010-01-29,0.0,0
12780,11286,The Cannonball Run,6.0998,1981-06-19,6.2,709
12781,552676,Stranded,5.7787,2017-12-20,0.0,0
12782,4477,The Devil's Own,5.8562,1997-03-13,6.193,1385
12783,504,Monster,5.8465,2003-12-24,7.206,2584
12784,688200,The Visit,4.5157,2005-07-13,0.0,0
12785,9696,Ichi the Killer,5.4041,2001-12-22,6.995,1122
12786,176241,Prison Break: The Final Break,5.3363,2009-09-10,7.476,736
12787,284358,A Vida é Curta!,4.8595,,0.0,0
12788,26181,Some Girls Do,4.5516,1969-01-23,5.78,25
12789,1588,Bring It On,6.2318,2000-08-25,6.3,1879
12790,1411007,Welded Together,5.4227,2025-06-20,9.0,1
12791,1646,Freedom Writers,6.8806,2007-01-05,7.929,2452
12792,325133,Neighbors 2: Sorority Rising,6.6173,2016-05-04,5.817,4664
12793,436903,Noite Escura de São Nunca,5.1612,2015-07-16,0.0,0
12794,8408,Day of the Dead,6.1659,1985-07-03,7.018,1420
12795,13600,City of Ember,7.0345,2008-10-07,6.369,1925
12796,860,WarGames,4.5785,1983-06-03,7.069,2210
12797,431814,Budapest Bár - Szívemben bomba van,5.5269,2012-12-31,0.0,0
12798,709631,Cobweb,6.7552,2023-07-19,6.423,1107
12799,370365,Archipelago,5.3335,2016-01-08,2.7,3
12800,370365,Archipelago,5.3335,2016-01-08,2.7,3
12801,11411,Superman IV: The Quest for Peace,5.82,1987-07-24,4.605,1430
12802,2334,Taxi 3,5.5027,2003-01-29,5.756,1682
12803,11676,Nothing to Lose,5.6595,1997-07-18,6.573,722
12804,10312,Patch Adams,6.2953,1998-12-25,7.317,3482
12805,789551,Hug Me,5.2021,2018-09-26,0.0,0
12806,32579,Under the Same Moon,5.2,2007-07-27,7.912,357
12807,582913,The Room,6.282,2019-09-12,6.401,1056
12808,13252,Cleaner,6.1373,2007-09-11,6.091,948
12809,1312867,Backrider,4.9176,2024-08-13,4.75,4
12810,293070,The Grain,4.9836,2007-10-25,7.0,3
12811,631517,Damn Graduation,4.9781,2017-03-30,0.0,0
12812,1121070,Supermarket Affairs,6.2969,2023-02-05,0.0,0
12813,736312,Fall Out,5.2096,2020-07-11,0.0,0
12814,692372,Trusha,5.15,2015-10-04,9.0,1
12815,11327,Midnight Express,6.2027,1978-08-31,7.4,1916
12816,696374,Gabriel's Inferno,5.5249,2020-05-29,8.381,2477
12817,641536,Hey U!,5.161,2019-11-24,0.0,0
12818,226395,"If It's Not Now, Then When?",5.0362,2012-09-01,6.2,4
12819,722149,Luther: The Fallen Sun,6.2763,2023-02-24,6.6,1123
12820,288618,Atlántida,4.9277,2014-10-02,5.667,12
12821,2043,Along Came a Spider,5.5343,2001-04-06,6.346,2091
12822,8869,Eight Legged Freaks,5.7407,2002-07-17,5.806,1366
12823,522241,The Courier,7.1636,2020-01-24,7.033,1365
12824,52212,Miranda,5.112,1985-10-15,5.14,118
12825,677638,We Bare Bears: The Movie,5.3332,2020-06-30,7.8,866
12826,26198,The Keep,5.4133,1983-12-16,5.636,320
12827,2309,Inkheart,6.0086,2008-12-11,6.302,2301
12828,376660,The Edge of Seventeen,6.0757,2016-11-18,7.152,4293
12829,1658982,The Roast of Kevin Hart,5.4616,2026-05-10,6.1,28
12830,1735027,Menanti Februari,4.1476,2017-01-01,0.0,0
12831,386716,Young Mother 3,5.1617,2015-09-03,6.028,18
12832,1099975,Mana Museum,5.3003,2023-03-24,0.0,0
12833,324732,Tears of a Mother,5.2215,1937-01-17,7.0,1
12834,1020047,In the Hand of Dante,5.3112,2026-06-12,5.491,54
12835,5966,Along Came Polly,6.4652,2004-01-16,6.034,3060
12836,713354,Khyanikaa: The Lost Idea,5.3429,2018-06-08,0.0,0
12837,14817,Good Burger,5.324,1997-07-25,6.206,586
12838,755909,Inconstância,5.2449,2011-07-19,0.0,0
12839,1150706,Концерт Нурлана Сабурова,5.0392,2018-12-02,0.0,0
12840,9281,Witness,5.633,1985-02-08,7.091,1926
12841,1432474,Nimrods,5.7655,2026-08-06,0.0,0
12842,791128,Youngest Sister Class,5.0456,2020-05-01,4.625,8
12843,1018716,Case in Dash-Kale,5.4451,1963-01-01,0.0,0
12844,40205,16 Wishes,5.6249,2010-10-02,6.32,1373
12845,293935,Jesus '71,4.4586,1993-01-01,7.0,1
12846,388375,Se Não...,5.4897,2015-04-25,10.0,1
12847,321697,Steve Jobs,5.4307,2015-10-09,6.774,4409
12848,787052,Amityville Poltergeist,5.2134,2020-12-01,3.1,8
12849,514968,Granny Project,5.4721,2017-07-11,7.5,2
12850,227719,Project Almanac,6.18,2015-01-28,6.792,2902
12851,25538,Yi Yi,4.9328,2000-09-20,7.947,685
12852,825198,Takes on People Smoking,5.4395,2021-07-01,0.0,0
12853,389446,Çekmeköy Underground,4.7273,2015-03-13,5.0,3
12854,863235,Helicopter,5.5223,2021-08-28,0.0,0
12855,18480,Brüno,5.5908,2009-07-08,5.631,1950
12856,575808,End of Season,5.1404,2019-01-28,8.0,1
12857,247806,Forgotten Things,5.0263,1982-01-03,9.0,1
12858,891897,Ледяная история,5.1015,2021-12-02,0.0,0
12859,377362,Clarisse or Something About Us,5.4793,2015-10-30,4.409,11
12860,1130225,Ilya Sobolev: Third,4.763,2023-05-18,0.0,0
12861,10956,Joe Dirt,6.104,2001-04-10,5.646,826
12862,438674,Dragged Across Concrete,5.7222,2019-02-21,6.594,1150
12863,500561,Wanda,4.8516,2018-01-01,0.0,0
12864,784949,Give me the pump 2,4.5487,2015-10-15,9.0,1
12865,732059,Rock Around the Kremlin,5.3252,1985-08-01,0.0,0
12866,472664,Diálogo,5.1243,2010-01-01,0.0,0
12867,1239194,Sabaleros trabajadores,4.36,2021-01-01,0.0,0
12868,1734167,Drip Drop,4.2833,2026-05-17,0.0,0
12869,413337,Girl in the Box,5.4651,2016-09-10,6.709,163
12870,8879,Pale Rider,5.812,1985-06-28,7.166,1222
12871,565028,Candyman,5.4837,2021-08-25,5.994,1803
12872,452026,El víbora,4.8599,2002-01-01,0.0,0
12873,315129,Dreams of Love,4.864,1935-01-01,10.0,1
12874,307977,Fuera Del Aire: La Película,5.6336,2014-11-28,0.0,0
12875,1522027,Son of Sara: Volume 1,5.3692,2025-11-17,10.0,1
12876,518446,Circus,4.9237,2018-04-19,0.0,0
12877,10552,Cat's Eye,6.0235,1985-04-12,6.74,748
12878,334431,Legend of My Youth,5.3048,1992-01-02,4.667,3
12879,11202,Patton,5.2867,1970-01-25,7.451,1232
12880,795788,Pork and Moon,4.8088,2013-01-01,4.0,1
12881,396194,Ennio,6.2633,2022-02-17,8.313,386
12882,3536,U-571,5.4701,2000-04-20,6.546,1391
12883,39202,Detective Conan: Crossroad in the Ancient Capital,5.2884,2003-04-19,7.117,183
12884,66,Absolute Power,6.4286,1997-02-14,6.7,1265
12885,1254404,Falling Up,4.4082,2022-08-01,0.0,0
12886,481256,Sinister Shadow,5.5063,2018-01-24,0.0,0
12887,468668,Rain Blues,5.4017,1982-12-20,6.0,1
12888,834329,A este lado de la carretera: Danza Invisible y la magia de Torremolinos,5.4933,2021-06-07,2.0,1
12889,16538,"I Love You, Man",5.7551,2009-03-20,6.574,1973
12890,454992,The Spy Who Dumped Me,6.4389,2018-08-02,6.368,2389
12891,1552,Parenthood,4.9285,1989-07-31,6.665,734
12892,10234,Funny Games,5.701,1997-09-11,7.307,2119
12893,484503,The Black Pearl,4.4297,1982-01-01,0.0,0
12894,357469,Rádio Pirata,4.99,1987-01-01,5.3,10
12895,598387,The Tiger's Apprentice,7.245,2024-02-16,7.247,148
12896,795899,Crime Scene,5.4759,2021-07-25,4.0,1
12897,634908,Husma,4.8983,2019-09-20,9.0,1
12898,440897,A Tale of First Love,5.2998,1957-07-28,8.0,2
12899,676581,The Island,5.0936,2023-06-07,6.5,4
12900,440897,A Tale of First Love,5.2998,1957-07-28,8.0,2
12901,676581,The Island,5.0936,2023-06-07,6.5,4
12902,10098,The Kid,6.5062,1921-01-21,8.1,2413
12903,33194,Xiu Xiu: The Sent-Down Girl,5.7664,1998-02-19,7.24,50
12904,534567,The Black Stones,4.7724,1956-12-02,0.0,0
12905,12783,The Duchess,6.4772,2008-09-05,6.981,1829
12906,526051,Look Away,6.1305,2018-10-12,6.544,982
12907,1677,Ray,5.8961,2004-10-29,7.455,2257
12908,266745,Ukrainian Literature: Guide for Assholes,5.5572,2010-09-23,2.0,1
12909,1608601,El lienzo,4.4877,2024-07-01,0.0,0
12910,79137,Russell Howard: Right Here Right Now,5.5509,2011-11-14,6.615,13
12911,656663,Jackass Forever,6.4196,2022-02-01,6.79,941
12912,1642859,Iron Maiden: Burning Ambition,5.348,2026-05-07,8.733,60
12913,12104,Pink Floyd: The Wall,5.7186,1982-07-14,7.941,1679
12914,2640,Heathers,6.0145,1989-03-31,7.267,1906
12915,349048,Daughter of the Lake,5.6239,2015-08-27,7.0,10
12916,9560,A Walk in the Clouds,5.7692,1995-05-27,7.377,1140
12917,882339,钱在路上跑,4.9674,2014-12-12,7.0,1
12918,62764,Mirror Mirror,6.8685,2012-03-15,5.92,3305
12919,292399,The Whirlpool,5.5218,1927-01-02,8.0,1
12920,661411,Dentro da Caixinha — Segredo de Criança,5.2563,2016-06-15,4.0,1
12921,977599,Self-Defense,4.8284,2016-03-31,0.0,0
12922,620071,Arevik,5.3593,1978-11-10,8.0,1
12923,396263,GANTZ:O,5.9708,2016-10-14,7.369,858
12924,11522,Pretty in Pink,5.5652,1986-02-28,6.688,1227
12925,326501,Sábado À Noite,5.4245,2007-01-05,0.0,0
12926,5551,Space Cowboys,5.7652,2000-08-04,6.4,1552
12927,129139,The To Do List,5.5555,2013-07-24,5.766,1104
12928,173,"20,000 Leagues Under the Sea",5.8953,1954-12-23,7.1,997
12929,12150,Sea of Love,5.8317,1989-09-15,6.601,697
12930,23082,The Invention of Lying,6.1674,2009-10-02,6.213,2363
12931,455512,Close,5.0347,2008-01-01,0.0,0
12932,499726,MILF,5.3336,2018-05-02,5.712,598
12933,45933,The Nurse on a Military Tour,5.3224,1977-09-02,5.012,43
12934,1182387,Armor,5.692,2024-10-30,5.5,301
12935,390678,Cobra,4.9671,1977-01-01,5.0,1
12936,1658217,Sawsawan,5.5432,2026-04-10,5.0,1
12937,9513,Garfield: A Tail of Two Kitties,6.1645,2006-06-15,5.608,2362
12938,37533,White Wedding,5.535,1989-11-08,6.628,129
12939,671569,Kathbirali,5.0818,2020-01-17,4.5,4
12940,671569,Kathbirali,5.0818,2020-01-17,4.5,4
12941,465086,The Grudge,6.8573,2019-12-31,5.408,1331
12942,635731,Pig,5.4307,2021-07-16,6.615,1773
12943,23023,Tooth Fairy,4.5479,2010-01-14,5.49,2129
12944,163940,The Peddler,5.7284,2010-04-10,6.6,5
12945,1242404,Steve,4.4464,2025-09-19,6.4,295
12946,6723,The Rookie,6.0128,1990-12-07,5.895,628
12947,422124,O Amor Que Não Ousa Dizer Seu Nome,5.4119,2013-10-10,0.0,0
12948,949559,Estática,4.4747,2022-05-08,5.5,1
12949,393850,Senza vergogna,5.2463,1986-03-19,4.808,13
12950,1108828,Girls Will Be Girls,5.1362,2024-08-21,7.043,47
12951,589194,Everyday Relationship,5.1326,2018-08-30,7.0,1
12952,1075834,Downpour,5.1412,1929-04-18,0.0,0
12953,1403040,UFC 312: Du Plessis vs. Strickland 2,5.3942,2025-02-08,6.667,3
12954,578522,Fatherland,4.8661,2017-05-13,7.2,4
12955,626429,Wohti Le Kay Jani Aay,4.943,2010-11-11,10.0,1
12956,77985,Maria's Lovers,5.5799,1984-07-15,6.023,65
12957,1189198,Genie,4.0718,2023-11-22,6.511,274
12958,318781,Colonia,5.7469,2016-02-12,7.255,2006
12959,398399,Delusion Is Redemption to Those in Distress,5.7097,2016-05-15,6.8,4
12960,1015744,Hope Bahnhof,4.8537,2022-08-24,0.0,0
12961,1107815,El aumento,5.2225,2023-05-04,2.0,1
12962,10345,K-9,4.3392,1989-04-28,6.169,1069
12963,598285,Strip and War,5.3307,2019-04-12,0.0,0
12964,336,"Duck, You Sucker",7.1604,1971-10-29,7.667,1199
12965,762968,Do Revenge,5.5807,2022-09-14,6.386,1021
12966,10135,Road House,5.4658,1989-05-19,6.8,1557
12967,1317938,Norma: Antara Mertua dan Menantu,5.4926,2025-03-31,6.813,8
12968,863951,Sobre Olhares,4.7251,2021-08-20,0.0,0
12969,23488,Dorian Gray,5.9445,2009-09-09,6.048,2256
12970,14248,Igor,5.2172,2008-09-19,6.032,612
12971,631708,Fortín alto,5.1408,1941-06-03,0.0,0
12972,588958,The Patriot,5.0897,2018-11-18,0.0,0
12973,3036,Mary Shelley's Frankenstein,4.7236,1994-11-04,6.445,1393
12974,1710,Copycat,5.5187,1995-10-27,6.475,1319
12975,15854,Kung Fu Panda: Secrets of the Furious Five,6.2446,2008-11-08,6.8,479
12976,1137616,SEMAINU,5.2997,2023-06-04,0.0,0
12977,17134,12 Rounds,6.3168,2009-03-19,5.902,854
12978,717930,Kandahar,6.5435,2023-05-25,6.773,1282
12979,439309,Corpo Delito,5.0097,2017-01-28,5.9,4
12980,118379,Viva Erotica,5.1843,1996-11-28,6.8,39
12981,499488,Smilinguido em Histórias de Formiga 2,5.0493,2008-06-21,7.3,3
12982,696967,Pyrale,4.5988,2020-04-25,6.2,2
12983,11128,Ladder 49,5.4478,2004-10-01,6.471,891
12984,1243609,BanG Dream! 3rd☆LIVE Sparklin'PARTY 2017!,5.0222,2017-02-05,0.0,0
12985,1440769,The Beekeeper 2,5.2782,2027-01-14,0.0,0
12986,1731821,Rotten Society,4.4643,,0.0,0
12987,493607,Lukamari,5.2296,2016-06-24,10.0,1
12988,185567,Zulu,5.2892,2013-12-04,6.678,524
12989,10664,[REC]²,5.7505,2009-09-15,6.635,2228
12990,12610,Osmosis Jones,5.1532,2001-08-10,6.498,1098
12991,16523,Where the Wild Things Are,6.1059,2009-10-16,6.5,2045
12992,13151,Scooby-Doo on Zombie Island,5.6954,1998-09-22,7.7,864
12993,10730,King Kong,6.6268,1976-09-08,6.3,933
12994,3989,Team America: World Police,5.7514,2004-10-10,6.722,2079
12995,9282,11:14,4.7913,2004-08-20,6.804,971
12996,287627,Orpheus and Eurydice,5.1731,1986-01-06,8.0,1
12997,1305715,Unexpected Family,5.7156,2026-01-01,7.859,39
12998,791853,The Adventures of Tin Liao,5.3556,2013-04-17,0.0,0
12999,1124491,Entre Muros,4.2973,2023-04-28,10.0,3
13000,189172,Under the Mountains,5.1547,1920-07-06,6.5,2
13001,1531141,Something Sweet,5.4192,2025-07-19,0.0,0
13002,547970,Murk Light,4.9914,2012-10-16,0.0,0
13003,343213,Mamá,5.0656,2010-04-18,0.0,0
13004,339988,The Circle,6.9639,2017-04-27,5.52,4612
13005,4291,Kikujiro,5.612,1999-06-05,7.513,608
13006,9623,The Juror,5.5991,1996-02-02,5.717,450
13007,1409570,Desan: The Epidemic,4.6414,2022-12-09,0.0,0
13008,230289,Ağır Abi,5.0066,2011-07-14,2.0,2
13009,10157,Police Academy 2: Their First Assignment,6.0285,1985-03-28,6.099,1752
13010,502416,Ma,5.6387,2019-05-29,5.816,2465
13011,704459,The Germans and Their Men,5.6355,1990-11-06,9.0,1
13012,846821,Dad's Sneakers,5.3778,2022-01-23,0.0,0
13013,357653,The Lost European,4.9156,2015-01-17,0.0,0
13014,1182634,El caníbal,5.0149,2020-08-07,0.0,0
13015,1729552,Badman Kembali,4.0351,2022-01-01,0.0,0
13016,641574,Sense sostre,5.0799,2019-11-15,6.0,1
13017,400981,Onça Pintada - Mais Perto Do Que Se Pode Imaginar,5.0144,2014-06-06,0.0,0
13018,8987,The River Wild,4.5838,1994-09-30,6.459,974
13019,1003426,Ximen Family,4.9952,1989-12-01,0.0,0
13020,400981,Onça Pintada - Mais Perto Do Que Se Pode Imaginar,5.0144,2014-06-06,0.0,0
13021,8987,The River Wild,4.5838,1994-09-30,6.459,974
13022,1003426,Ximen Family,4.9952,1989-12-01,0.0,0
13023,166725,The Dwarf,5.0909,1912-09-12,4.643,7
13024,10781,The Texas Chainsaw Massacre: The Beginning,6.1977,2006-10-05,6.164,1996
13025,55962,Cheila,5.4158,2010-07-16,6.3,3
13026,864756,The Sun Rises Down Below,5.4658,2021-09-01,9.3,3
13027,8831,Timecop,4.9557,1994-09-15,6.027,1351
13028,1121338,The Mexican Hoax,5.0536,1972-01-01,10.0,1
13029,67457,Vendémiaire,4.8214,1919-01-17,6.0,7
13030,477272,İlk Öpücük,4.8199,2017-10-20,7.9,8
13031,334005,Stellar Chronicles,5.3608,2014-10-31,7.5,2
13032,480681,An Affair,5.4491,2018-10-05,5.363,62
13033,7095,Jack,5.3631,1996-08-09,6.291,1375
13034,925365,The Secret of Success,5.4562,1964-01-01,0.0,0
13035,595766,Risque Hospital,5.119,2019-04-16,0.0,0
13036,1340249,Que Luz,4.4135,,0.0,0
13037,781732,Animal,5.5091,2023-12-01,6.157,201
13038,9103,The Quest,5.6868,1996-04-19,6.194,806
13039,781966,Outraged,4.9714,2020-12-23,0.0,0
13040,227306,Unbroken,6.0834,2014-12-25,7.423,4407
13041,977597,Euromaidan SOS,5.0048,2016-03-31,0.0,0
13042,1098983,Inchi Inchi Prem,5.314,2013-11-15,0.0,0
13043,1087304,Almost Like Everyone,5.0976,2023-03-16,0.0,0
13044,9768,Cry-Baby,5.0952,1990-04-06,6.534,1581
13045,399360,Alpha,5.6936,2018-08-17,6.6,2795
13046,9407,Red Corner,5.7148,1997-10-30,6.324,411
13047,387820,Strange Hair Salon,4.7971,2015-10-22,6.7,12
13048,16366,Joseph: King of Dreams,6.0904,2000-11-07,6.9,1082
13049,10423,Dragon: The Bruce Lee Story,5.6884,1993-05-07,6.912,809
13050,9918,Glory Road,6.2105,2006-01-13,7.41,812
13051,581734,Nomadland,5.5308,2021-01-29,7.161,3421
13052,622668,Officetel - Skillful Ones,4.5795,2019-06-07,4.0,1
13053,279431,A Kiss on the Mouth,4.9335,1987-01-02,3.0,3
13054,619566,The Mischievous Boy,4.4496,1978-07-21,6.8,8
13055,922934,Ekjon Telapoka,4.7422,2022-01-06,0.0,0
13056,379170,Sherlock: The Abominable Bride,5.5478,2016-01-01,7.833,2363
13057,1230215,Hors limites,4.9516,2024-12-13,6.7,10
13058,425001,The War with Grandpa,6.2286,2020-08-27,6.438,1073
13059,445761,On Dark Paths,5.1715,2014-01-01,7.0,4
13060,441090,Partisans,5.1434,2016-10-04,4.0,1
13061,986299,Faded,4.7217,2021-01-25,0.0,0
13062,382159,Elixir,4.8443,2016-03-17,1.0,1
13063,412099,Ødeland,4.7365,2015-03-27,8.4,5
13064,48261,Green Hat,4.9334,2004-01-01,5.75,12
13065,203878,Señoritas,5.304,2013-02-25,5.3,6
13066,102362,Dead Man Down,6.0508,2013-03-08,6.161,1577
13067,1015606,Obi-Wan Kenobi: A Jedi's Return,5.2345,2022-09-07,6.795,1020
13068,8461,Funny Games,6.0839,2008-03-14,6.548,2304
13069,1181862,Farewell Tour,4.0892,2023-05-24,0.0,0
13070,9558,King of New York,5.6895,1990-07-18,6.757,801
13071,679057,Bosomy Tae-hee,5.1331,2020-02-27,4.714,7
13072,451179,Sinfonia de um Homem Só,5.5185,2012-10-20,3.0,1
13073,453135,"A Film, Reclaimed",5.239,2015-05-15,0.0,0
13074,1592586,The Ogre's Bride,4.5351,2026-03-27,9.0,0
13075,1560753,La Pena,4.3327,2025-10-11,0.0,0
13076,534878,Cornholios,5.0285,2018-05-24,0.0,0
13077,272108,Alien from the Darkness,5.4109,1997-01-24,6.214,14
13078,858807,Mafia 2,4.4364,2021-06-03,0.0,0
13079,411542,Butterflies,4.6773,2014-10-18,6.0,1
13080,71469,The Darkest Hour,6.1095,2011-12-22,5.308,1607
13081,40264,Vampires Suck,5.7934,2010-08-18,4.405,1413
13082,36728,Naruto Shippuden the Movie: The Will of Fire,5.0099,2009-08-01,7.4,516
13083,427719,X-Rated 2: The Greatest Adult Stars of All-Time,5.3689,2016-10-28,6.7,105
13084,381130,Banco Imobiliário,5.0187,2016-01-28,0.0,0
13085,1413097,Melania,5.3385,2026-01-30,3.659,167
13086,1147220,Кошки-мышки,5.4155,2015-03-10,0.0,0
13087,396290,Memórias do Meu Tio,5.3138,2011-05-06,0.0,0
13088,262543,Automata,6.7061,2014-10-09,5.897,1828
13089,262391,Serial (Bad) Weddings,5.8466,2014-04-16,6.66,3536
13090,390478,L'Apparition,4.9926,1986-03-30,8.5,2
13091,1116465,A Legend,4.8811,2024-07-05,6.795,161
13092,1731945,Ampas,4.6123,2022-01-01,0.0,0
13093,325358,Superfast!,5.4351,2015-03-05,5.103,514
13094,463580,Flying Gold,5.2037,1932-12-04,7.0,1
13095,235037,On the field of blood. Aceldama,4.659,2001-04-18,0.0,0
13096,1499,Teenage Mutant Ninja Turtles III,5.3182,1993-03-17,5.516,926
13097,665276,Onek Sadher Moyna,5.1529,2014-11-07,7.0,1
13098,1447917,Rapsa,4.5985,2025-05-02,5.0,3
13099,168530,Ride Along,6.2474,2014-01-07,6.253,2449
13100,168530,Ride Along,6.2474,2014-01-07,6.253,2449
13101,912916,The Other Zoey,5.324,2023-10-19,6.964,501
13102,107501,Tarzan in the City,5.3344,1974-09-04,8.0,1
13103,497368,Kagazpatra,5.1331,2019-03-22,0.0,0
13104,249164,If I Stay,6.1065,2014-08-21,7.345,4334
13105,59981,Legends of Oz: Dorothy's Return,4.9331,2014-05-08,6.268,379
13106,1386500,Tokyo Inn,4.3458,2024-06-29,0.0,0
13107,1659193,Instante,4.8947,2026-04-23,0.0,0
13108,785663,Old Henry,6.3463,2021-10-01,7.261,731
13109,869022,Sad Portraits,4.8561,2021-08-06,10.0,1
13110,77076,Dr. Goldfoot and the Girl Bombs,6.4277,1966-07-29,5.031,64
13111,268227,Erotica: Moonlight,5.0463,2008-12-19,5.854,24
13112,124310,Suddenly in the Dark,6.142,1981-07-17,6.565,23
13113,555138,First Feature,5.4003,2018-07-20,10.0,4
13114,898495,阿拉尔·我和你,5.059,2014-09-26,5.0,1
13115,263827,Identification,4.626,1975-02-28,8.0,1
13116,71668,Piranha 3DD,6.6518,2012-05-11,4.332,1165
13117,11187,Child's Play 3,6.247,1991-08-30,5.901,1773
13118,397685,Wikén,4.8267,2016-04-15,0.0,0
13119,590006,Crimea. As It Was,5.2531,2016-03-14,8.0,4
13120,263308,Whoops,5.2208,1993-02-12,7.0,2
13121,1146750,África,4.4654,2023-07-27,0.0,0
13122,471831,One on One,5.1252,2017-08-01,5.3,13
13123,1049,Sommersby,5.1514,1993-02-05,6.367,431
13124,3525,Working Girl,5.9436,1988-12-20,6.603,1075
13125,1732517,Dukun Diva,4.5106,2021-01-01,0.0,0
13126,11003,The Wedding Singer,5.3362,1998-02-13,6.776,1953
13127,1043109,Tunnel,4.3989,2021-12-01,0.0,0
13128,284133,Irukku Aana Illai,5.7513,2014-07-18,4.0,2
13129,920708,Vāranāsi,5.4302,2027-04-07,0.0,0
13130,453133,My Brother's Wife 3: The Woman Downstairs,5.0584,2017-01-14,4.6,5
13131,10336,Spawn,5.1195,1997-07-31,5.468,1511
13132,11171,Mysterious Skin,5.3101,2005-03-30,7.712,1318
13133,360216,Minden egér szereti a sajtot,4.811,1981-01-01,9.0,1
13134,7735,The Wave,5.9202,2008-03-13,7.489,3651
13135,1527163,Moda Tharindu,5.0096,2025-10-10,8.0,1
13136,1196573,She Rides Shotgun,4.9644,2025-07-31,6.997,311
13137,8193,Napoleon Dynamite,5.7109,2004-06-11,6.79,2206
13138,5924,Papillon,6.3255,1973-12-16,7.828,2148
13139,1117898,The Cat in the Hat,5.6043,2026-11-05,0.0,0
13140,17335,Obsessed,5.4063,2009-02-26,5.756,708
13141,9293,John Tucker Must Die,5.4601,2006-07-27,6.095,1498
13142,1025822,Dokh,4.8437,2022-07-08,0.0,0
13143,250225,The Duke of Burgundy,4.8909,2015-02-20,6.319,381
13144,521,Dial M for Murder,5.7691,1954-05-29,8.002,2897
13145,10083,No Way Out,5.7776,1987-08-14,6.861,822
13146,755812,"Miraculous World: New York, United HeroeZ",6.6356,2020-09-25,8.081,1130
13147,1731568,Irama Kita,3.9855,2023-01-01,0.0,0
13148,502682,Book Club,6.3505,2018-05-18,6.23,837
13149,375834,"It's Called 'Murder', Baby",5.6601,1983-06-15,7.0,5
13150,156126,"Onesime, Clockmaker",5.2636,1912-11-01,6.0,12
13151,576712,Everybody’s Everything,5.9661,2019-11-12,8.446,308
13152,14239,Cool World,6.0182,1992-07-10,5.671,815
13153,16620,La Bamba,5.4174,1987-07-24,7.276,818
13154,11471,A Better Tomorrow,5.5572,1986-08-02,7.3,626
13155,14367,Adventures in Babysitting,5.0365,1987-07-01,6.866,770
13156,8844,Jumanji,5.2543,1995-12-15,7.249,11431
13157,384277,The Spell,4.9963,1970-02-23,10.0,1
13158,25998,Men Behind the Sun,5.2984,1988-12-01,6.218,266
13159,1061990,City Hunter,4.6485,2024-04-24,6.488,260
13160,25998,Men Behind the Sun,5.2984,1988-12-01,6.218,266
13161,1061990,City Hunter,4.6485,2024-04-24,6.488,260
13162,397560,Mal día,4.8599,2015-05-20,0.0,0
13163,241251,The Boy Next Door,5.4215,2015-01-23,4.9,2129
13164,271718,Trainwreck,6.6324,2015-07-17,5.783,2741
13165,671757,Day Six,5.1027,2016-04-30,3.833,6
13166,848700,Minotaur,5.3912,2026-10-14,0.0,0
13167,1158616,Guess Who's Calling!,4.6523,2025-06-04,6.3,74
13168,720732,Timeless Romance,4.9028,2019-10-08,4.0,1
13169,11393,The Natural,5.454,1984-05-11,6.9,680
13170,239832,Paixão de um Homem,5.2247,1972-12-25,7.0,1
13171,52629,El Infierno,6.7827,2010-09-03,7.934,799
13172,758679,Mothers' Instinct,5.4605,2024-01-11,6.849,687
13173,16995,State of Play,6.1285,2009-04-17,6.811,2176
13174,1728954,My Grandfather Charles Manson,4.6899,2026-07-22,7.4,4
13175,41515,Yogi Bear,7.0277,2010-12-17,5.568,954
13176,1045249,No Darkness Last Forever,5.0332,2023-12-21,0.0,0
13177,105929,Bohachi Bushido: The Villain,4.1235,1974-02-02,6.5,4
13178,1306525,The Elixir,5.3634,2025-10-22,5.955,211
13179,681732,Years of Macau,5.1734,2019-12-07,0.0,0
13180,1733128,What Was,4.8098,2024-05-12,0.0,0
13181,600950,Hijra in Between,5.0743,2021-03-31,7.2,26
13182,1075536,Suki,4.6544,2023-02-24,4.583,12
13183,664799,Bosomy Younger Sister-in-law,5.1473,2019-12-25,6.0,2
13184,409393,Killer Assistant,4.5877,2016-04-01,5.7,13
13185,369557,Sing Street,5.546,2016-03-11,7.858,2478
13186,869548,The Envelope of Grief,4.9131,2018-07-13,8.0,1
13187,8617,Prom Night,6.03,2008-04-10,5.07,800
13188,1305194,Mi prima la sexóloga 2 (de la fantasía a la realidad),4.923,2024-05-15,7.202,124
13189,129123,Erotic Nightmare,5.6582,1999-05-20,5.147,17
13190,245869,Tragic Jungle,4.8092,1963-02-07,6.75,2
13191,132344,Before Midnight,5.878,2013-04-05,7.49,2746
13192,1596278,Time and Water,5.0625,2026-05-29,6.9,4
13193,448241,In Search of the Land Without Evil,5.3789,2017-02-12,0.0,0
13194,500682,The Highwaymen,4.958,2019-03-15,6.768,2262
13195,471301,New Life S.A.,4.8018,2020-12-03,0.0,0
13196,4413,The Brave One,6.1092,2007-09-12,6.588,1103
13197,418687,Estopô Balaio,4.7393,2017-03-16,2.0,1
13198,397500,Sueño vagabundo,5.0089,2015-01-31,0.0,0
13199,7984,In the Name of the Father,5.6735,1993-12-27,7.889,2010
13200,855381,落水记,5.2225,1956-01-01,8.0,1
13201,9620,Paycheck,5.6846,2003-12-25,6.223,2068
13202,828613,About Fate,6.9597,2022-09-08,7.487,533
13203,482526,Après six heures,5.0617,2018-01-01,0.0,0
13204,839,Duel,5.9482,1971-12-25,7.421,2110
13205,333354,Extortion,5.4496,2017-01-02,6.153,324
13206,873024,National Holiday,5.1263,2021-09-19,0.0,0
13207,1400357,The Christophers,5.1684,2026-03-30,6.734,64
13208,544436,Apna Khana Khud Garam Karlo,4.965,2018-06-18,9.0,3
13209,831010,Lakhmi,5.4454,1962-03-22,0.0,0
13210,1100848,Zetsu-Rin! Invisible Hentai Man: Second Virgin and Magic Potion,7.1844,2016-09-02,0.0,0
13211,953669,Another One for Daddy,5.5825,2021-11-30,0.0,0
13212,71689,Phineas and Ferb The Movie: Across the 2nd Dimension,6.2624,2011-08-05,7.1,611
13213,988716,Naadi Dosh,4.885,2022-06-17,6.5,4
13214,482373,Don't Breathe 2,6.1857,2021-08-12,6.979,2871
13215,1195631,William Tell,5.0985,2025-01-17,6.183,257
13216,810132,Nommara 17,5.6457,1989-07-21,0.0,0
13217,596298,Monster God,4.7844,2019-05-24,4.5,3
13218,999644,You Are So Not Invited to My Bat Mitzvah,4.8901,2023-08-18,6.48,527
13219,423617,The Blue Years,4.964,2017-03-12,5.7,10
13220,423617,The Blue Years,4.964,2017-03-12,5.7,10
13221,206751,A Revolução de Maio,4.8663,1937-06-06,7.0,2
13222,98567,Chinese Zodiac,5.6542,2012-12-20,6.173,909
13223,1551,Flatliners,5.2744,1990-08-10,6.517,1767
13224,49730,Red Riding Hood,6.793,2011-03-10,5.974,3335
13225,5902,A Bridge Too Far,6.3254,1977-06-15,7.2,952
13226,1394783,National Passion,3.8852,2015-05-24,0.0,0
13227,1048241,My Spy The Eternal City,5.1294,2024-07-18,6.529,488
13228,6522,Life,5.3736,1999-04-16,6.654,889
13229,506211,When I Am 20,4.8431,2006-08-31,0.0,0
13230,1532555,Prato Principal,4.0685,2025-09-26,0.0,0
13231,556984,The Trial of the Chicago 7,5.8489,2020-09-25,7.657,3402
13232,84308,"Madrid, 1987",5.3151,2012-04-13,6.541,73
13233,539537,Fantasy Island,6.497,2020-02-12,5.753,2658
13234,262882,The New Moscow,4.8327,1938-04-01,5.783,23
13235,10587,Police Academy 4: Citizens on Patrol,6.0904,1987-04-02,5.518,1300
13236,9454,EverAfter,6.0201,1998-07-31,7.5,1599
13237,64348,Robotrix,5.0738,1991-05-31,6.01,48
13238,49986,Les enragés,5.2215,1985-01-09,7.0,2
13239,50456,Hanna,5.3372,2011-04-07,6.584,3723
13240,22683,Gifted Hands: The Ben Carson Story,5.1666,2009-02-07,7.811,791
13241,49021,Killer Elite,6.6741,2011-09-22,6.27,2361
13242,26691,Neuilly Yo Mama!,5.0967,2009-08-12,6.013,949
13243,1296900,Учитель в законе,4.8808,2007-01-01,0.0,0
13244,1650883,Gatao 3,4.9059,,0.0,0
13245,1511789,Captain Hook: The Cursed Tides,4.7772,2025-07-11,4.923,52
13246,893571,Raat Jaga Phool,4.9761,2021-12-31,9.0,1
13247,430040,The Hurricane Heist,5.7289,2018-02-28,5.682,1084
13248,2171,Wet Hot American Summer,5.0989,2001-07-27,6.237,900
13249,1153608,Dias Atrás,4.2104,2023-07-24,0.0,0
13250,137402,Hand in Hand,5.204,2011-11-18,0.0,0
13251,964935,échappé,4.5561,2020-05-08,0.0,0
13252,239425,Nekrüt,5.0221,2008-10-31,0.0,0
13253,374908,Ta mère !,4.9158,2015-12-30,2.5,1
13254,730028,The Most Beautiful Boy in the World,6.3481,2021-07-30,7.39,59
13255,8007,Behind Enemy Lines,6.3184,2001-11-30,6.438,1679
13256,10403,The Player,5.4757,1992-05-08,7.195,964
13257,2362,Westworld,5.5422,1973-08-15,6.8,1481
13258,351460,Death Note,5.8338,2017-08-25,4.272,4149
13259,505283,My Cousin Sister,4.7562,2019-06-03,3.0,2
13260,10403,The Player,5.4757,1992-05-08,7.195,964
13261,2362,Westworld,5.5422,1973-08-15,6.8,1481
13262,351460,Death Note,5.8338,2017-08-25,4.272,4149
13263,505283,My Cousin Sister,4.7562,2019-06-03,3.0,2
13264,1492,1492: Conquest of Paradise,5.5789,1992-08-09,6.286,932
13265,859882,NUREOCHITA DOJO,5.2219,2019-01-31,0.0,0
13266,365172,Fever at Dawn,4.6332,2015-11-06,6.5,4
13267,445581,A Dream,5.0711,2017-09-15,0.0,0
13268,262,The King of Comedy,6.4773,1982-12-18,7.778,2611
13269,438794,Escándalo,4.9027,1940-05-07,7.5,2
13270,4241,Visitor Q,5.2069,2001-03-17,6.3,550
13271,11453,Deuce Bigalow: European Gigolo,6.2481,2005-08-12,5.308,1037
13272,226857,Endless Love,6.3424,2014-02-12,6.933,1778
13273,759175,The Princess,6.0875,2022-06-16,6.788,862
13274,1029235,Azrael,5.157,2024-09-27,5.844,462
13275,919586,O Assalto,4.6565,2023-09-05,0.0,0
13276,252838,The Wedding Ringer,6.4985,2015-01-16,6.459,1711
13277,452832,Serenity,6.3116,2019-01-24,5.463,1641
13278,328111,The Secret Life of Pets,5.7831,2016-06-18,6.324,8586
13279,616651,Stillwater,5.4266,2021-07-29,6.632,1435
13280,1094138,Jackpot!,6.3057,2024-08-13,6.369,819
13281,10024,My Sister's Keeper,5.415,2009-06-26,7.369,2272
13282,211816,Secret World,4.28,1969-07-09,6.25,4
13283,532865,The Dig,5.684,2021-01-14,6.84,1370
13284,454619,Overboard,5.8809,2018-04-13,6.663,1513
13285,470044,The Hate U Give,5.656,2018-10-19,8.075,2231
13286,486968,"Adiós, tiburón",4.5517,1996-11-13,0.0,0
13287,727497,The Wound and the Knife (Notes for a Film About García Wehbi),5.3572,2019-04-07,3.0,3
13288,433134,The Mutability of All Things and the Possibility of Changing Some,5.3228,2011-12-01,5.0,1
13289,1639837,Távol,4.8685,2026-03-01,0.0,0
13290,505262,My Hero Academia: Two Heroes,5.5213,2018-08-03,7.89,1136
13291,1077280,Die Hart,5.5383,2023-02-22,5.91,523
13292,912,The Thomas Crown Affair,5.024,1968-06-26,6.8,586
13293,1076912,Chubai. Speaking Again,4.6695,2023-01-19,0.0,0
13294,457916,Your Young Years Will Dry Your Tears,5.6047,2017-05-11,0.0,0
13295,839688,Terang Boelan,5.5647,1937-12-08,10.0,1
13296,535581,The Dead Don't Die,5.5573,2019-05-15,5.435,2892
13297,1286818,Miles & Ellen,5.177,2024-05-10,0.0,0
13298,1652947,Tuklas,4.9715,2026-03-20,7.0,2
13299,439015,Slender Man,6.5243,2018-05-17,4.307,2178
13300,6877,Failure to Launch,6.4096,2006-03-10,5.847,1839
13301,290886,The Bitter Truth,4.6168,1956-09-05,8.0,1
13302,610338,14+: Continued,4.6442,2023-05-11,6.6,10
13303,286765,Bald Head for Bald Head,4.6926,1972-08-13,7.0,5
13304,430384,My Wife's Sister,4.9131,2016-12-20,5.3,19
13305,144050,Jeca e Seu Filho Preto,4.9376,1978-04-17,6.7,10
13306,398181,You Were Never Really Here,6.3604,2017-11-08,6.544,3085
13307,364353,Patah Hati,4.5104,1952-08-02,0.0,0
13308,871919,Hug,4.6577,2013-07-18,0.0,0
13309,866187,Violeta: uma assassina de aluguel em crise,5.0515,2021-08-27,0.0,0
13310,291458,Que Esse Grito Não Seja em Vão!,5.0953,2012-09-29,0.0,0
13311,14175,Valiant,6.0123,2005-03-25,5.655,1003
13312,556901,Teen Titans Go! vs. Teen Titans,5.2671,2019-07-21,7.524,524
13313,1565790,Double Occupancy,4.4486,2026-06-12,6.0,1
13314,875459,Magda,4.8565,2022-11-03,0.0,0
13315,718081,"This One's for You, Alice",4.8815,2018-09-23,0.0,0
13316,816789,Ni guang,4.9377,1982-01-01,8.0,1
13317,39107,Dragon Ball Z: Fusion Reborn,5.4474,1995-03-04,7.562,940
13318,15137,Evangelion: 1.0 You Are (Not) Alone,5.5699,2007-09-01,7.606,1112
13319,891699,Silent Night,5.7683,2023-11-30,6.145,971
13320,1691,Hostel: Part II,6.9473,2007-06-07,5.858,2248
13321,1252051,Disforia,4.8571,2025-09-20,4.75,12
13322,110416,Song of the Sea,5.916,2014-06-23,7.984,1604
13323,625450,Tall Girl,6.2545,2019-09-13,6.28,1965
13324,927107,The Bricklayer,4.9654,2023-12-14,5.781,405
13325,405960,Óbito,4.56,2010-02-25,0.0,0
13326,426934,Poseí2,4.8741,2011-08-11,0.0,0
13327,1072699,Inside Furioza,5.4772,2025-10-14,6.571,99
13328,665074,Foreign Volunteers: In the Hell of Raqqa,5.1843,2019-10-10,8.0,2
13329,937249,57 Seconds,5.4493,2023-09-29,6.141,685
13330,328328,New Gilgames,4.7531,1963-03-02,8.0,1
13331,651188,The Impure Ones,5.0565,2019-11-24,0.0,0
13332,857197,"Yue Fei, A National Hero",5.0676,1940-01-01,0.0,0
13333,724109,Hole-in-law,4.8506,2020-07-06,5.786,14
13334,11449,The Amityville Horror,4.83,1979-07-27,6.287,1061
13335,1630993,Fashion Designa,4.2747,2025-09-03,10.0,1
13336,360673,The Resolution,5.3918,1972-09-19,10.0,1
13337,284296,Top Five,5.4613,2014-12-12,6.1,499
13338,1155234,Endless Journey of Love,4.708,2025-05-30,9.157,51
13339,10364,Catch-22,6.2777,1970-06-24,6.7,362
13340,284296,Top Five,5.4613,2014-12-12,6.1,499
13341,1155234,Endless Journey of Love,4.708,2025-05-30,9.157,51
13342,10364,Catch-22,6.2777,1970-06-24,6.7,362
13343,1559541,Private Browser,4.0879,2026-04-12,0.0,0
13344,455577,The Right Man,4.6729,1960-01-21,8.0,1
13345,602147,Inheritance,5.7478,2020-04-30,6.31,745
13346,463173,Couleé-D,5.0657,2017-06-23,10.0,1
13347,426543,The Nutcracker and the Four Realms,6.3216,2018-10-26,6.082,2257
13348,776069,And Now Shut Your Eyes,4.9552,2020-12-10,6.0,1
13349,9394,They Call Me Trinity,5.564,1970-12-22,7.5,1481
13350,1160956,Panda Plan,5.3771,2024-10-01,6.9,300
13351,1137614,SUMANAI,5.3486,2023-05-13,0.0,0
13352,708169,The End,4.8891,2019-12-11,2.0,1
13353,9396,Crocodile Dundee II,5.1106,1988-05-19,5.871,1251
13354,256835,Toy Story That Time Forgot,6.1265,2014-12-02,7.12,1155
13355,625413,No Way Home,4.627,2012-06-20,1.0,1
13356,33689,It Takes Two,5.5279,1995-11-17,6.505,987
13357,856157,Two Versus One,4.9201,1933-01-01,0.0,0
13358,26388,Buried,5.6183,2010-09-24,6.635,3088
13359,1453597,El Cuco,4.0107,2012-01-01,0.0,0
13360,178,Blown Away,6.2676,1994-07-01,6.214,633
13361,187503,Koroghlu,5.0717,1960-10-10,5.5,2
13362,568399,Poster Boy,4.61,2015-02-08,5.0,1
13363,337688,Cold,5.0358,2014-03-21,5.5,6
13364,29427,The Crazies,6.4386,2010-02-26,6.31,2324
13365,289720,Outcast,5.8659,2014-09-26,5.151,514
13366,555285,"Are You There God? It's Me, Margaret.",4.6195,2023-03-29,7.157,526
13367,1730,Inland Empire,5.8654,2006-12-06,6.988,1276
13368,976734,Canary Black,5.5867,2024-10-10,6.22,519
13369,1239146,Woody Woodpecker Goes to Camp,5.3031,2024-04-12,6.43,208
13370,1683,The Reaping,6.055,2007-04-04,5.768,906
13371,248107,Dunduriņš,4.9476,1974-01-04,6.0,1
13372,38142,5 Centimeters per Second,6.1219,2007-03-03,7.294,2187
13373,1243341,Z-O-M-B-I-E-S 4: Dawn of the Vampires,5.9207,2025-07-10,7.0,156
13374,159174,I Will Raffle Off My Heart,5.3168,2012-08-03,7.9,8
13375,1300501,Patriot,4.7028,2026-05-01,6.7,14
13376,403326,Sailor's Song,4.4254,2014-04-09,2.0,2
13377,1644629,Love Sitter,4.4481,2026-03-23,0.0,0
13378,263755,Vedavathi,4.7408,1941-02-21,0.0,1
13379,1096197,No Way Up,5.6083,2024-01-18,6.233,1132
13380,4960,"Synecdoche, New York",5.1917,2008-10-24,7.532,1638
13381,454526,Taraz,4.8307,2016-10-13,7.0,1
13382,42269,We All Loved Each Other So Much,5.6256,1974-12-21,8.279,658
13383,1688163,Hayok,4.6245,2026-05-15,4.667,3
13384,402860,Faroeste: Um Autêntico Western,5.6127,2013-01-01,0.0,0
13385,1193683,The Way of Generations,4.9038,2023-10-12,0.0,0
13386,547932,The Trouble Agent,5.3102,2016-03-11,3.3,3
13387,195733,120 Kilometers an Hour,4.8811,1937-05-21,7.25,2
13388,1409646,Breaking News,4.3798,,0.0,0
13389,71859,We Need to Talk About Kevin,5.7476,2011-09-28,7.536,3144
13390,408218,Miller & Fried – The Birth of Football’s Country,5.1415,2016-07-28,10.0,2
13391,1141610,Nobody Knows,4.1218,2023-06-09,0.0,0
13392,1254808,Nouvelle Vague,5.1902,2025-10-08,7.198,250
13393,468202,The Girl in the Fog,5.4499,2017-10-26,6.756,1087
13394,10907,The Adventures of Robin Hood,5.3531,1938-05-13,7.472,858
13395,11977,Caddyshack,5.7818,1980-07-25,6.592,1321
13396,1500099,Versa,5.1504,2025-04-15,8.161,56
13397,466476,Liebe möglicherweise,4.8733,2016-12-02,4.0,1
13398,1705729,Man of War,6.2617,2026-07-03,6.2,27
13399,29259,Le Trou,5.6136,1960-03-18,8.236,580
13400,1138515,A Way to Home,4.7189,2017-01-07,0.0,0
13401,513176,Amarakavi,4.9937,1952-02-09,0.0,0
13402,926899,The House,4.3206,2022-01-14,7.02,1159
13403,110930,Goodbye Mothers,4.8512,2008-02-01,5.0,1
13404,17663,Anne of Green Gables,5.1115,1985-12-01,8.111,261
13405,13812,Quarantine,5.6488,2008-10-10,5.772,1418
13406,1245833,Lumen - Акустика (Концерт в центре им. Вс. Мейерхольда),4.9107,2014-09-05,10.0,1
13407,1550797,Prep & Landing: The Snowball Protocol,6.2647,2025-11-27,6.814,35
13408,455360,Rosemarie,5.188,2017-04-27,0.0,0
13409,284293,Still Alice,6.3316,2014-12-05,7.467,3303
13410,294682,Little Forest: Summer/Autumn,4.9555,2014-08-30,7.77,121
13411,131015,The Fortress,4.8111,1979-01-01,7.2,5
13412,38985,Sorcerer,5.569,1977-06-24,7.458,672
13413,1921,Sweet November,5.8583,2001-02-16,6.873,1463
13414,188222,Entourage,6.3398,2015-06-03,6.239,1127
13415,399713,Hidden Passion,5.1331,1991-12-12,5.5,6
13416,874782,Sadan Hanım,4.5628,2021-09-21,6.0,2
13417,598331,Rumble,4.1598,2021-02-12,6.745,562
13418,317012,To the Fourth Generation,5.096,1942-11-02,7.0,1
13419,109443,Anchorman 2: The Legend Continues,5.9653,2013-12-18,6.144,2863
13420,9885,Wolf Creek,5.5195,2005-09-16,6.23,1311
13421,10468,28 Days,6.2902,2000-04-06,6.154,1101
13422,1443762,The Big Fake,5.1767,2025-10-19,6.624,233
13423,504364,Action Jasmine,4.5366,2015-05-15,0.0,0
13424,343583,The Sun and the Little Snow Men,4.8106,1985-06-07,8.5,2
13425,183011,Justice League: The Flashpoint Paradox,4.6413,2013-07-30,7.888,1992
13426,11416,The Mission,6.2014,1986-09-06,7.396,1570
13427,11644,Blow Out,6.1553,1981-07-24,7.4,1705
13428,846874,Posterity,4.9936,2021-08-10,6.0,1
13429,500795,Horizon,4.8459,2018-02-16,6.3,3
13430,20126,Deep Red,4.6265,1975-03-07,7.717,1609
13431,3116,Midnight Cowboy,5.7976,1969-05-25,7.533,1640
13432,18269,Lady and the Tramp II: Scamp's Adventure,5.9223,2001-02-18,6.339,1327
13433,1735531,Lionel Messi - The GOAT - Official Movie,4.4951,2019-07-19,0.0,0
13434,2082,Halloween,6.0569,2007-08-31,6.244,2598
13435,928,Gremlins 2: The New Batch,5.9791,1990-06-15,6.525,2952
13436,552643,My Wife's Lover 2,5.3364,2018-06-14,4.5,2
13437,10035,100 Girls,5.3948,2000-09-01,5.744,496
13438,1340110,Redux Redux,5.0888,2025-12-28,6.75,196
13439,360679,Miss Windbag,4.761,1963-09-19,9.0,1
13440,10035,100 Girls,5.3948,2000-09-01,5.744,496
13441,1340110,Redux Redux,5.0888,2025-12-28,6.75,196
13442,360679,Miss Windbag,4.761,1963-09-19,9.0,1
13443,568435,El tesoro,4.6007,2018-12-08,8.0,1
13444,580951,First Love,5.0178,2015-02-12,8.0,4
13445,19898,Pandorum,5.3048,2009-09-08,6.598,2711
13446,1546869,La barraca,4.253,2025-09-15,0.0,0
13447,11236,The Secret Garden,4.935,1993-08-13,7.427,988
13448,1155282,Creation of the Gods III: Creation Under Heaven,4.3855,,0.0,0
13449,3594,The Number 23,6.1758,2007-02-23,6.41,3569
13450,567797,The Dry,7.4402,2021-01-01,6.787,854
13451,857127,The Wedding Night,4.8485,1942-01-01,7.0,1
13452,9556,Darkman,5.2769,1990-08-24,6.422,1547
13453,232351,Two Raging Grannies,5.2786,2013-11-13,7.0,2
13454,292011,Richard Jewell,6.6965,2019-12-13,7.416,2762
13455,758009,Shotgun Wedding,5.8731,2022-12-28,6.234,1327
13456,302156,Criminal,5.7025,2016-04-07,6.207,1907
13457,1198071,Pepita Petanca,4.1743,2023-11-01,0.0,0
13458,21519,Project A,4.634,1983-12-22,7.254,575
13459,300439,Operation Mantis,4.9435,1984-01-01,3.5,4
13460,433412,Live from Dhaka,5.0973,2019-03-29,7.3,6
13461,263675,Pudhiya Boomi,4.3558,1968-06-27,5.0,1
13462,14139,Timecrimes,6.2242,2007-11-01,7.018,1496
13463,1283515,Verity,5.5253,2026-09-30,0.0,0
13464,852385,Those Flower,5.1705,2021-04-15,0.0,0
13465,629218,Voyage in the Misty Night,5.055,1958-05-20,8.0,1
13466,18988,The Lion in Winter,4.9501,1968-08-20,7.372,409
13467,16270,Career Opportunities,5.4841,1991-03-29,6.9,771
13468,823625,Blacklight,6.8157,2022-02-10,6.135,1284
13469,123,The Lord of the Rings,5.7373,1978-11-15,6.591,1066
13470,192102,3 Days to Kill,5.9328,2014-02-14,6.1,2346
13471,1025872,All In,4.5796,2019-12-26,6.8,2
13472,9890,The Stepford Wives,4.8006,2004-06-10,5.685,1445
13473,10202,Bedtime Stories,6.2328,2008-12-24,6.154,3009
13474,853609,Instinct,4.4383,2020-10-21,0.0,0
13475,1418657,The Yeti,4.9427,2026-04-04,6.101,69
13476,11284,Freddy's Dead: The Final Nightmare,6.0225,1991-09-05,5.297,1500
13477,1257633,L’espera,5.2559,2022-07-01,0.0,0
13478,124674,Ah-Chung,5.0225,1996-12-31,7.0,3
13479,678048,The Best Groom,4.5466,1975-01-01,7.0,2
13480,124674,Ah-Chung,5.0225,1996-12-31,7.0,3
13481,678048,The Best Groom,4.5466,1975-01-01,7.0,2
13482,1658209,Maid's Obsession,5.0774,2026-03-27,3.7,3
13483,78633,Nam Naadu,4.871,2007-09-21,5.0,1
13484,142061,"Batman: The Dark Knight Returns, Part 2",4.9079,2013-01-03,7.922,1612
13485,510794,Tu Mo Hero,5.0766,2017-10-20,0.0,0
13486,81128,A Moment of Romance,4.9146,1990-06-14,7.2,66
13487,1117652,"Farewell, Lebanon",4.8131,1968-09-09,0.0,0
13488,267023,BLACKland,4.2839,2006-01-01,5.0,2
13489,702,A Streetcar Named Desire,5.2912,1951-09-18,7.611,1495
13490,470547,Beyond the Mountains,5.2642,2017-02-02,0.0,0
13491,916728,Slingshot,4.9053,2024-08-30,6.077,259
13492,9566,The Fan,5.72,1996-08-15,5.994,888
13493,2355,Reign Over Me,6.0188,2007-03-22,7.214,1223
13494,280316,Cheppu,5.2013,1987-07-04,6.167,3
13495,412560,A Symphony of Cooking Utensils,5.1249,1983-01-01,0.0,0
13496,856606,Visiting Shanghai After Sixty Years,4.964,1938-01-01,0.0,0
13497,137093,Last Vegas,6.2042,2013-10-31,6.399,2294
13498,443852,The Dream,4.9138,1931-07-22,10.0,1
13499,14435,My Bloody Valentine,4.2442,2009-01-16,5.575,1339
13500,14435,My Bloody Valentine,4.2442,2009-01-16,5.575,1339
13501,1150433,Natasha’s Dream,4.7752,2023-06-29,0.0,0
13502,1118741,Fallen Aliens,4.7679,2023-05-03,0.0,0
13503,1107049,Getaway,5.1387,2023-04-28,0.0,0
13504,18670,Legend of the Red Dragon,4.8973,1994-02-05,7.1,174
13505,1070829,Smile Again,5.674,1985-09-11,1.7,3
13506,481836,Two Mothers,5.5495,2017-08-01,7.0,7
13507,8923,Green Street Hooligans,5.1867,2005-09-09,7.274,2601
13508,1710008,Nothing to Lose,6.511,2026-07-08,6.69,58
13509,331313,Keeping Up with the Joneses,5.9425,2016-10-20,6.1,2168
13510,9445,Apt Pupil,5.2334,1998-10-23,6.548,737
13511,1162240,Chinese Erotic Movies,4.882,1997-03-09,5.0,2
13512,29362,Full of It,5.2653,2007-03-01,5.38,146
13513,1234000,Daughter-in-law Who Cheated On Her Father-in-law,4.9788,2023-02-03,3.0,2
13514,525661,Bombshell,6.5273,2019-12-13,6.771,3238
13515,1083472,Miss Nothing,3.9817,2020-09-01,0.0,0
13516,1151534,Nowhere,4.7611,2023-09-29,7.316,1597
13517,1131560,Susy: Una vedette en el Congreso,5.2492,2023-10-26,8.25,8
13518,1731870,"Sincerely, Jude",4.3291,,0.0,0
13519,707648,Le scooter à deux vitesses,5.2892,,0.0,0
13520,263743,Marmayogi,5.0531,1951-02-01,7.0,1
13521,103922,Into the Dark,5.2743,2012-02-03,4.9,5
13522,392,Chocolat,7.2491,2000-12-22,6.971,3544
13523,406859,This Time Tomorrow,4.9823,2016-10-07,6.1,8
13524,353616,Pitch Perfect 3,6.0638,2017-12-20,6.506,3477
13525,41233,Step Up 3D,5.7538,2010-08-04,6.824,2033
13526,625139,La estrella,4.104,2018-01-01,0.0,0
13527,230986,15 Days,4.795,2000-12-30,7.8,4
13528,455,Bend It Like Beckham,5.3686,2002-04-11,6.331,2051
13529,386370,"Farewell, Berlin Wall",4.9687,2015-06-19,8.5,2
13530,207265,Short Tutorial on Loving,4.6415,1982-07-13,4.8,4
13531,1729443,Rindu Kasih,4.649,2022-01-01,0.0,0
13532,104524,Helter Skelter,4.8745,2012-07-14,6.7,173
13533,1545403,La Coffurse,4.3074,2018-12-02,0.0,0
13534,28032,Thumbelina,6.8163,1994-03-30,6.467,542
13535,650734,Харах Оды,4.9949,2019-09-17,0.0,0
13536,1323784,Bad Influence,5.0199,2025-01-24,5.728,301
13537,20533,Jonah Hex,6.0645,2010-06-18,4.968,1564
13538,1631917,18th Rose,5.2965,2026-04-09,7.7,27
13539,5156,Bicycle Thieves,6.3823,1948-07-21,8.167,2702
13540,11051,The Last Temptation of Christ,5.5294,1988-05-28,7.214,1211
13541,692307,Mr. Virgin,4.6793,2018-08-17,10.0,1
13542,621717,August,4.9457,2019-09-10,7.2,4
13543,1145524,MeShura,4.4715,2017-10-19,0.0,0
13544,50321,Mars Needs Moms,5.9615,2011-03-09,5.982,798
13545,9067,Tank Girl,4.9148,1995-03-31,5.495,586
13546,6038,Shanghai Knights,5.3201,2003-02-06,6.141,2483
13547,794228,The Ivy,4.7103,2026-03-13,6.0,1
13548,1310753,Guerra Civil,4.403,2024-04-26,10.0,1
13549,736526,Troll,4.9547,2022-11-30,6.556,2062
13550,1052517,Qing tian hen hai,4.9853,1980-01-01,10.0,1
13551,333669,Bastille Day,6.3367,2016-04-22,6.319,1553
13552,630392,The Cursed,5.7072,2021-07-28,6.562,436
13553,783534,We Come into Life,5.5956,2021-01-20,0.0,0
13554,449992,The Night Comes For Us,5.5321,2018-10-05,6.928,829
13555,10833,Heartbreakers,4.9086,2001-03-23,6.144,1010
13556,102531,José María,4.6249,1963-01-01,6.5,2
13557,460668,I Feel Pretty,6.0536,2018-04-19,6.382,2140
13558,9975,Curious George,5.5492,2006-02-10,6.529,570
13559,1161302,TOKYO03 FROLIC A HOLIC feat. Creepy Nuts in Budokan,5.0683,2023-03-04,0.0,0
13560,1161302,TOKYO03 FROLIC A HOLIC feat. Creepy Nuts in Budokan,5.0683,2023-03-04,0.0,0
13561,561817,Clinic,4.8827,1993-01-01,6.6,10
13562,536869,Cats,6.2408,2019-12-19,4.085,1053
13563,1555331,D.I.S.C.O.,4.787,2026-01-01,6.615,13
13564,1596008,Con City,4.1633,2026-06-26,6.5,2
13565,404822,Tigipió - Uma Questão de Amor e Honra,5.2424,1987-12-10,10.0,1
13566,1083968,Locked,5.7841,2025-03-20,6.199,591
13567,272878,Max,5.2784,2015-06-25,7.12,949
13568,11699,Bad Lieutenant: Port of Call New Orleans,5.1488,2009-09-11,6.18,1296
13569,11901,High Plains Drifter,5.533,1973-04-19,7.326,1362
13570,13374,Ice Princess,6.4499,2005-03-17,6.4,948
13571,548449,Night Inn,4.424,1947-01-01,6.0,1
13572,134411,Snitch,6.2664,2013-02-21,6.128,2511
13573,1057856,Sister Sister 2,6.0406,2023-10-12,6.967,30
13574,500840,I'm Thinking of Ending Things,5.151,2020-08-28,6.535,2236
13575,594149,Insula,5.8521,2019-04-07,0.0,0
13576,1101965,Bahaghara dot com,5.0451,2023-03-19,0.0,0
13577,75283,Czech Peace,4.5945,2010-05-06,5.7,8
13578,511809,West Side Story,5.7055,2021-12-08,6.9,1813
13579,103731,Mud,5.339,2013-04-26,7.057,3104
13580,576174,Easy Virtue,4.9193,1992-05-16,8.333,3
13581,38363,Fair Game,5.6615,2010-05-20,6.455,872
13582,73881,Thawing Out,5.3225,2009-01-31,5.6,40
13583,544868,Ondalla Eradalla,4.8478,2018-08-24,0.0,0
13584,19673,Sexmission,5.3663,1984-05-13,7.231,340
13585,538851,The Creator,5.3477,2018-03-27,0.0,0
13586,308369,Me and Earl and the Dying Girl,4.9144,2015-06-12,7.531,2782
13587,165083,A Strange Marriage Part 3,4.536,1984-02-03,0.0,0
13588,977692,Crimea SOS,4.8154,2016-03-31,0.0,0
13589,533103,Bakhtiyar,4.537,1942-01-01,0.0,0
13590,444996,Neo Chinpira: Zoom Goes the Bullet,4.9051,1990-05-11,6.571,7
13591,35854,Flash Point,5.1227,2007-07-26,6.942,378
13592,300494,A Bride from the North,4.8402,1975-11-19,6.417,6
13593,435208,Three D,4.216,2014-01-15,0.0,0
13594,715931,Emancipation,6.5895,2022-12-02,7.761,1283
13595,468224,Tolkien,4.9059,2019-05-03,6.911,1556
13596,4437,2010,6.6787,1984-12-06,6.663,1092
13597,508628,Oru Thottil Sabadham,5.111,1989-01-13,0.0,0
13598,9404,Police Story 4: First Strike,5.9471,1996-02-10,6.487,545
13599,804219,The Journey,4.6885,2021-12-17,3.0,1
13600,804219,The Journey,4.6885,2021-12-17,3.0,1
13601,1174870,The Part of His Life He Wants to Show Me,4.269,2023-08-24,5.0,3
13602,411873,The Little Hours,5.5344,2017-06-30,5.889,664
13603,416237,The Gemini,4.5367,2016-09-09,5.3,3
13604,213477,Meeting at the Old Mosque,4.5513,1970-03-09,8.0,2
13605,1431071,System,4.503,2026-05-22,7.0,5
13606,1266798,Dog 51,5.12,2025-10-15,6.11,327
13607,178809,The Colony,5.0611,2013-04-12,5.464,1268
13608,9585,Not Without My Daughter,5.0766,1991-01-11,6.699,340
13609,1007847,Kinsman,4.8271,,0.0,0
13610,998846,Back to Black,4.7061,2024-04-11,6.658,729
13611,502762,Death of a Beauty,5.225,1986-01-01,9.0,1
13612,546726,Sub Rosa,4.9218,2014-08-10,6.0,18
13613,474764,The Lodge,6.6502,2020-01-16,6.081,1441
13614,84348,V/H/S,5.3163,2012-07-28,6.103,1737
13615,1306056,Female 4,4.9329,2024-06-17,0.0,0
13616,9948,The Fox and the Hound 2,5.9186,2006-11-09,6.031,717
13617,707505,Debt,5.0581,2020-05-22,5.0,1
13618,372363,14 Days,5.01,2009-12-18,8.0,3
13619,13649,High School Musical 2,5.5025,2007-08-17,6.502,3897
13620,615643,Minari,6.125,2021-02-12,7.324,1889
13621,489430,Terrified,5.1462,2018-05-03,6.718,847
13622,886887,昆仑兄弟,5.1189,2019-04-26,8.0,1
13623,57157,Young Adult,6.0288,2011-11-11,5.806,1372
13624,882059,Boy Kills World,5.2723,2024-04-24,6.672,857
13625,1241693,Do Deewane Seher Mein,4.225,2026-02-20,6.375,16
13626,1069597,Wild Green,5.0202,,0.0,0
13627,795928,KARL RICH: Crazy ft. PAS,5.1383,2021-02-03,6.7,3
13628,197645,"Shanghaï Blues, nouveau monde",5.5528,2013-05-02,5.9,4
13629,1045061,La Fabbricazione,4.8152,2015-05-15,0.0,0
13630,346905,Memorias de Lucía,5.4843,2003-12-30,6.0,1
13631,1025171,El balneari,4.4312,2022-10-08,7.0,1
13632,1003813,Out of the Blue,5.2952,2022-08-26,5.784,132
13633,1514381,EgyBest,5.175,2026-03-19,0.0,0
13634,13483,Awake,6.0595,2007-11-28,6.579,1586
13635,952704,Shadow Box,4.6648,,0.0,0
13636,558724,Snipers Shot,4.9697,2016-06-06,10.0,1
13637,10199,The Tale of Despereaux,5.5463,2008-12-18,6.155,1031
13638,58151,Fright Night,6.078,2011-08-18,6.247,2156
13639,247810,Rocky Road,4.5928,1983-01-03,0.0,0
13640,8834,Conspiracy Theory,6.0213,1997-08-08,6.626,1683
13641,977163,Love Battle vs Bullfighting,4.8518,2022-06-29,3.7,3
13642,11887,High School Musical 3: Senior Year,5.7596,2008-10-11,6.538,3628
13643,1636891,Mexicali,5.1741,2026-03-13,7.675,60
13644,959895,Lileya,4.8784,1959-01-11,10.0,1
13645,352821,Su precio... unos dólares,4.0857,1970-09-10,6.5,4
13646,1440645,Goodbye Evelyn,3.5286,2023-12-28,0.0,0
13647,864574,Uma Cidade Chamada Tiradentes,5.0242,2006-03-02,0.0,0
13648,9687,Keeping Mum,5.9306,2005-12-02,6.672,627
13649,325789,The Infiltrator,4.7338,2016-07-13,6.677,1839
13650,253350,The Cousin,6.1887,1974-07-26,5.438,16
13651,376570,Hush,5.3168,2016-03-12,6.727,4896
13652,880173,Sword From Boddha or Devil,4.79,2010-02-17,0.0,0
13653,238673,Peace on Earth,4.3557,1917-02-15,5.5,4
13654,11894,Curly Sue,5.7744,1991-10-25,6.375,578
13655,401532,A Última no Tambor,5.472,2012-06-10,0.0,0
13656,251885,Graciadió,4.9879,1997-08-23,6.143,7
13657,11000,The Birdcage,5.9802,1996-03-03,7.046,1388
13658,853160,The Dust of Modern Life,5.141,2021-07-20,0.0,0
13659,12093,Lilya 4-ever,5.3405,2002-08-23,7.626,680
13660,12093,Lilya 4-ever,5.3405,2002-08-23,7.626,680
13661,239571,The Best of Me,5.0508,2014-10-15,7.471,2723
13662,1036860,JK Slayer,4.6061,2012-04-11,10.0,1
13663,1337379,Roll,4.6483,1975-06-13,0.0,0
13664,968724,Vértice del frío,4.9977,2023-05-05,8.0,1
13665,11509,Silverado,4.9202,1985-07-10,6.95,836
13666,11260,Meet Dave,5.7407,2008-07-08,5.33,1580
13667,922,Dead Man,6.2584,1995-12-23,7.303,1757
13668,132363,The Butler,5.9054,2013-08-16,7.319,3056
13669,1736854,Potong,4.7939,2020-01-01,0.0,0
13670,13972,The Women,5.618,2008-09-12,5.1,368
13671,1597538,Angkinin Mo Ako,5.5349,2026-05-15,0.0,0
13672,1046261,Paraguaçu,4.5679,2022-08-30,0.0,0
13673,1524027,家庭教師が解く！～殺人方程式の推理ドリル～,4.9461,2013-05-20,7.0,1
13674,543753,High Society,4.9809,2018-08-29,5.508,60
13675,541134,The Good Nurse,5.3647,2022-10-19,6.872,1470
13676,6552,Idle Hands,5.5164,1999-04-30,6.216,761
13677,543830,Church Sister,4.9686,2018-06-21,8.1,4
13678,383489,Keep On Smoking Ladányi!,5.0279,1938-02-22,10.0,1
13679,294832,Car Washers,4.5966,2001-07-08,8.0,1
13680,580116,The Rape,4.9194,1982-05-15,4.5,10
13681,611291,Bring the Soul: The Movie,5.2971,2019-08-07,8.288,462
13682,540,D.E.B.S.,5.2075,2005-03-25,6.6,649
13683,476926,The Titan,5.1186,2018-03-30,5.328,1345
13684,682012,Little Amélie or the Character of Rain,6.761,2025-06-25,7.916,196
13685,518727,Bad Bad Winter,5.192,2018-05-09,4.7,3
13686,493479,Kri,5.0926,2018-02-09,0.0,1
13687,549053,Last Christmas,5.7718,2019-11-07,7.195,2657
13688,335796,Ouija: Origin of Evil,5.2863,2016-10-20,6.16,2658
13689,11975,The Rainmaker,6.143,1997-11-18,7.026,1513
13690,1473332,No One Will Hear Your Scream,4.7431,2025-09-05,5.7,9
13691,623485,PEACE: An Element Audiovisual Project,5.0416,2018-10-16,0.0,0
13692,75638,Red Lights,4.3374,2012-03-02,6.179,1425
13693,1422011,It Ends,4.6609,2026-08-21,0.0,0
13694,1015296,Raízes,5.2489,2021-01-01,0.0,0
13695,565310,The Farewell,5.5644,2019-07-12,7.411,1562
13696,406436,Mr. Dólar,4.9238,1964-12-18,0.0,0
13697,1018719,Horrors of the Past,4.4857,1925-03-27,10.0,1
13698,664386,Clasico,5.0984,2019-01-01,0.0,0
13699,135746,The River,4.4384,2001-01-01,4.571,7
13700,135746,The River,4.4384,2001-01-01,4.571,7
13701,1116490,Cash Out,5.3618,2024-04-26,6.186,266
13702,263738,Gulebagavali,5.0339,1955-07-29,6.0,1
13703,169103,Junior Jr. Comes,4.8482,1972-10-26,8.0,1
13704,597316,My Little Pony: A New Generation,5.0097,2021-09-22,7.65,346
13705,11704,The Secret of NIMH,5.4735,1982-06-17,7.443,961
13706,188855,Roraima - Climbers of the Lost World,5.1354,2012-07-01,6.8,8
13707,636343,Santa Teresa,4.3982,2014-05-10,0.0,0
13708,1467005,Female Instructor's Strange Private Lesson,4.3151,2025-02-13,6.0,1
13709,925273,ET & Dustin,4.9537,2021-04-08,0.0,0
13710,320956,The Cuckold,5.2625,2009-08-11,3.5,8
13711,527261,The Silence,6.1879,2019-05-16,6.029,1719
13712,53932,The Ages of Lulu,5.0984,1990-12-03,6.409,303
13713,14635,The Rookie,6.4656,2002-03-25,6.81,497
13714,171424,The Green Inferno,5.7579,2014-09-04,5.734,1607
13715,232954,Elastic Transformation,4.1772,1908-11-21,6.0,5
13716,336882,The Wave,6.3917,2015-08-28,6.697,1426
13717,484237,Tuftland,4.9437,2018-04-06,4.889,18
13718,157386,The Spectacular Now,5.4923,2013-08-02,6.685,3052
13719,9280,Femme Fatale,6.0364,2002-04-30,6.164,671
13720,1632861,Why Love,5.2231,,0.0,0
13721,250574,Creep,5.3466,2014-03-08,6.4,1673
13722,6283,MouseHunt,5.3873,1997-12-19,6.54,1387
13723,617569,Youngest Aunt,4.1834,2019-07-18,8.5,2
13724,9030,The Eye,5.5467,2008-02-01,5.9,1172
13725,545890,My Good Dad,5.1061,1970-01-28,10.0,1
13726,795421,Boxers from the Snowy Mountains,5.1455,1991-01-01,0.0,0
13727,415561,Operación Alacrán,4.6612,1976-01-02,0.0,0
13728,307663,Vice,6.4021,2015-01-16,4.4,585
13729,2039,Moonstruck,5.6906,1987-12-16,6.843,1118
13730,274991,Mister Designer,4.0625,1988-12-01,5.952,31
13731,452557,Wolf Warrior 2,4.8045,2017-07-27,6.499,340
13732,416148,Rocco,5.2953,2016-11-30,5.513,187
13733,13969,First Daughter,5.8772,2004-09-24,6.178,1022
13734,6644,El Dorado,5.881,1966-12-17,7.4,594
13735,290512,The Mountain Between Us,5.2102,2017-10-05,6.647,2561
13736,11811,Leprechaun,4.7517,1993-01-08,5.574,869
13737,1735171,Peluang Kedua,3.9682,2016-01-01,0.0,0
13738,33909,Wall Street: Money Never Sleeps,5.7021,2010-09-20,6.096,1721
13739,384288,The Alphabet Revolution,5.01,2014-03-20,0.0,0
13740,504056,Big Brother,5.2115,2018-08-16,7.55,292
13741,239241,Female Ninjas Magic Chronicles 2: Secret of the Christian Bells,4.0102,1992-08-21,8.0,2
13742,1522079,Sathi Leelavathi,4.088,2026-05-08,0.0,0
13743,23202,Trick 'r Treat,5.5334,2007-12-09,6.982,2101
13744,387426,Okja,5.5872,2017-06-28,7.327,4583
13745,11024,Scooby-Doo 2: Monsters Unleashed,5.0694,2004-03-24,6.1,2947
13746,485613,Argentine Symphony,4.5286,1942-11-06,7.0,1
13747,467568,Meherjaan,4.8155,2011-01-21,0.0,0
13748,482626,Thorn,5.1117,2016-10-27,3.9,7
13749,22897,It's Complicated,5.4306,2009-12-23,6.51,1543
13750,128052,The History of Aviation,5.0937,2009-01-01,7.3,3
13751,843228,"Lu Ping, the Chivalrous Thief",4.1858,1989-01-01,0.0,0
13752,264980,Loves of a French Pussycat,4.5132,1972-03-09,4.222,9
13753,13920,Radio,5.6711,2003-10-24,7.326,867
13754,49020,Submarine,4.3496,2011-03-18,7.4,1607
13755,523139,In the Tall Grass,5.8426,2019-09-20,5.549,2435
13756,658049,Button Blanket,4.6787,2009-10-22,0.0,0
13757,610150,Dragon Ball Super: Super Hero,5.7867,2022-06-11,7.894,3054
13758,347647,Traders,5.3185,2016-03-11,6.213,54
13759,90427,Robot Will Help Us...,5.2826,1975-01-01,5.0,7
13760,347647,Traders,5.3185,2016-03-11,6.213,54
13761,90427,Robot Will Help Us...,5.2826,1975-01-01,5.0,7
13762,411519,Falta Alguém no Manicômio,5.0255,1948-08-31,10.0,1
13763,13051,Max Payne,6.1354,2008-10-15,5.418,2298
13764,329366,Silence,4.8359,1977-03-07,0.0,0
13765,10658,Howard the Duck,5.433,1986-08-01,5.456,1155
13766,9549,The Right Stuff,5.3611,1983-10-20,7.4,986
13767,1472005,Carcosa,3.9357,,0.0,0
13768,1491832,Bandera roja,3.6373,2015-01-01,0.0,0
13769,1416391,Toaster,5.1223,2026-04-15,5.922,32
13770,75212,As Aventuras de Pedro Malasartes,4.8453,1960-09-26,6.0,14
13771,1591771,Zootopia 3,4.2741,,0.0,0
13772,746423,Transit,4.6144,2020-09-18,8.0,1
13773,10951,Gorgeous,5.3558,1999-02-12,6.475,433
13774,82505,House at the End of the Street,6.3154,2012-09-21,5.794,1923
13775,856353,Battle on the Lake,5.1509,1955-01-01,8.0,1
13776,8836,The X-Files: I Want to Believe,5.2995,2008-07-24,5.861,1684
13777,264406,Lalon,4.786,2004-12-31,7.7,10
13778,1631,A Real Young Girl,4.9209,1976-06-01,5.268,151
13779,904877,Strange Thing,4.6525,1987-01-01,7.0,1
13780,755530,Folaim - School is Next Week,5.4082,2012-08-25,0.0,0
13781,878966,Crane Lantern,4.654,2022-01-24,5.5,2
13782,849092,The Orbits of Water (Solid Version),5.095,2021-11-26,5.0,2
13783,1237331,Быть человеком,4.5465,1973-01-01,0.0,0
13784,1453624,Virus,4.2792,2010-01-01,0.0,0
13785,1273049,Dragon,4.7631,2025-02-21,7.25,46
13786,1641327,Collision Theory,4.7816,2026-02-19,0.0,0
13787,152742,The Best Offer,5.6734,2013-01-01,7.812,3110
13788,6620,Sabrina,5.9415,1954-09-01,7.5,1376
13789,1241634,Saiyaara,4.7439,2025-07-18,6.399,145
13790,132219,Homeland,4.6779,2010-09-14,4.231,13
13791,348127,El sueño de todos,5.293,2014-04-17,6.0,1
13792,16690,Return to Never Land,6.6963,2002-02-14,6.472,2410
13793,11335,Popeye,4.9495,1980-12-12,5.581,720
13794,330083,P.K.P.,4.71,1926-09-28,5.6,8
13795,758537,Cinématon XXXIV,4.63,1984-06-21,5.0,1
13796,267951,Así,4.2032,2005-11-18,4.167,6
13797,705,All About Eve,5.5311,1950-11-09,8.076,1727
13798,11422,Midway,5.0281,1976-06-18,6.621,331
13799,412672,My Father's Wings,4.473,2016-07-06,6.2,11
13800,9086,Young Guns II,5.2859,1990-08-01,6.525,612
13801,1155089,Justice League: Crisis on Infinite Earths Part One,5.9272,2024-01-08,7.258,416
13802,897571,The Illusion of Control: The Beginning,5.4532,2017-11-23,0.0,0
13803,1268053,Winnie the Pooh: Blood and Honey 3,4.8725,,0.0,0
13804,18860,Swordsman,5.1812,1990-04-05,7.0,93
13805,318622,The Birth of New China,4.9911,1989-09-21,6.1,9
13806,710426,Deseo,5.1907,2020-06-16,3.5,2
13807,460019,Truth or Dare,6.6606,2018-04-12,5.936,4243
13808,99099,Shogun's Joy of Torture,5.273,1968-09-28,5.588,40
13809,11884,The Last Starfighter,4.9475,1984-07-13,6.596,781
13810,11185,"See No Evil, Hear No Evil",5.6667,1989-05-12,6.8,1098
13811,375366,The Girl with All the Gifts,5.9542,2016-09-23,6.598,2194
13812,284062,Freedom Station,4.558,2013-06-04,5.5,2
13813,837335,La Chimera,5.7378,2023-10-12,7.288,600
13814,1266993,Smarana Samapthi - An Absolution,5.1909,1999-06-10,0.0,0
13815,112869,The Man Who Couldn't Sleep,4.879,2012-05-04,2.0,2
13816,1147710,Hijack 1971,5.076,2024-06-21,6.721,156
13817,16617,Mindhunters,5.485,2004-05-07,6.448,1354
13818,286476,The House-Warming,4.4059,1983-08-12,8.25,4
13819,1732293,Cinematically Richer,4.3103,,0.0,0
13820,256129,The Alley,4.6845,1981-02-18,6.2,5
13821,4507,Jamon Jamon,5.7087,1992-09-03,6.211,408
13822,439051,"Rosas no Céu, Milagres na Terra",5.3743,1955-06-09,10.0,1
13823,15167,Barbie in the Nutcracker,5.8221,2001-09-30,6.894,1123
13824,11829,Trinity Is Still My Name,5.6262,1971-10-21,7.427,1022
13825,109691,Crònica d'una campanya,5.1775,2012-04-12,0.0,0
13826,27064,Mishima: A Life in Four Chapters,5.8588,1985-09-20,7.822,357
13827,683906,It Came a Trouble to the City,5.0524,1966-01-01,6.0,1
13828,1479992,Unknown Route,4.1862,2008-05-31,0.0,0
13829,1294698,Case 137,4.2113,2025-11-19,6.9,255
13830,712144,Downstream to Kinshasa,5.7339,2020-09-12,7.3,11
13831,11683,Land of the Dead,5.7252,2005-06-18,6.26,1839
13832,1420733,The Cursed: Insatiable Desires,4.4151,2025-09-17,5.6,9
13833,39324,Dragon Ball Z: The History of Trunks,5.6454,1993-02-24,7.636,621
13834,931035,Elder Sister's Diary,4.3158,1984-06-29,4.2,5
13835,1082010,Advanced Prostitute 2,4.5666,2022-10-19,7.0,1
13836,1556321,Death Whisperer: Saming the Werebeast,4.8251,2026-09-30,0.0,0
13837,381439,The Watch,4.9751,1949-12-31,0.0,0
13838,263746,Manthiri Kumari,4.9462,1950-06-24,10.0,1
13839,1003423,The Third Victim,4.9572,1981-01-01,6.0,2
13840,487325,Siri-Ará,4.719,2008-11-21,0.0,0
13841,143,All Quiet on the Western Front,5.4072,1930-04-29,7.753,943
13842,10122,Flight of the Navigator,4.9975,1986-07-30,6.969,963
13843,10529,Outlander,5.5243,2008-04-24,6.466,1445
13844,1404320,Wild Agent 2: Peach Assassination,4.6693,2024-12-19,4.6,5
13845,534613,Племяшка,4.907,2014-11-16,0.0,0
13846,10489,Cujo,5.2347,1983-08-10,6.176,1152
13847,1244557,Lumen - Дыши,4.9821,2006-06-20,8.0,1
13848,154693,The Sky Above,5.1098,2011-11-18,4.5,4
13849,44729,One Piece: Baron Omatsuri and the Secret Island,5.5663,2005-03-05,7.199,249
13850,270965,Mind the Steps!,4.4944,1989-01-01,7.2,9
13851,6312,Brotherhood of the Wolf,5.09,2001-01-31,6.74,1763
13852,366980,Peculiar Attraction,4.7571,1988-03-03,6.717,30
13853,666154,Kayara,5.2142,2025-01-02,7.632,121
13854,418579,Young Sister-In-Law,5.181,2016-09-27,6.0,2
13855,1559332,Blood Money,4.0292,,0.0,0
13856,619814,Žaltvykslės,4.7389,1980-09-05,0.0,0
13857,280266,A Date,4.4053,2012-01-01,0.0,0
13858,1043905,Dirty Angels,5.3192,2024-12-11,6.125,392
13859,227783,The Nut Job,6.3774,2014-01-17,5.916,1053
13860,13225,FernGully: The Last Rainforest,5.0495,1992-04-10,6.404,648
13861,910,The Big Sleep,5.9995,1946-08-22,7.593,1176
13862,667257,Impossible Things,5.4114,2021-06-17,8.413,427
13863,542288,Barnavännen,4.6195,2004-03-18,0.0,0
13864,10877,Exit Wounds,4.26,2001-03-16,5.905,594
13865,101368,Night Accident,4.8297,1980-06-06,5.8,5
13866,587496,The Rental,6.5398,2020-07-23,5.541,1005
13867,1280015,Sunny Dancer,7.8922,2026-08-12,0.0,0
13868,668829,Have You Forgotten What We Used to Play?,4.8494,2010-09-24,2.0,3
13869,830784,"Lyle, Lyle, Crocodile",7.2444,2022-10-07,7.034,685
13870,456554,Frozen May,4.3744,2017-05-05,4.8,5
13871,1060980,Lifere kichhi bi heipare,4.4355,2022-12-11,0.0,0
13872,557564,Mayskaya Street,4.8203,2017-04-23,0.0,0
13873,11041,The Beverly Hillbillies,5.3371,1993-10-15,6.317,603
13874,484457,Aos Sí,4.5992,2017-10-30,0.0,0
13875,1461283,Les deseo,4.926,,0.0,0
13876,1093457,Cupid and Demon,4.5969,1994-01-01,8.0,1
13877,286460,An Afternoon Affair,4.6516,1983-08-12,9.0,1
13878,1568498,Rowdy Raja,4.0933,1984-07-03,0.0,0
13879,533914,"The Packet of ""Kazbek""",4.3415,1958-01-01,7.5,2
13880,533914,"The Packet of ""Kazbek""",4.3415,1958-01-01,7.5,2
13881,403138,Time to Get Married,4.9517,1960-01-03,0.0,0
13882,1215532,Chickenhare and the Secret of the Groundhog,4.8099,2025-09-19,7.4,8
13883,583874,Those Names Are Those Years,4.9541,2018-11-15,0.0,0
13884,1074627,Monkey Bizness,4.6239,2015-02-13,0.0,0
13885,286775,Electric Schock,4.4257,1979-08-13,7.0,1
13886,79218,Ice Age: A Mammoth Christmas,6.0309,2011-11-24,6.447,711
13887,2789,The Chronicles of Riddick,5.6139,2004-06-11,6.559,4567
13888,1729492,Bisikan Bella,4.1798,2022-01-01,0.0,0
13889,431530,A Bad Moms Christmas,5.6579,2017-08-04,6.321,2219
13890,669294,Lee Eun-mi Big Breasts,5.4671,2020-02-01,2.0,1
13891,598730,Run,4.9514,2019-06-11,0.0,0
13892,10806,In & Out,5.7338,1997-09-10,6.451,759
13893,671622,My Sister-in-law's Secret,4.9756,2019-12-20,6.4,11
13894,957304,Drive-Away Dolls,5.7087,2024-02-22,5.513,599
13895,38357,Morning Glory,5.9441,2010-11-10,6.371,1651
13896,1097556,Larysa Kadochnikova. The War,4.6533,2023-02-24,0.0,0
13897,1494,Curse of the Golden Flower,5.9213,2006-12-14,6.868,831
13898,574,The Man Who Knew Too Much,4.74,1956-05-16,7.434,1575
13899,11198,City Hunter,5.123,1993-01-14,6.577,467
13900,354160,Dossiê Kavernista,4.9458,2012-01-01,0.0,0
13901,2749,15 Minutes,5.9375,2001-03-01,5.921,822
13902,1265196,"Amos, Vogel",4.2174,2024-10-23,0.0,0
13903,481543,Drop Everything,4.7984,2017-10-02,0.0,0
13904,1171462,Golden Kamuy,4.7575,2024-01-19,7.076,99
13905,1073380,The Qing Palace's Secret Affairs 1,4.7596,2002-01-01,6.0,1
13906,316935,Sheng xia and her fiance,4.9549,1985-01-01,6.0,1
13907,353759,Last Day of School,5.2232,2015-07-13,8.5,2
13908,533642,Child's Play,6.9021,2019-06-19,5.972,2078
13909,10216,Species II,5.9547,1998-04-10,5.195,835
13910,62734,Paganini,3.4418,1990-05-25,5.276,29
13911,576530,Just Like a Cat,5.2969,1993-01-01,4.667,6
13912,59962,This Means War,5.8549,2012-02-14,6.181,3644
13913,723072,Host,5.5715,2020-09-10,6.572,1300
13914,488213,More Than a Movie,4.9975,2017-11-23,0.0,0
13915,257943,Quiéreme más,4.5978,2013-05-30,0.0,0
13916,1302904,Practical Magic 2,5.5132,2026-09-09,0.0,0
13917,1214314,One More Shot,4.851,2024-01-09,6.53,297
13918,1081761,Bohu Ama Bichhuati,4.706,2023-01-29,0.0,0
13919,1483,Begotten,5.4133,1991-06-05,5.939,362
13920,596141,Where There Is a Long Winter,5.3442,1968-10-21,8.0,1
13921,901261,Eida Kopal!,4.835,2021-06-25,0.0,0
13922,635183,Atonement,4.7328,2015-09-29,0.0,0
13923,9846,To Live and Die in L.A.,5.1588,1985-11-01,7.1,804
13924,1328234,Duty Calls,3.9217,2024-05-24,0.0,0
13925,744631,The Cloud Is Still There,4.9827,2020-09-13,10.0,1
13926,9298,Ali G Indahouse,4.457,2002-03-21,6.06,1518
13927,470459,El árbol,4.8833,2007-02-01,0.0,0
13928,808430,The Male Gaze: Nocturnal Instincts,6.6928,2021-03-15,4.286,7
13929,32985,Solomon Kane,5.8566,2009-12-23,6.041,1554
13930,855734,共赴国难,4.8177,1932-01-01,0.0,0
13931,791,The Fog,5.3258,2005-10-14,4.631,850
13932,797,Persona,5.401,1966-10-18,8.12,2442
13933,94047,My Way,4.4455,2011-12-21,7.92,456
13934,1563676,Like a Limbless Tree,4.6868,2025-11-01,0.0,0
13935,1367125,Gaua (The Night),4.6182,2025-11-13,6.613,71
13936,12103,Don't Say a Word,5.8348,2001-09-28,6.265,1095
13937,792001,Amor Bandido,4.6803,2021-03-18,6.65,120
13938,13490,Welcome Home Roscoe Jenkins,5.288,2008-02-08,6.042,319
13939,8665,K-19: The Widowmaker,5.2242,2002-07-19,6.582,1206
13940,13310,Let the Right One In,5.6414,2008-10-24,7.542,3317
13941,1162383,Fe,4.2893,2013-01-01,0.0,0
13942,1621552,Facing El Chapo,6.0552,2026-08-21,0.0,0
13943,15906,Barbie and the Magic of Pegasus,5.4204,2005-10-04,7.234,777
13944,10017,The Wraith,5.2104,1986-10-01,6.382,525
13945,766319,Mariah Carey's Magical Christmas Special,6.7971,2020-12-03,6.2,72
13946,979588,Flat Belly Syndrome,4.8299,2022-06-02,0.0,0
13947,727731,Tea Picking Girl,4.6955,1924-01-01,0.0,0
13948,856169,前程万里,4.7872,1941-01-01,0.0,0
13949,42297,Burlesque,5.7307,2010-11-23,7.2,2391
13950,784130,The Night Belongs to Lovers,5.3879,2021-12-16,5.7,20
13951,427164,Zwischen Gebäuden,4.5451,1989-02-02,0.0,0
13952,1109086,War 2,4.9311,2025-08-13,6.072,69
13953,1014392,Swirling in the Dreams,4.525,2022-06-15,0.0,0
13954,1124340,Spring Awakening: Filmed Live on Astral Theater,4.7742,,0.0,0
13955,637534,The Stronghold,5.4263,2021-08-18,7.366,1429
13956,551528,Poramon 2,4.5712,2018-06-16,6.2,4
13957,354181,Les Misérables,4.6257,1987-01-01,7.5,2
13958,878348,A Busca do Eu e o Silêncio,4.9289,2021-09-09,10.0,1
13959,74387,Goon,5.1547,2012-01-06,6.428,1045
13960,1017412,The Toddler,4.2886,2021-09-07,0.0,0
13961,1492675,Sobre Nós,3.9762,2025-05-26,0.0,0
13962,306397,Hari Darshan,4.2473,1972-01-01,8.0,1
13963,9900,Grandma's Boy,5.7834,2006-01-06,6.517,760
13964,431400,Tristezas Não Pagam Dívidas,4.8643,1943-12-22,9.0,1
13965,1052531,Conquering Time – Ágnes Keleti,4.3846,2022-09-15,8.0,1
13966,1018525,Hitam & Putih,4.714,2017-04-13,0.0,0
13967,532259,Skull Fracture or 'Aren't You Rather Young to Be Writing Your Memoirs?',5.0664,2017-06-05,0.0,0
13968,1728395,Real One,3.8942,2025-10-10,0.0,0
13969,1623854,Outros Santos,3.839,2026-01-26,0.0,0
13970,1577259,Hozu Khan,4.7207,2025-11-01,0.0,0
13971,205345,Baker's Bread,7.2152,1977-02-25,5.2,5
13972,666666,Надоело умирать,5.3655,2020-02-03,0.0,0
13973,59515,Operational activities,4.9047,2007-01-01,0.0,0
13974,1251900,The Shrine,4.5672,2026-02-06,2.7,3
13975,12599,Pokémon the Movie 2000,5.5243,1999-07-17,6.8,951
13976,1094974,Take Cover,4.793,2024-10-04,6.334,214
13977,308504,Last Knights,5.8616,2015-04-03,6.382,1170
13978,21316,Leroy & Stitch,4.972,2006-06-23,6.534,614
13979,9942,Major League,5.1748,1989-02-16,6.893,894
13980,1727761,Aroosa,4.9697,1993-05-14,0.0,0
13981,330666,Foucault Against Himself,5.5053,2014-06-18,6.2,6
13982,2026,Hostage,5.1292,2005-03-09,6.357,1792
13983,10328,Cocoon,5.0863,1985-06-21,6.636,1432
13984,1002487,Enchanting Huangshan Mountain,4.8156,1986-01-01,8.0,1
13985,356609,COLD MOON,4.8154,2008-10-07,0.0,0
13986,996243,Dos y un Sueño,5.4183,2022-07-05,0.0,0
13987,504197,Mad Couple,4.6422,2014-01-01,0.0,0
13988,66284,Thai Veedu,3.8173,1983-04-14,4.0,1
13989,699965,Récits d'une jeunesse exilée - J'ai marché jusqu'à vous,5.1956,2016-10-17,10.0,1
13990,11675,Halloween H20: 20 Years Later,5.6754,1998-08-05,6.0,1827
13991,8978,Assault on Precinct 13,6.9188,2005-01-19,6.187,1221
13992,295693,The Boss Baby,5.171,2017-03-23,6.454,7521
13993,414049,Lucky,4.7208,2016-02-05,0.0,0
13994,35304,Miss Sweden,4.6239,2004-03-09,5.241,29
13995,11006,Smokey and the Bandit,4.9398,1977-05-27,7.0,822
13996,442512,First Love,5.013,2008-02-19,0.0,0
13997,2976,Hairspray,5.8289,2007-07-19,6.7,2646
13998,21506,Noroi: The Curse,4.8432,2005-08-20,6.87,443
13999,250060,Alcalde por elección,4.7384,1976-12-06,6.25,8
14000,250060,Alcalde por elección,4.7384,1976-12-06,6.25,8
14001,7007,Rising Sun,5.8108,1993-07-30,6.142,850
14002,10747,The Outlaw Josey Wales,4.0394,1976-06-30,7.452,1314
14003,925,Do the Right Thing,5.4305,1989-06-14,7.765,2027
14004,348964,Baby Phone,4.7815,2014-01-17,5.1,73
14005,2163,Breakdown,5.2192,1997-05-02,6.935,1130
14006,614406,Inhale-Exhale,4.7201,2019-06-15,8.5,3
14007,671074,My Wife's Lover 3,4.9029,2020-01-10,3.7,3
14008,531384,Project Gutenberg,4.5296,2018-09-30,7.18,142
14009,922334,Chanita's Kiss,4.6529,1974-09-16,0.0,0
14010,76599,Ville à vendre,5.8132,1992-02-26,5.2,5
14011,13398,Tokyo Godfathers,5.5422,2003-12-05,7.929,1539
14012,441282,Night Hunter,5.4426,2019-08-08,6.584,1090
14013,1509546,El limonero,4.1498,2019-05-01,0.0,0
14014,1730878,Ghost Hotel,4.9318,2026-07-03,0.0,0
14015,1734278,Penunggang Agama,4.4158,2021-01-01,0.0,0
14016,1617852,Speed Faster,5.1671,2026-01-23,7.1,8
14017,815997,Justicia Divina,4.342,2012-02-04,5.7,3
14018,847000,Capture,4.6506,1982-12-19,7.2,4
14019,846007,Без права на пощаду,4.9398,1970-10-15,7.5,2
14020,359882,Inquisición y libertad,5.0615,1982-01-01,5.0,1
14021,257590,Vacations on the Dead Street,4.6204,1978-08-24,9.5,2
14022,9550,House of Flying Daggers,5.5363,2004-07-16,7.269,1818
14023,873752,Echoes,4.6349,2020-11-26,0.0,0
14024,2926,The Three Musketeers,5.4462,1973-12-11,6.73,370
14025,471676,Arriba Michoacán,4.6548,1987-07-09,5.5,4
14026,423600,Julian,4.7136,,0.0,0
14027,983507,Good Boy,4.1973,2022-06-03,6.291,380
14028,397,French Kiss,6.0767,1995-05-05,6.5,809
14029,13283,Barbie as the Island Princess,6.3174,2007-09-17,7.266,782
14030,523917,Atlantis of the Russian North,4.8846,2015-06-30,0.0,0
14031,1076729,Murder in Winter Yalta,4.5186,2007-09-08,2.5,1
14032,1468417,First Moon,4.5122,2025-05-06,4.4,61
14033,479030,Hell '43,4.5344,1980-09-30,10.0,1
14034,1559234,Martín comes back,4.2156,2025-10-15,0.0,0
14035,435621,Temptation Summary,3.7756,1990-11-15,3.0,6
14036,8840,DragonHeart,5.5262,1996-05-31,6.565,2189
14037,904270,The Truth Close-Up,4.3555,1988-12-31,9.0,1
14038,9788,Accepted,5.3839,2006-08-18,6.5,1822
14039,605886,To Catch a Killer,5.6847,2023-04-06,6.85,1352
14040,8840,DragonHeart,5.5262,1996-05-31,6.565,2189
14041,904270,The Truth Close-Up,4.3555,1988-12-31,9.0,1
14042,9788,Accepted,5.3839,2006-08-18,6.5,1822
14043,605886,To Catch a Killer,5.6847,2023-04-06,6.85,1352
14044,335832,Boonie Bears: A Mystical Winter,4.3633,2015-01-30,7.7,15
14045,56288,Spy Kids: All the Time in the World,5.9834,2011-08-18,4.691,1070
14046,701952,My Girlfriend's Mother 2,4.604,2018-08-30,3.0,11
14047,1201055,Sexual Dynamite Heroine 06: Fighter of the Sun Leona,4.6596,2015-03-27,0.0,0
14048,1592952,Coded Hearts,4.1053,,0.0,0
14049,119892,The Monkey King,5.9355,2014-01-09,5.6,238
14050,1164345,At Least in the Movies 2,4.5354,2023-06-06,0.0,0
14051,12123,Chain Reaction,5.6602,1996-08-02,5.818,1225
14052,1722197,V4.04,4.7813,,0.0,0
14053,579583,The King of Staten Island,5.0928,2020-07-22,6.981,1155
14054,1463449,A Closure,4.7389,2025-04-28,0.0,0
14055,943786,Contre Braque,4.005,2022-02-01,0.0,0
14056,524247,The Intruder,5.6979,2019-05-03,6.053,631
14057,37786,Sex and the City 2,5.6508,2010-05-26,6.041,1748
14058,2193,My Tutor,4.7441,1983-03-04,5.1,83
14059,978,Seven Years in Tibet,6.3042,1997-09-12,7.169,3153
14060,1732390,Almafobiya,4.2553,2022-03-08,0.0,0
14061,482221,The Doll,4.683,2015-01-22,6.0,1
14062,948713,The Last Kingdom: Seven Kings Must Die,4.9583,2023-04-14,7.244,866
14063,1079346,5lbs of Pressure,4.7609,2024-03-08,5.869,65
14064,12919,Can't Buy Me Love,5.4338,1987-08-14,6.89,724
14065,1239203,Delfina,4.027,2022-01-01,0.0,0
14066,79518,Naked,4.4137,2006-06-28,5.273,11
14067,114596,"5 Incher, Almost a Skateboard Video",4.8207,2012-06-04,0.0,0
14068,8069,Barbarella,5.5062,1968-10-10,6.002,860
14069,749163,Luce & Me,4.7883,2020-10-04,6.5,2
14070,814699,Red Jungle,4.632,2022-06-22,5.667,6
14071,761167,Angry Lone Island,4.9025,1989-01-01,10.0,1
14072,310981,Mars in the Well,5.4652,2014-12-04,0.0,0
14073,53653,Prison on Fire,4.2335,1987-11-13,7.032,108
14074,8982,The Protector,6.4745,2005-08-11,7.1,950
14075,1396990,Спид Стар,4.3715,2024-12-04,0.0,0
14076,334673,XX: Beautiful Target,4.5961,1995-03-10,4.857,7
14077,1239251,Megamind vs. the Doom Syndicate,5.0536,2024-03-01,5.037,347
14078,963,The Maltese Falcon,5.2464,1941-10-18,7.699,1907
14079,1065460,To Fall,4.7407,2023-01-20,2.0,1
14080,1065460,To Fall,4.7407,2023-01-20,2.0,1
14081,6069,The Witches of Eastwick,5.836,1987-06-12,6.546,1584
14082,300673,The Finest Hours,5.6054,2016-01-27,6.597,1772
14083,12205,Dark Water,4.9458,2002-01-19,6.815,730
14084,11208,Wicker Park,5.425,2004-09-03,6.813,750
14085,1492608,John Candy: I Like Me,5.8345,2025-09-04,7.872,109
14086,230179,Big Game,5.9556,2014-09-05,5.493,1238
14087,280245,Pie,4.7923,2012-01-01,0.0,0
14088,507463,Ernakulam Junction,4.9079,1971-12-03,8.0,1
14089,52683,In All Innocence,5.074,1998-11-25,5.875,32
14090,34480,The Descent: Part 2,5.5483,2009-10-14,5.98,1350
14091,1239416,Sáng Đèn,4.1741,2024-03-24,7.0,1
14092,1165,The Queen,4.9938,2006-09-15,6.949,1444
14093,344602,Tendre piège,4.3485,1996-05-10,10.0,1
14094,64720,Take Shelter,5.2063,2011-09-30,7.058,2030
14095,366486,Two Lines,4.3416,2008-02-27,6.0,2
14096,914136,Bai Ivan: The Movie,4.8805,2021-11-12,6.25,4
14097,10623,Cradle 2 the Grave,5.8819,2003-02-28,6.118,1047
14098,11258,Hard Rain,5.6639,1998-01-16,5.878,817
14099,745787,Trigger,4.5053,2018-08-12,0.0,0
14100,1359607,Miss Kobayashi's Dragon Maid: A lonely dragon wants to be loved,4.6728,2025-06-27,8.917,72
14101,604868,Rescue,4.8247,2019-07-12,0.0,0
14102,1088226,Artem & Eva,4.5668,2023-03-07,7.375,20
14103,419114,Bed-Rella,5.6785,2016-09-22,8.5,4
14104,1429585,Blue Hour,4.2435,2027-03-10,0.0,0
14105,8740,The Vanishing,5.3839,1988-10-27,7.416,842
14106,11678,Vertical Limit,5.8372,2000-12-08,6.019,1187
14107,168153,The Secret of the Mountain,5.6842,1959-12-27,6.4,8
14108,744244,The March,4.5207,2020-09-17,0.0,0
14109,929039,Beacon Lamp,5.0155,1977-05-05,0.0,0
14110,1098927,Pobitro Bhalobasha,4.972,2018-10-05,0.0,0
14111,263109,Shaun the Sheep Movie,5.8913,2015-02-05,6.986,1536
14112,10715,Looney Tunes: Back in Action,5.5839,2003-11-14,6.365,1626
14113,14624,The Ultimate Gift,5.1134,2007-03-09,7.682,540
14114,1678248,X Factor,4.6929,2007-12-22,8.0,2
14115,165082,A Strange Marriage Part 2,4.47,1984-02-02,0.0,0
14116,713167,Zakura,4.5547,2020-11-04,0.0,0
14117,15720,The Man from Elysian Fields,5.0483,2001-09-13,5.886,66
14118,800939,Ticket to Paradise,6.0675,2022-09-08,6.413,1417
14119,51043,Loch Ness,4.0394,1996-08-23,5.684,128
14120,364721,Si Buta,4.391,1974-01-01,0.0,0
14121,465595,Sweet Sex,4.7622,2017-07-06,6.909,22
14122,1280018,Pozo ciego,4.1692,2007-01-01,6.0,1
14123,577,To Die For,5.6523,1995-09-22,6.584,903
14124,11601,Stir of Echoes,4.9884,1999-09-10,6.696,1374
14125,745943,Vouta,4.7594,2020-09-21,4.0,4
14126,1641780,Acesso Negado,4.0195,2026-02-26,0.0,0
14127,1643646,Clara.mem,4.1524,2017-07-22,0.0,0
14128,793200,Misión en Buenos Aires,4.7451,1954-02-03,10.0,1
14129,13459,Barbie in 'A Christmas Carol',5.7396,2008-11-03,7.2,589
14130,800815,The Pale Blue Eye,5.9488,2022-12-22,6.791,2221
14131,1360829,VIRGIN PUNK Clockwork Girl,6.1547,2025-06-27,7.971,35
14132,583083,The Kissing Booth 2,5.6894,2020-07-24,7.6,5157
14133,23966,Deadgirl,4.1758,2008-09-06,5.272,386
14134,823883,Aunt's Beauty Salon Closing Day,4.74,2021-02-04,5.4,5
14135,10012,Cursed,5.4166,2005-02-25,5.504,794
14136,1059128,Queer,5.0554,2024-11-27,6.53,547
14137,638535,Laughing Matters,4.6011,2019-10-10,8.0,1
14138,1044665,ACA 147: Vartanyan vs. Raisov,4.5349,2022-11-04,0.0,0
14139,919207,12.12: The Day,5.2226,2023-11-22,7.6,148
14140,10012,Cursed,5.4166,2005-02-25,5.51,795
14141,1059128,Queer,5.0554,2024-11-27,6.53,547
14142,638535,Laughing Matters,4.6011,2019-10-10,8.0,1
14143,1044665,ACA 147: Vartanyan vs. Raisov,4.5349,2022-11-04,0.0,0
14144,919207,12.12: The Day,5.2226,2023-11-22,7.6,148
14145,9416,Money Talks,5.4381,1997-08-22,6.003,435
14146,10413,Nowhere to Run,5.7738,1993-01-15,6.5,849
14147,17581,Naruto Shippuden the Movie: Bonds,4.7296,2008-08-02,7.319,526
14148,2116,Out of Time,5.7219,2003-10-03,6.37,1336
14149,378018,The Void,5.0135,2016-09-22,6.018,1463
14150,653131,Schoolmistress 2,4.2465,2018-12-18,7.3,3
14151,109410,42,5.4965,2013-04-12,7.206,1986
14152,11879,Near Dark,5.993,1987-10-02,6.8,897
14153,288414,I Like Sexy Women,4.3758,2014-07-09,5.5,2
14154,13466,October Sky,5.7544,1999-02-19,7.678,1460
14155,312791,GirlHouse,5.0956,2014-10-16,5.959,327
14156,5289,Chaos,5.6061,2005-01-17,6.315,1168
14157,1006765,张铁匠的罗曼史,4.6466,1982-12-01,0.0,0
14158,1589713,Dance of the Damned,4.8179,2026-05-27,8.0,4
14159,10711,French Connection II,4.044,1975-05-18,6.781,481
14160,133400,Time,4.5853,1986-11-02,6.0,5
14161,700199,Mom's Friend 4,4.6534,2018-01-08,6.1,7
14162,904661,The Fox and the Ouzel,4.3654,1982-01-01,0.0,0
14163,9425,Soldier,5.1576,1998-10-23,6.414,977
14164,916192,"The Tunnel to Summer, the Exit of Goodbyes",5.0141,2022-09-09,7.729,291
14165,1591669,Little Death,3.9874,,10.0,1
14166,429464,A Really Crazy Wednesday,5.2067,2016-12-16,0.0,0
14167,1319965,All of You,4.7481,2025-09-26,6.327,165
14168,47423,Once a Thief,4.7202,1991-02-02,6.845,184
14169,534179,Mother's Friends,4.3272,2017-05-01,5.7,6
14170,263744,Sarvadhikari,4.7426,1951-09-14,10.0,1
14171,274957,Teri Yaad,4.7107,1948-08-07,8.5,2
14172,1313230,Cidade Desgraça,3.8624,,0.0,0
14173,339967,Colossal,4.683,2017-04-06,6.279,2308
14174,879750,Behind The Face,4.7779,2016-05-13,0.0,0
14175,1673393,Krishnavataram Part 1: The Heart (Hridayam),4.4139,2026-05-07,9.0,6
14176,533009,Once Upon a Time,4.6625,1967-01-01,0.0,0
14177,20770,But I'm a Cheerleader,5.2257,2000-07-07,7.1,861
14178,787448,Senen Raja,3.9803,1954-11-04,0.0,0
14179,630358,From Now On,4.8339,2016-01-01,5.0,2
14180,236679,Vocação do Poder,4.7403,2005-03-31,10.0,1
14181,10246,Porky's,4.9039,1981-11-13,6.407,980
14182,108747,Love and Crime,4.3897,1969-08-27,7.2,10
14183,9381,Babylon A.D.,5.4454,2008-08-20,5.667,2290
14184,49526,Premium Rush,5.5957,2012-08-24,6.361,2353
14185,417830,Diary of a Wimpy Kid: The Long Haul,5.2782,2017-05-19,5.3,539
14186,1617133,Solitaire,4.0881,2026-07-04,0.0,0
14187,24614,Legend of the Sacred Stone,4.7144,2000-01-22,7.3,3
14188,347969,The Ridiculous 6,5.1008,2015-12-11,5.226,1551
14189,602713,Fury,4.6202,1966-02-14,8.0,2
14190,394591,Nos parecía importante,4.9286,2016-09-30,5.0,3
14191,38322,"Big Mommas: Like Father, Like Son",5.9334,2011-02-16,5.545,1318
14192,800409,Zarnitsa,4.9142,2021-04-26,5.2,14
14193,962,The Gold Rush,5.613,1925-07-13,7.967,1863
14194,188329,There's Only One Girl in the World,4.9906,1930-05-12,5.4,5
14195,118632,Ghatak,3.8669,1996-11-08,7.556,18
14196,1734176,Sitik Tok,3.9899,2021-01-01,0.0,0
14197,17101,Bleach the Movie: The DiamondDust Rebellion,4.8953,2007-12-22,6.793,198
14198,639815,And So He Opens His Eyes,4.8728,2019-09-28,6.0,1
14199,369471,The Unspoiled Diamond,4.8991,1982-05-15,4.286,7
14200,1657907,Black Dove,4.7932,2026-04-30,0.0,0
14201,1042550,Our Uncle Pedro,4.658,2021-06-01,0.0,0
14202,24150,Halloween II,6.1267,2009-08-28,5.313,1556
14203,855712,孤岛春秋,4.8078,1941-01-01,0.0,0
14204,875357,Ultimate Wife,5.0491,1997-08-01,2.0,2
14205,591538,The Tragedy of Macbeth,6.3283,2021-12-05,6.918,887
14206,12090,Just Married,5.9219,2003-01-08,5.773,1475
14207,1566269,The First Snow of Fraggle Rock,4.9345,2025-12-04,7.0,13
14208,82682,Gangster Squad,5.9707,2013-01-09,6.38,4288
14209,15577,Crossing Over,5.8352,2009-02-10,6.1,414
14210,15357,District 13: Ultimatum,5.5629,2009-02-18,6.401,1296
14211,5143,Hannah and Her Sisters,4.8801,1986-02-07,7.463,1187
14212,12149,Frailty,4.8193,2002-04-12,6.947,1362
14213,458594,Peppermint,4.8335,2018-09-06,6.736,2266
14214,1020991,Killing Myself,4.1808,2022-09-22,4.0,1
14215,8850,The Shadow,5.7066,1994-07-01,6.058,575
14216,1003733,Assassination In Harbin,5.1072,1985-08-01,0.0,0
14217,359273,Contigo y aquí,4.4008,1974-09-04,8.0,1
14218,1029884,Basiyat,4.6473,2020-10-31,0.0,0
14219,1001311,Under Paris,5.3502,2024-06-04,5.926,1433
14220,1003733,Assassination In Harbin,5.1072,1985-08-01,0.0,0
14221,359273,Contigo y aquí,4.4008,1974-09-04,8.0,1
14222,1029884,Basiyat,4.6473,2020-10-31,0.0,0
14223,1001311,Under Paris,5.3502,2024-06-04,5.926,1433
14224,328528,Holiday in Britain,4.7514,1975-03-03,6.25,4
14225,1118615,Credit,4.5541,2023-04-22,4.0,1
14226,567646,Extreme Job,4.9076,2019-01-23,7.164,359
14227,345914,The House,6.0634,2017-06-29,5.634,989
14228,910390,Lived and Drank,4.325,1985-01-01,0.0,0
14229,1175176,The Flesh,4.3776,2024-01-01,0.0,0
14230,342918,Командировка,4.5609,2009-03-26,0.0,0
14231,32856,Valentine's Day,5.5654,2010-02-10,5.929,3193
14232,682052,Offline Valley,4.1832,2018-01-12,7.0,1
14233,502235,Purpose of Reunion 3,4.1634,2018-02-20,5.583,12
14234,1734242,Potong Raya,4.2833,2021-01-01,0.0,0
14235,1379486,Victorian Psycho,4.7605,2026-09-24,0.0,0
14236,51429,Female Yakuza Tale,4.3327,1973-06-06,6.1,40
14237,8874,My Best Friend's Wedding,5.7174,1997-06-19,6.564,2919
14238,353929,Egorka,4.448,1984-12-23,8.667,3
14239,305632,Muß man sich gleich scheiden lassen,5.1891,1933-10-09,7.0,1
14240,15515,The 7th Voyage of Sinbad,5.9629,1958-12-05,6.9,326
14241,437542,I Don't Like Younger Men,4.4761,2017-01-19,4.2,4
14242,189486,Katka's Reinette Apples,4.9654,1926-12-24,5.6,10
14243,37933,Tales from Earthsea,5.5347,2006-07-29,6.529,1513
14244,129000,The Apolitical Man,4.3616,1977-05-02,4.333,6
14245,13019,Young People Fucking,4.5587,2007-09-05,5.827,243
14246,378,Raising Arizona,5.5796,1987-03-13,7.054,2372
14247,9272,The Good Son,6.3362,1993-09-24,6.788,1061
14248,165081,A Strange Marriage Part 1,4.921,1984-02-01,0.0,0
14249,376865,High Life,5.3294,2018-09-26,5.715,1244
14250,12102,Kramer vs. Kramer,5.8066,1979-12-07,7.566,2499
14251,445703,Aryamala,4.8014,1941-03-08,0.0,0
14252,1064307,Spermageddon,5.4823,2024-12-28,6.5,135
14253,208134,Jackass Presents: Bad Grandpa,5.6306,2013-10-22,6.169,1716
14254,509635,Alone,5.2314,2020-09-10,6.363,873
14255,1576198,Madulas,5.182,2025-11-14,4.0,1
14256,41210,The Switch,6.1374,2010-08-20,6.23,2057
14257,334775,On the Sideline,4.5931,1976-04-06,8.0,2
14258,347031,Swiss Army Man,4.5584,2016-06-24,6.916,3858
14259,327331,The Dirt,4.6544,2019-03-18,7.434,1341
14260,334775,On the Sideline,4.5931,1976-04-06,8.0,2
14261,347031,Swiss Army Man,4.5584,2016-06-24,6.916,3859
14262,327331,The Dirt,4.6544,2019-03-18,7.434,1341
14263,63492,What's Your Number?,5.4567,2011-09-30,6.463,2449
14264,1734675,Teratai Kemboja,4.3625,2018-01-01,0.0,0
14265,1013052,U Are the Universe,4.7603,2025-04-24,7.622,78
14266,151026,How to Seduce Your Teacher,4.3407,1979-08-09,5.157,51
14267,1216663,Mau Retiro,3.5939,2022-12-10,0.0,0
14268,1717118,Le miracle,4.2838,2026-07-04,0.0,0
14269,1036864,JK Slayer Yaksa,4.5427,2013-07-26,3.0,1
14270,1687625,Billeting,3.7361,1938-11-02,0.0,0
14271,11545,Rushmore,4.4897,1998-12-11,7.396,2765
14272,44040,Devil,5.5659,2010-09-16,6.103,3149
14273,1381071,Godzilla Minus Zero,5.1077,2026-11-03,0.0,0
14274,555645,Caecitas,4.5106,2017-11-02,0.0,0
14275,453017,Presos del silencio,4.8453,2004-10-01,7.5,2
14276,1523662,Victoria's Silver,3.9143,2025-08-15,6.0,5
14277,11708,Chitty Chitty Bang Bang,5.1264,1968-12-17,6.829,753
14278,1735152,Kerana Anisa,4.0109,2016-01-01,0.0,0
14279,10632,The Hunted,5.3746,2003-03-11,6.174,937
14280,956491,Facies,4.2774,2022-04-14,7.2,5
14281,8066,Stay,5.1419,2005-09-24,6.6,1548
14282,837390,The Well,4.8097,2019-11-19,0.0,0
14283,10651,The Dead Pool,5.2259,1988-07-13,6.3,961
14284,518493,The Song of the Tree,4.7105,2018-03-01,5.3,11
14285,1121881,Love You Anyway,3.9835,2017-09-08,0.0,0
14286,1497841,Carmen Mía,4.013,2018-01-01,0.0,0
14287,18126,Hannah Montana: The Movie,5.6437,2009-04-10,6.585,2117
14288,1175174,Fackham Hall,5.0013,2025-12-05,6.679,187
14289,402578,The Coop,4.3055,2015-04-16,5.0,6
14290,488515,The Execution,5.0546,2014-05-23,6.5,4
14291,572640,Sanctorum,4.8475,2019-09-07,5.4,8
14292,820446,Downton Abbey: A New Era,5.1428,2022-04-27,7.208,624
14293,338947,Hellraiser,5.455,2022-09-28,6.21,1064
14294,893168,Summer House,4.8083,1992-01-31,0.0,0
14295,10027,Unleashed,5.342,2005-02-02,6.947,2223
14296,19405,Recess: School's Out,4.0987,2001-02-16,6.582,378
14297,870324,Lifelines,4.8197,2023-01-21,0.0,0
14298,672741,Till Death,5.7808,2021-07-02,6.688,980
14299,4543,Monty Python's The Meaning of Life,5.4476,1983-03-31,7.301,2138
14300,870324,Lifelines,4.8197,2023-01-21,0.0,0
14301,672741,Till Death,5.7808,2021-07-02,6.688,980
14302,4543,Monty Python's The Meaning of Life,5.4476,1983-03-31,7.301,2138
14303,12657,Soul Plane,5.414,2004-05-28,5.496,513
14304,343797,Domino,4.568,1973-01-01,6.5,2
14305,787478,The Jade Hairpin,5.2748,1962-01-01,0.0,0
14306,300592,Baptism,4.263,1968-04-01,9.0,1
14307,462181,Palm Swings,4.3689,2017-10-03,5.934,61
14308,11165,Tora! Tora! Tora!,5.2783,1970-01-26,7.2,609
14309,1483926,Mal viaje,4.3328,2024-12-16,0.0,0
14310,14003,Fullmetal Alchemist the Movie: Conqueror of Shamballa,4.5709,2005-07-21,7.339,412
14311,829733,Národ sobě,4.6619,1948-01-01,0.0,0
14312,355830,Gala-Suit,4.7437,1949-08-23,7.0,1
14313,325821,The Green Van,4.7329,1959-12-19,7.8,6
14314,99425,Karungali,4.7565,2011-07-29,7.0,1
14315,383962,Blue Dress,5.054,2017-05-31,4.5,1
14316,335047,Border Dog Scarlet,4.5033,1979-05-04,5.3,3
14317,578908,Bad Trip,5.2339,2021-03-25,6.106,597
14318,1318188,Silent Hue,3.8818,2024-12-06,0.0,0
14319,472451,Boy Erased,5.895,2018-09-24,6.977,1501
14320,271443,Les guérisseurs,4.6177,1988-01-02,8.0,1
14321,9912,The World's Fastest Indian,5.488,2005-10-12,7.682,906
14322,1092,The Third Man,5.6129,1949-08-31,7.89,2142
14323,454266,Essay on Grandfather,4.8707,1987-04-25,6.0,1
14324,860321,Mistake of Perspiration,4.6053,2019-05-06,0.0,0
14325,339476,Particulier à particulier,4.7228,2014-03-20,5.2,2
14326,896536,The Legend of Ochi,4.7326,2025-04-18,6.143,329
14327,10366,Universal Soldier: The Return,4.7564,1999-08-05,5.9,1360
14328,41961,Little Vera,4.4967,1988-10-01,5.935,54
14329,1099639,The Temptation of the Mature 50s Mother-in-law,4.2531,2023-02-03,7.4,7
14330,14262,Desperate Living,5.0319,1977-05-27,6.347,121
14331,2124,Color of Night,5.462,1994-08-19,5.768,637
14332,242512,Ouija,5.4619,2014-10-24,5.135,2800
14333,300520,At Midnight,4.5516,1957-12-25,7.0,1
14334,463653,Boys from Liv Island,4.7557,1969-06-27,0.0,0
14335,1558001,Sleepless night,3.8019,,0.0,0
14336,1191363,Es Gourmet,4.283,2023-11-23,0.0,0
14337,463957,Vorgon's Lonesome Raid,4.8466,2010-01-01,0.0,0
14338,1100427,School Master,4.9327,1985-12-13,0.0,0
14339,1501018,A Family of Bastards,4.2678,2026-06-12,5.468,62
14340,1061798,Jim Queen,5.3792,2026-06-17,7.919,74
14341,455005,The Field,4.6506,2019-09-24,5.0,12
14342,339259,The Man with the Iron Heart,5.1489,2017-05-25,6.549,826
14343,938092,Call Center Accepts Everything,4.1587,2021-10-05,5.0,3
14344,1090737,Portraitist,4.3664,2019-07-23,0.0,0
14345,10019,Mannequin,4.923,1987-02-13,6.88,839
14346,1457515,Air Force Elite: Thunderbirds,4.0191,2025-05-22,7.0,44
14347,760937,God On The Balcony,4.6024,2021-01-17,0.0,0
14348,479625,Hyperconnectés : le cerveau en surcharge,4.9807,2016-09-04,10.0,1
14349,1732458,Angah,4.2032,2022-01-01,0.0,0
14350,468949,Cat Killer Silver,4.7552,1989-04-01,6.3,3
14351,940139,Here,4.8102,2024-10-30,6.488,696
14352,1429801,Hotel Chanchada,4.0665,,0.0,0
14353,824369,Bhai Bhai,4.56,1956-07-21,8.0,1
14354,641934,Am I OK?,5.29,2024-06-06,6.354,353
14355,868899,Czech paradise,4.6859,1954-01-01,0.0,0
14356,482040,Mom's Friend 3,4.7967,2017-03-30,5.2,5
14357,384682,Office Christmas Party,4.909,2016-11-25,5.718,2240
14358,744301,The Atmosphere Station,4.5194,2020-09-17,0.0,0
14359,854663,"Blood Type O, Watermelon Chest Housekeeper",5.0297,2021-01-08,6.412,17
14360,5375,Fred Claus,6.0579,2007-11-09,5.848,929
14361,10437,The Muppet Christmas Carol,4.4987,1992-12-11,7.445,1183
14362,605116,Project Power,5.9574,2020-08-14,6.424,3116
14363,438215,Let Her Cry,4.5604,2016-05-12,6.5,2
14364,611383,You Will Be a Man,4.5791,2018-10-21,6.0,1
14365,63197,Megan Is Missing,5.3421,2011-05-01,6.154,859
14366,15613,Fire in the Sky,5.1718,1993-03-12,6.674,723
14367,326021,The Secret of Genghis Khan,4.7741,2002-01-01,0.0,0
14368,85592,José Ignacio,4.3812,2009-01-01,0.0,0
14369,904803,Берегите хулиганов,4.5731,2021-11-26,0.0,0
14370,1159206,Father Mother Sister Brother,4.6625,2025-12-01,6.377,317
14371,1131676,Sopa norteña,3.3679,2008-05-01,0.0,0
14372,124459,The Incredible Burt Wonderstone,5.4241,2013-03-14,5.75,1563
14373,109491,Beautiful Creatures,4.9153,2013-02-13,6.043,2956
14374,976576,Emmanuelle,4.9518,2024-09-25,4.665,133
14375,551332,The Two Popes,5.309,2019-11-27,7.481,3181
14376,437068,A Taxi Driver,5.5075,2017-08-02,8.044,1194
14377,534680,Crane Song,4.771,1959-12-01,8.0,1
14378,15139,The Pagemaster,4.6445,1994-11-23,6.4,798
14379,481148,USSAK,4.6501,2017-05-02,6.0,2
14380,551332,The Two Popes,5.309,2019-11-27,7.481,3181
14381,437068,A Taxi Driver,5.5075,2017-08-02,8.044,1194
14382,534680,Crane Song,4.771,1959-12-01,8.0,1
14383,15139,The Pagemaster,4.6445,1994-11-23,6.4,798
14384,481148,USSAK,4.6501,2017-05-02,6.0,2
14385,42979,The Robot Chicken: Star Wars,5.8648,2007-07-17,7.2,272
14386,553604,Honest Thief,6.7108,2020-09-03,6.469,1924
14387,1117140,Like Wave Like Cloud,4.499,2023-05-28,0.0,0
14388,259694,How to Be Single,5.4548,2016-02-08,6.255,3376
14389,312218,Allegro with Fire,4.7043,1979-12-20,5.308,13
14390,249511,Triste Trópico,4.4066,1974-01-01,7.5,2
14391,2085,Romeo Must Die,5.7811,2000-03-22,6.288,1375
14392,418724,"Sábado, sabadete",4.6016,1983-06-07,3.667,3
14393,1538304,BLAME,3.7309,2019-11-20,0.0,0
14394,826046,Ramon Alvarado,5.0091,,0.0,0
14395,286594,Journey with Jacob,4.731,1972-08-12,9.0,1
14396,48377,Le Déménagement,4.9616,1997-02-02,4.6,34
14397,957567,Tjenbé Red,4.5037,2022-04-03,7.0,1
14398,458553,Tea,4.9854,2017-05-08,0.0,0
14399,10669,Deliverance,5.1104,1972-08-18,7.31,1837
14400,587001,The Happiness of a Mother,4.7096,2019-03-08,0.0,0
14401,456217,Wenn Männer verreisen,4.5698,1940-04-03,7.0,1
14402,14506,The Adventures of Baron Munchausen,5.6813,1988-12-07,6.988,1018
14403,1032342,Dayang Bersiong - The Sinful Cook,4.7185,2022-11-14,5.0,1
14404,106754,Angel Guts: Red Classroom,5.3442,1979-01-06,6.391,128
14405,1634612,Starry Eyed,3.8605,2026-02-13,0.0,0
14406,489398,Aasaan,4.6332,2017-11-30,0.0,0
14407,1596237,El Condenado,3.8109,2025-11-19,0.0,0
14408,866105,Bittersweet Power,4.1065,2022-01-26,8.5,2
14409,942539,A política do cinema,4.8072,,0.0,0
14410,265705,Young Forest,4.7463,1934-04-19,5.8,5
14411,20907,Opium: Diary of a Madwoman,4.3877,2007-03-29,5.364,22
14412,1945,Nell,4.809,1994-12-23,6.536,555
14413,814889,Never Let Go,6.7498,2024-09-18,6.047,640
14414,697276,Remo Largo - Ein Leben für unsere Kinder,5.0069,2015-12-01,0.0,0
14415,1180931,Silencio,4.0709,2024-03-13,8.4,7
14416,59861,Larry Crowne,6.284,2011-06-30,5.999,1439
14417,551804,Freaky,6.9849,2020-11-12,6.544,1881
14418,504372,Purnodoirgho Prem Kahini,4.631,2013-10-16,0.0,0
14419,1612566,Cheating Wife: Crossing the Valley of Sex,4.5148,1978-03-21,2.0,1
14420,919802,The Fly Fishing Lesson,4.4601,2018-06-01,0.0,0
14421,1060497,Imam,4.7468,2023-03-02,0.0,0
14422,451520,Lágrimas rojas,4.9152,2006-12-06,5.0,1
14423,280048,Reed,4.8462,2012-10-21,0.0,0
14424,11853,Bad Girls,5.9726,1994-04-22,5.362,271
14425,1528577,Bunny!!,3.8342,2026-02-17,7.0,1
14426,1403612,Timur,4.6269,2025-12-18,5.9,7
14427,30410,Treasure Hunt,5.0309,2003-01-01,4.222,9
14428,463722,Fragi - Away from Happiness,4.2787,1984-07-01,9.0,1
14429,1734615,Vlog Laura,3.8467,2018-01-01,0.0,0
14430,1706950,Fotbollsåret 2024,4.0406,2024-12-25,0.0,0
14431,486632,Wavelengths,4.6478,1971-01-01,7.0,1
14432,12779,Swept Away,5.2365,2002-10-11,4.737,315
14433,475268,Fear: Audibly,4.4138,2017-04-15,0.0,0
14434,978726,My Girlfriend is an Erotic Actress,4.2407,2021-10-07,0.0,1
14435,866413,You People,5.2954,2023-01-20,5.594,801
14436,20312,Interstate 60,4.3039,2002-04-13,7.378,796
14437,559638,An Affair: My Wife's Friend,4.2281,2018-05-17,5.8,4
14438,420217,Terepashiru,4.3445,,0.0,0
14439,1525008,Apartamento Seis,4.1807,,0.0,0
14440,866413,You People,5.2954,2023-01-20,5.594,801
14441,20312,Interstate 60,4.3039,2002-04-13,7.378,796
14442,559638,An Affair: My Wife's Friend,4.2281,2018-05-17,5.8,4
14443,420217,Terepashiru,4.3445,,0.0,0
14444,1525008,Apartamento Seis,4.1807,,0.0,0
14445,1716842,Latina,4.5914,2026-06-19,7.25,4
14446,466025,Sé que estaré: Recibiendo una lección,4.8321,2015-11-06,0.0,0
14447,1047947,"Thomas Hitzlsperger – Katar, warum nur?",4.4564,2022-11-14,0.0,0
14448,331932,Lena,4.568,1980-01-02,8.5,2
14449,171686,О нём,4.2791,2012-04-07,0.0,0
14450,10048,Stealth,5.6265,2005-07-27,5.463,1188
14451,1497,Teenage Mutant Ninja Turtles II: The Secret of the Ooze,5.0622,1991-03-22,6.226,1265
14452,371585,All That is Tender,4.6034,1996-02-08,8.0,2
14453,1172676,Poison,4.3871,2023-09-29,6.86,607
14454,20676,Deep Cover,5.2071,1992-04-15,6.803,268
14455,523992,FotogrÁFRICA,4.8812,2016-08-25,4.0,1
14456,254302,High-Rise,5.1221,2015-11-22,5.608,1272
14457,928344,Weird: The Al Yankovic Story,4.4487,2022-09-08,6.712,643
14458,35030,The Young One,4.7998,1960-09-05,6.951,61
14459,1735333,Héritage,3.7144,2026-01-01,0.0,0
14460,1389,Out of Sight,6.0356,1998-06-26,6.69,1431
14461,313653,Rege,3.7886,2014-08-15,7.6,5
14462,801937,"Silent Night, Deadly Night",5.0862,2025-12-11,6.397,155
14463,11689,Crime Busters,4.8103,1977-04-01,6.999,724
14464,455236,Accident Man,5.1451,2018-02-06,6.29,604
14465,675025,The Inevitable Death of the Crab,4.9613,2022-01-29,8.2,4
14466,15016,Barbie of Swan Lake,5.5252,2003-09-27,7.037,1147
14467,938008,The Killer,4.7712,2022-07-13,7.643,431
14468,586461,Swallow,4.9958,2020-01-15,6.575,868
14469,523172,Late Night,5.4808,2019-01-25,6.389,891
14470,1006042,Nós Dois,3.9857,2022-11-18,0.0,0
14471,10131,A Nightmare on Elm Street 4: The Dream Master,5.4081,1988-08-19,5.875,1653
14472,12146,The Missing,4.6877,2003-11-26,6.303,699
14473,1060362,"Dear Lauren,",4.5019,2022-12-09,0.0,0
14474,853672,Love Exchange,4.4229,2020-12-30,0.0,0
14475,1239198,My Dearest Señorita,3.9665,2026-04-17,6.439,41
14476,1038755,Jinn,4.3784,2023-04-21,0.0,0
14477,872492,Les Inséparables,4.8563,2010-06-01,0.0,0
14478,1190511,Sitaare Zameen Par,4.063,2025-06-20,7.04,50
14479,667520,A Whisker Away,5.6738,2020-06-18,7.9,1499
14480,667520,A Whisker Away,5.6738,2020-06-18,7.9,1499
14481,14533,Gia,4.63,1998-09-22,7.1,839
14482,954358,Mayat,4.1441,2018-10-25,0.0,0
14483,886396,Batman and Superman: Battle of the Super Sons,4.985,2022-10-17,7.633,361
14484,1694,Re-Animator,5.4147,1985-10-18,7.1,1702
14485,403904,Fray Dollar,4.4847,1970-01-01,8.5,2
14486,1432241,Cinco Tipos de Medo,5.8856,2026-04-09,7.0,1
14487,125157,"Eleven Days, Eleven Nights",5.0052,1987-03-27,5.106,47
14488,486131,Shaft,5.1268,2019-06-14,6.5,1899
14489,364552,Zanmen de niu bai sui,4.5493,1983-01-01,0.0,0
14490,284552,Lover of the Last Empress,4.7787,1995-03-17,5.75,28
14491,505948,I Am Mother,5.4557,2019-06-07,6.71,2880
14492,280996,Mr. Holmes,6.247,2015-06-19,6.474,1978
14493,10348,Thunderbolt,4.5702,1995-08-05,6.467,334
14494,823319,Boldoggá teszlek,4.5398,1944-01-01,0.0,0
14495,1630549,Stepmother,4.9471,2026-02-06,2.0,1
14496,308168,Interview with a Cannibal,4.7561,2008-01-14,6.7,6
14497,1115052,Eden Blossoms,4.55,,0.0,0
14498,509410,El Drogas: un día nada más,5.1752,2016-11-04,8.0,1
14499,439549,Ivasyk-Telesyk,4.5626,1989-01-01,4.5,2
14500,14564,Rings,5.7281,2017-02-01,5.024,2637
14501,1141182,Die Alone,5.2004,2024-09-27,6.298,171
14502,244761,The Captive,5.4882,2014-09-05,5.845,1180
14503,734265,Love Hard,4.4304,2021-11-05,6.92,1628
14504,9357,One Hour Photo,4.6036,2002-08-21,6.669,1951
14505,10073,Date Movie,5.2181,2006-02-17,4.288,1066
14506,18573,House of Wax,4.8327,1953-04-16,6.918,392
14507,1648,Bill & Ted's Excellent Adventure,5.4552,1989-02-17,6.844,2141
14508,821149,Remény,4.4191,2015-12-24,0.0,0
14509,13648,Resident Evil: Degeneration,5.2287,2008-02-13,6.806,1190
14510,1160797,TALK,3.4214,2023-06-22,0.0,0
14511,9955,Blades of Glory,6.5711,2007-03-30,6.125,1949
14512,1324776,Rose Girl,3.7702,2024-08-21,0.0,0
14513,765806,Another Future,4.5721,1989-12-31,0.0,0
14514,478134,The Winner,4.3597,2014-01-01,0.0,0
14515,9564,Asterix and Obelix Take On Caesar,5.7968,1999-02-03,6.007,2068
14516,1730705,Sarfarosh,4.071,1956-06-15,0.0,0
14517,331583,The Whole Truth,4.4267,2016-03-25,6.555,1284
14518,1692566,Asura,4.0641,2001-03-23,0.0,0
14519,424225,The Sound of Concrete,5.0546,2015-03-25,0.0,0
14520,45660,Devilman - Volume 2: Demon Bird,3.1687,1990-02-23,7.02,50
14521,438,Cube Zero,5.2533,2004-10-10,5.667,1177
14522,64530,Chinese Erotic Ghost Story,5.3237,1998-06-12,5.933,15
14523,1730593,Karam Data,4.9397,1997-07-11,0.0,0
14524,230403,The Exercise of Chaos,4.6405,2013-10-31,7.9,9
14525,1484932,Até Amanhã,3.8249,2024-12-19,0.0,0
14526,412384,Kagerou Daze: In a Day's,4.1038,2016-11-04,6.0,2
14527,4970,Gothika,4.5852,2003-11-21,6.152,2573
14528,15371,The Castle of Cagliostro,5.2612,1979-07-06,7.5,1154
14529,3638,No Reservations,5.683,2007-06-15,6.709,1514
14530,10283,Friday the 13th Part VIII: Jason Takes Manhattan,5.2179,1989-07-28,4.934,1234
14531,1362315,The Hand That Rocks the Cradle,5.7522,2025-10-16,5.729,221
14532,667183,Pérez,4.6479,2024-08-13,0.0,0
14533,1643,Last Tango in Paris,5.2029,1972-12-15,6.9,1356
14534,1708625,Pool Party,4.2104,2026-06-06,0.0,0
14535,445651,The Darkest Minds,5.4704,2018-07-25,7.02,2954
14536,10028,Honey,4.8756,2003-12-05,6.35,1247
14537,271002,Tisza: Autumn Sketches,4.5202,1963-01-01,7.0,1
14538,1103995,Nari Nuhen Tu Ardhanari,5.1949,2023-03-24,0.0,0
14539,11428,Sleepwalkers,4.7656,1992-04-10,6.092,631
14540,353642,All for Love,4.4661,2014-05-22,5.7,3
14541,425972,Cargo,4.1228,2017-10-06,6.401,1881
14542,589685,Echoes,4.4828,2019-01-30,0.0,0
14543,15417,Every Which Way but Loose,4.7866,1978-12-16,6.122,515
14544,570304,Shan Que‘er,4.516,1987-01-01,0.0,0
14545,10660,It Could Happen to You,4.9862,1994-07-16,6.739,957
14546,83686,The Words,5.399,2012-09-07,6.697,1320
14547,388748,Long Legged Girls,4.3598,2004-06-15,3.0,1
14548,1088548,Bitter Christmas,5.0132,2026-03-20,6.359,110
14549,955281,Kiko Martinez vs. Josh Warrington 2,4.6024,2022-03-26,0.0,0
14550,11381,Tommy Boy,4.8458,1995-03-31,6.8,1078
14551,1675042,Love Live! Hasunosora Girls' High School Idol Club Bloom Garden Party,4.0811,2026-05-08,0.0,0
14552,160762,The Witness,4.9407,2011-11-10,0.0,0
14553,594012,The Outer Space Forest,5.2098,2019-04-05,0.0,0
14554,1491748,Frecuencia Modulada,4.1056,2012-01-01,0.0,0
14555,1110285,Life,4.1997,2002-04-16,6.8,2
14556,1000836,沙家店粮站,4.6754,1954-12-01,0.0,0
14557,206763,Nazaré,4.4498,1952-12-12,6.9,8
14558,420331,The Mobarak,4.6535,2017-02-11,4.667,3
14559,961323,Nimona,5.4792,2023-06-23,7.855,1450
14560,1110285,Life,4.1997,2002-04-16,6.8,2
14561,1000836,沙家店粮站,4.6754,1954-12-01,0.0,0
14562,206763,Nazaré,4.4498,1952-12-12,6.9,8
14563,420331,The Mobarak,4.6535,2017-02-11,4.667,3
14564,961323,Nimona,5.4792,2023-06-23,7.855,1450
14565,1182861,Romería,4.855,2025-09-05,6.527,73
14566,1101288,Bank Robbers,4.4394,2022-08-31,0.0,0
14567,593910,Cinderella,5.5073,2021-09-03,6.31,1482
14568,447281,The Elephant and the Ant,4.5473,1948-01-01,3.0,1
14569,29912,The Robe,5.2253,1953-09-16,6.8,288
14570,439735,"Savushkin, Who Didn't Believe in Miracles",4.7164,1983-02-05,6.0,1
14571,1101767,In Search of Skovoroda,4.4659,2022-12-10,0.0,0
14572,216527,Avatar 4,5.3809,2029-12-19,0.0,0
14573,1325958,The Travellers,4.7634,2025-10-09,5.4,20
14574,1182680,El Solitario,4.8113,2016-01-01,0.0,0
14575,466426,Wild Tides,4.8426,2017-07-09,0.0,0
14576,1205229,Night of the Zoopocalypse,4.696,2025-01-23,6.6,98
14577,1509551,El ensayo,3.9124,1999-01-01,0.0,0
14578,1046090,"The Pig, the Snake and the Pigeon",4.4962,2023-10-06,7.296,275
14579,19950,Yavarum Nalam,3.57,2009-03-06,6.273,86
14580,6278,Reign of Fire,8.0484,2002-07-09,6.211,2498
14581,536078,White World,3.6144,1995-01-01,0.0,0
14582,494731,The Treasure Across the River,5.1215,2016-07-28,4.0,1
14583,16007,Death Note,5.1963,2006-06-17,7.1,806
14584,1660142,Terms & Conditions.,4.5291,2026-04-02,0.0,0
14585,339111,Rafinha Bastos – Péssima Influência,4.566,2015-05-05,7.8,4
14586,523014,Una función para olvidar,4.6012,2017-11-10,7.0,1
14587,1389149,Accused,5.0325,2026-02-27,5.521,73
14588,968077,Venga Monjas: La Ferguson Party,4.5972,2013-10-13,0.0,0
14589,461392,Lá no Meu Sertão,4.6069,1963-06-17,10.0,1
14590,1246946,Killing You,4.0531,2024-02-21,0.0,0
14591,512263,Honey Boy,6.0241,2019-11-07,7.037,743
14592,286478,Epidemic,3.9842,1975-08-11,7.0,1
14593,353069,Mother's Day,5.783,2016-04-28,6.0,1321
14594,435800,Journey to the West: The Demons Strike Back,4.9066,2017-01-28,6.024,143
14595,757741,Journey Around the Home in 60 Days,4.7657,2020-10-30,0.0,0
14596,553512,Burn the Stage: The Movie,4.9638,2018-11-15,8.333,434
14597,809318,Ronuwa,4.3145,2021-08-15,0.0,0
14598,12100,Windtalkers,5.7358,2002-06-07,6.355,1441
14599,1732063,Happily Married,3.7394,,0.0,0
14600,12100,Windtalkers,5.7358,2002-06-07,6.355,1441
14601,1732063,Happily Married,3.7394,,0.0,0
14602,1388874,Boss Ma'am,4.3841,2024-11-26,6.5,10
14603,151536,The Misadventure of a French Gentleman Without Pants at the Zandvoort Beach,4.7964,1905-07-27,5.2,4
14604,380390,Quý Tử Bất Đắc Dĩ,4.6073,2015-02-12,3.0,1
14605,518068,Along with the Gods: The Last 49 Days,5.3894,2018-08-01,8.1,762
14606,824751,Bhadrakali,4.2539,1976-12-10,10.0,1
14607,459370,O Céu de Iracema,4.8035,2002-08-08,8.0,1
14608,1030598,In Bed,4.2625,2022-12-29,5.571,7
14609,616979,Tevar,4.2288,2019-07-26,10.0,1
14610,454527,Benedetta,5.577,2021-07-09,6.598,1181
14611,1729774,Justiça Silenciosa,4.0906,,0.0,0
14612,522244,Saur Sepuh III: The Flower of Mount Lawu,4.4808,1990-09-01,7.0,2
14613,928963,The Last Page,4.4637,2022-02-19,0.0,0
14614,612403,Pomelo,4.2623,2019-05-04,0.0,0
14615,6280,Junior,4.6589,1994-11-22,5.186,1671
14616,978592,Sleeping Dogs,5.6587,2024-03-21,6.994,651
14617,11092,Presumed Innocent,5.3046,1990-07-27,6.816,834
14618,44372,Buzz,4.3132,1998-06-06,7.0,2
14619,1340076,Untitled Home Invasion Romance,4.5757,2026-01-27,5.9,38
14620,449668,The Ring's Journey,4.3956,2017-03-30,8.5,2
14621,760204,The Lair,5.1791,2022-10-28,5.64,318
14622,875313,Letters from Ourinhos,4.5087,,0.0,0
14623,459003,Mavka: The Forest Song,5.8035,2023-03-02,7.163,857
14624,125700,Faat Kiné,4.5865,2001-02-11,6.7,7
14625,384677,Set It Up,5.0616,2018-06-15,6.906,2827
14626,670472,The Iron Phoenix: Across the Thousands Miles,4.7027,2018-12-24,0.0,0
14627,1514682,Above & Below,4.6126,2026-07-29,0.0,0
14628,559867,Category III: The Untold Story of Hong Kong Exploitation Cinema,4.0649,2018-10-08,5.5,10
14629,1497614,The Right Person,3.8215,1967-12-19,0.0,0
14630,534490,Avengement,5.3704,2019-05-24,6.799,617
14631,746381,Pretty Young Sister 2,5.306,2020-09-08,0.0,0
14632,11205,Wheels on Meals,5.9748,1984-08-17,6.901,446
14633,483980,Z-O-M-B-I-E-S,5.0974,2018-02-16,7.249,775
14634,40662,Batman: Under the Red Hood,4.744,2010-07-27,7.763,1754
14635,1488415,Sr. Futebol,4.282,2025-05-12,0.0,0
14636,85250,Ivan's Launch,4.806,1972-06-06,7.667,3
14637,569908,Gobi Visitors,4.9538,1995-01-01,0.0,0
14638,1729615,Kids Nowadays,3.9584,2021-01-01,0.0,0
14639,1453602,Último momento,4.1487,2019-01-01,0.0,0
14640,1453602,Último momento,4.1487,2019-01-01,0.0,0
14641,378115,Gia Sư Nữ Quái,4.4441,2012-01-18,4.0,2
14642,9576,Tootsie,4.7189,1982-12-17,7.206,1951
14643,543746,Filme B - Entre Mortos e Vivos,4.9522,2017-05-20,5.0,4
14644,1141390,What's a Hug?,4.5977,2023-10-24,0.0,0
14645,959461,Break Time,4.375,2016-01-17,0.0,0
14646,4816,Ghost Dog: The Way of the Samurai,5.3907,1999-10-06,7.347,1429
14647,356549,Agnee,4.4974,2014-02-14,5.0,4
14648,300681,Replicas,5.189,2018-10-25,6.031,1498
14649,245842,The King's Daughter,5.4001,2022-01-21,6.985,731
14650,11897,How the West Was Won,5.1006,1962-11-02,7.0,502
14651,41079,The Dream Car,4.6716,1934-12-14,5.938,8
14652,10756,The Haunted Mansion,5.7925,2003-11-26,5.681,2156
14653,9516,Menace II Society,4.9939,1993-05-26,7.511,926
14654,417261,Forever My Girl,5.2716,2018-01-26,7.625,1405
14655,429300,Adrift,5.9078,2018-05-31,6.834,2720
14656,1519020,Versículo 15,3.6849,2025-09-13,0.0,0
14657,639721,The Addams Family 2,6.4767,2021-10-01,6.927,1420
14658,1406,City Slickers,5.2411,1991-06-07,6.454,887
14659,378693,Biết chết liền,4.6098,2013-06-14,0.0,0
14660,1001811,My Big Fat Greek Wedding 3,4.4372,2023-09-07,5.911,231
14661,698818,Obscene House: Slave Wife,4.6315,2020-02-06,5.75,4
14662,639418,Seven and a Half,4.9756,2019-10-06,6.0,3
14663,250497,Rico Ri à Toa,4.3858,1957-01-01,5.5,2
14664,477271,The Stone,4.6376,2017-10-20,6.0,3
14665,232,Rumble Fish,5.7434,1983-10-09,6.968,771
14666,1613710,Gachag Suleyman,3.8807,1994-01-01,0.0,0
14667,661873,When Time Began,4.6605,1975-01-01,8.0,1
14668,428859,Kätkäläinen,4.5143,1980-12-29,5.5,8
14669,559491,Siren's Call,4.4134,2018-12-07,6.8,12
14670,629851,A Widow's Man,5.3441,1993-06-09,5.8,2
14671,39105,Dragon Ball Z: Bojack Unbound,5.1261,1993-07-10,7.2,637
14672,1661287,Monte Piedad,4.1167,,0.0,0
14673,11078,National Security,5.1144,2003-01-17,5.982,1086
14674,1194963,Noise,4.3085,2025-06-25,6.714,96
14675,19918,Spread,5.3312,2009-01-16,5.569,957
14676,374205,One Piece Film: GOLD,4.7719,2016-07-23,7.222,540
14677,531059,Gurukulam – The School,4.6929,2016-10-27,0.0,0
14678,1515899,Billie Eilish - Hit Me Hard and Soft: The Tour (Live in 3D),4.7682,2026-05-06,7.8,31
14679,425148,Show Dogs,5.7448,2018-05-18,5.934,258
14680,530336,The Perennial Weed,4.6813,1975-06-07,7.0,3
14681,319888,Eddie the Eagle,4.9566,2016-02-25,7.162,2321
14682,1615352,Javad Khan,4.0903,2009-07-31,0.0,0
14683,1607593,The Raid,4.1505,2026-01-01,6.5,2
14684,592984,Hillbilly Elegy,4.6145,2020-11-09,6.688,1036
14685,50837,Martha Marcy May Marlene,4.2958,2011-10-21,6.578,836
14686,232474,Jecão... Um Fofoqueiro no Céu,4.8616,1977-03-25,6.857,7
14687,6439,Racing Stripes,5.6091,2005-01-06,5.877,673
14688,1736009,Buying Justice,6.074,,0.0,0
14689,855616,In the Woods,4.5896,2020-11-12,2.0,2
14690,831946,Interceptor,5.0306,2022-05-26,6.042,855
14691,8328,Step Up 2: The Streets,4.8442,2008-02-14,6.69,2442
14692,1654429,Crush The Wicked,4.1315,2026-03-20,0.0,0
14693,1509252,Hotel Riviera,3.7905,2025-09-09,0.0,0
14694,320002,Patativa do Assaré - Ave Poesia,4.7378,2009-02-21,8.0,1
14695,1734954,Scavenged,4.2175,,0.0,0
14696,1478757,Fronteriza,3.8896,2025-06-12,10.0,1
14697,2114,Final Fantasy: The Spirits Within,5.8762,2001-07-02,6.204,1629
14698,328284,Slow Midnight Show,4.5212,2004-01-01,0.0,0
14699,838,American Graffiti,4.6808,1973-08-11,7.04,1608
14700,1478757,Fronteriza,3.8896,2025-06-12,10.0,1
14701,2114,Final Fantasy: The Spirits Within,5.8762,2001-07-02,6.204,1629
14702,328284,Slow Midnight Show,4.5212,2004-01-01,0.0,0
14703,838,American Graffiti,4.6808,1973-08-11,7.04,1608
14704,1466978,Mikael: Hunter of Two Realms,6.9814,2026-04-02,7.3,3
14705,408866,RE:BORN,5.6272,2016-09-24,7.2,277
14706,460793,Olaf's Frozen Adventure,5.6817,2017-10-27,6.463,1508
14707,11636,New Police Story,5.5109,2004-09-23,7.2,841
14708,336933,¿Dónde quedó la bolita?,5.0733,1993-04-07,4.8,5
14709,901347,Dhummas,4.6397,2021-11-23,7.0,1
14710,457720,Broken Hearts,4.8061,2012-05-16,6.0,1
14711,751973,Age of Youth,4.9449,2020-10-10,5.0,1
14712,730794,It Began This Way...,4.5996,1956-12-25,5.25,4
14713,1705737,Redemptions,4.2889,2026-07-29,0.0,0
14714,1735122,Lukisan Cinta,3.4894,2017-01-01,0.0,0
14715,197998,Minazuki,4.4441,1999-10-23,5.769,13
14716,10647,Pay It Forward,6.0985,2000-10-20,7.387,2048
14717,1535760,Broken Elbow,3.7681,,0.0,0
14718,83435,The Foundling,4.5439,1939-11-18,6.56,25
14719,519001,Casa Propia,4.0513,2018-04-13,7.3,3
14720,165084,A Strange Marriage Part 4,4.5471,1984-02-05,0.0,0
14721,253416,The Defenceless,4.6282,1939-09-28,6.667,3
14722,476299,Ghostland,5.7784,2018-03-14,7.398,2714
14723,434853,Space/Time,4.6341,2025-06-25,5.9,67
14724,1726912,CUATRO,3.7573,2026-10-12,0.0,0
14725,1052019,Spiritual Stomach,4.2464,2022-07-30,7.0,1
14726,321741,Concussion,5.6911,2015-11-12,7.078,2742
14727,1678526,Valo Manush | ভালো মানুষ,3.9263,2024-05-03,0.0,0
14728,46830,Poison Ivy,4.999,1985-02-10,6.019,27
14729,945080,Oykiz Ertagi,4.3002,2016-01-01,8.0,4
14730,838365,Cloud,4.8418,2007-06-27,1.0,2
14731,442265,Sacred Fire,4.262,1942-11-12,7.0,2
14732,994,Straw Dogs,4.8403,1971-11-25,7.165,1081
14733,1157955,Sinu Pimedus,4.0376,2019-01-01,0.0,0
14734,970370,(Des)controle: o Ministério Público no Centro das Atenções,4.5582,2022-04-27,0.0,0
14735,466028,Sé que estaré: Colorín Colorado,4.7931,2015-12-02,8.0,1
14736,423026,Shoot in My Place,4.5882,1971-05-24,0.0,0
14737,131183,Female Teacher: Dirty Afternoon,4.3141,1981-01-23,5.9,11
14738,13655,Camp Rock,5.2948,2008-06-20,6.391,2188
14739,932430,Prom Pact,5.4005,2023-03-30,7.218,190
14740,604782,Payback,4.9539,2021-02-05,5.788,33
14741,1529328,Last Rain On My Parade,3.9818,2026-05-24,0.0,0
14742,481093,Inner Court,4.6194,2017-10-19,6.0,1
14743,91050,Keluarga 69,3.6893,1967-12-22,7.0,2
14744,14181,Boiler Room,5.0382,2000-02-18,6.705,756
14745,9708,The Wicker Man,5.8889,2006-08-31,4.347,1439
14746,179826,Odd Thomas,5.3839,2013-01-29,6.946,1491
14747,604571,Deus,4.9482,2022-11-04,5.081,74
14748,811853,Sadi-Scream Vol. 1,3.9538,2007-08-10,3.75,4
14749,1639653,Maison Blanche,4.013,2021-06-15,0.0,0
14750,472271,Flower Is a Matchmaker,4.4424,1963-08-01,0.0,0
14751,301365,The Neon Demon,5.3781,2016-06-08,6.492,3979
14752,139038,A Haunted House,6.1333,2013-01-11,5.958,2085
14753,1077285,The Muscovite-Sorcerer,4.4066,1995-01-01,5.5,2
14754,200085,The Flu,5.3737,2013-08-14,7.5,1287
14755,5492,Gunner,5.0664,2024-08-16,5.3,240
14756,1631485,Strangers in the Park,4.843,2026-02-19,6.5,35
14757,365225,Anak Buloh Betong,4.7037,1966-01-01,0.0,0
14758,1586781,Lá Fora,3.8164,2024-06-21,0.0,0
14759,876052,The Diaper Cake,4.3501,2021-09-24,5.2,2
14760,1631485,Strangers in the Park,4.843,2026-02-19,6.5,35
14761,365225,Anak Buloh Betong,4.7037,1966-01-01,0.0,0
14762,1586781,Lá Fora,3.8164,2024-06-21,0.0,0
14763,876052,The Diaper Cake,4.3501,2021-09-24,5.2,2
14764,1516391,Cover-Up,5.795,2025-12-19,7.098,46
14765,114489,Neznayka from our Yard,4.5335,1984-05-02,5.8,6
14766,442580,Shaman,4.2529,1977-02-19,7.0,1
14767,136234,Month of the Witches,4.5645,2012-10-04,9.0,1
14768,1465785,L'euphonie,4.3444,2025-04-26,0.0,0
14769,552095,PAW Patrol: Mighty Pups,5.1874,2018-10-04,7.53,591
14770,1501953,Marrow,4.1862,2026-12-12,0.0,0
14771,1644901,Prank Ojol,4.4846,2026-03-01,0.0,0
14772,208414,Taking Father Home,4.2616,2006-09-18,5.0,4
14773,388508,After All,4.6382,1991-03-18,7.0,1
14774,1121025,Relife,4.459,2023-05-06,0.0,0
14775,1059073,Winter Spring Summer or Fall,4.7838,2024-12-27,7.2,251
14776,1456146,THE HEXED,3.9927,2025-04-03,10.0,1
14777,399902,Taboo: Forbidden Love,4.0941,2015-09-03,7.0,8
14778,1728650,aks seir,3.8252,2026-08-13,0.0,0
14779,355578,A Generation,4.3335,1982-01-01,4.5,4
14780,551988,De Rubén a Rubius: El Viaje de un Virtual Hero,4.7858,2018-10-03,7.0,15
14781,1022453,The Rajasaab,4.5772,2026-01-08,5.125,32
14782,619509,A Bizarre Romance - Rural Decameron,4.5595,2002-05-30,9.0,1
14783,1297446,Slanted,4.7617,2026-03-13,5.936,55
14784,1296607,На живое,3.3747,2023-08-19,0.0,0
14785,100728,A Step into the Darkness,3.8715,2009-09-17,4.0,6
14786,2193,My Tutor,4.7441,1983-03-04,5.06,83
14787,1675023,Fenegyerekek,3.8645,1968-04-11,0.0,0
14788,1576386,Closing Shift,3.8665,2026-04-11,0.0,0
14789,1733738,Nisan,3.9762,2024-03-15,0.0,0
14790,53165,Fight Back to School 2,4.2479,1992-04-09,6.8,116
14791,1087392,Paapa,4.541,2021-01-10,0.0,0
14792,10218,Swingers,4.491,1996-10-18,6.843,820
14793,258534,Alô Alô Carnaval,4.683,1936-01-20,6.143,7
14794,1735263,Srikandi,3.7905,2025-09-15,0.0,0
14795,435430,"Babel opéra, ou la répétition de Don Juan de Wolfgang Amadeus Mozart",4.4382,1985-09-30,10.0,1
14796,924246,Touch Me,4.2594,2019-05-30,7.0,1
14797,212716,What If,5.7723,2013-09-07,6.7,2095
14798,4517,Elizabeth: The Golden Age,5.6329,2007-09-09,6.714,1328
14799,14136,The Love Bug,5.0982,1968-12-23,6.567,654
14800,108,Three Colors: Blue,5.0035,1993-09-08,7.614,1924
14801,1155285,The Apartment,3.7329,2023-08-03,4.7,3
14802,451417,The Girl Next Door,4.456,2017-03-21,5.2,6
14803,13825,The Lazarus Project,5.5196,2008-10-24,5.965,397
14804,579047,Reminiscence,6.4554,2021-08-18,6.507,1976
14805,475594,Father and Son,4.639,2017-04-05,7.0,1
14806,287903,Krampus,5.0001,2015-11-26,6.2,2421
14807,74160,Kanlı Nigar,4.0976,1981-12-01,6.744,45
14808,9322,Nikita,5.1999,1990-02-21,7.111,2179
14809,1733824,Courier,3.925,,0.0,0
14810,725223,Chasing Nightmares,4.4802,,0.0,0
14811,647,Final Fantasy VII: Advent Children,5.3764,2005-07-14,7.2,1266
14812,883688,Mãe Fátima,4.1112,2009-10-17,0.0,0
14813,797991,Those Who Do Not Drown,4.6369,2021-03-01,0.0,0
14814,880027,爱你的人,4.9656,2016-12-01,0.0,0
14815,316939,Sparkling Red Star,4.5314,1974-01-01,5.1,7
14816,404403,Jai Jagannath,4.7291,2007-07-13,10.0,1
14817,10329,Congo,5.2967,1995-06-09,5.614,1005
14818,1261188,The Swedish Connection,4.8746,2026-02-13,7.325,77
14819,1174165,El paranoico,3.9152,2023-10-25,10.0,1
14820,744735,Temple of Devilbuster,4.6645,2021-02-26,7.2,3
14821,9562,Timeline,5.5975,2003-11-26,5.726,1189
14822,262515,Estancias Patagónicas,4.3885,1999-01-01,0.0,0
14823,932068,Humiliated and Insulted,4.4918,1979-09-10,0.0,0
14824,770254,Back to the Outback,5.0891,2021-12-03,7.595,792
14825,1150531,Barquito,4.4537,2014-01-01,2.0,1
14826,568467,Ammonite,5.1544,2020-11-13,6.899,651
14827,19457,The Yards,5.7849,2000-04-27,6.231,529
14828,153158,Underdogs,5.1353,2013-07-18,7.054,578
14829,1734688,Kalis Kasih,3.0601,2017-01-01,0.0,0
14830,586,Wag the Dog,4.8516,1997-12-25,6.937,1070
14831,735966,The Island Within,4.6555,2020-11-13,7.0,1
14832,1220522,Dacoit,4.9639,2026-04-10,6.5,6
14833,906221,Magic Mike's Last Dance,5.0483,2023-02-09,6.395,602
14834,1566700,The Mad Empress,4.2686,2025-12-04,6.5,3
14835,1322443,The Message,4.1344,2024-12-06,5.5,2
14836,479208,The Maid's Comfort Food,3.9509,2017-09-05,5.0,3
14837,1006776,Shan zai huo zhong,4.4141,1978-07-01,8.0,1
14838,957163,Fish Bones,4.4239,2021-11-05,7.0,2
14839,741780,Taipei Suicide Story,4.4351,2020-10-28,7.452,42
14840,1006776,Shan zai huo zhong,4.4141,1978-07-01,8.0,1
14841,957163,Fish Bones,4.4239,2021-11-05,7.0,2
14842,741780,Taipei Suicide Story,4.4351,2020-10-28,7.452,42
14843,871906,The Night That Never Happened,4.5297,2021-03-11,0.0,0
14844,578831,Out of Earth,4.5817,2012-09-04,3.5,4
14845,9449,The Borrowers,4.6791,1997-12-05,6.053,532
14846,2639,Deconstructing Harry,5.3727,1997-12-12,7.254,1058
14847,873,The Color Purple,5.7474,1985-12-18,7.725,2007
14848,1647898,ბორანი,4.4528,1975-01-01,0.0,0
14849,900684,León cumple,4.6459,2021-11-20,0.0,0
14850,1602048,My Joy,3.7003,1961-01-01,0.0,0
14851,1187861,Ghost Memory,3.609,2023-10-29,0.0,0
14852,59421,Bedevilled,4.2217,2010-08-19,7.199,498
14853,857311,Rhapsody of Happiness,4.8657,1947-11-01,6.5,1
14854,1647427,Spirit Father,4.2467,2026-03-11,0.0,0
14855,1560773,Kelgindi kelin,3.611,2006-01-01,0.0,0
14856,482505,Kanlı Nigar,4.4084,1968-10-21,4.0,4
14857,608214,Fish Eye,4.5026,2015-10-16,0.0,0
14858,644479,Dedicated to my ex,4.8339,2019-11-01,8.285,514
14859,656240,Latvian Coyote,4.0813,2019-12-01,0.0,0
14860,1123276,Static,4.0535,2023-06-09,0.0,0
14861,1480,Touch of Evil,5.0859,1958-03-30,7.7,1618
14862,1251,Letters from Iwo Jima,5.2467,2006-12-09,7.499,2334
14863,13788,The Unborn,6.3217,2009-01-09,5.173,1442
14864,1234114,The Time of Fever,4.4166,2024-05-15,8.286,7
14865,334524,Gold,5.698,2016-02-03,6.631,1775
14866,23759,Centurion,4.9796,2010-02-15,6.241,1588
14867,11017,Billy Madison,4.874,1995-02-10,6.185,1840
14868,160962,"Help, Help, the Globolinks!",4.6334,1969-12-07,4.8,9
14869,709090,Coexistence,4.2051,2018-01-02,0.0,0
14870,1284460,Alpha,5.087,2025-08-20,6.2,129
14871,21972,Like Mike,5.4941,2002-07-03,6.099,574
14872,1497464,Gatto,4.9934,2027-03-03,0.0,0
14873,322714,Or Iravu,4.5672,1951-04-11,7.0,2
14874,9557,Boat Trip,4.7987,2002-10-01,5.24,705
14875,66311,Aarilirunthu Arubathu Varai,4.0787,1979-09-14,7.9,10
14876,480059,Circle of Noose,4.2491,2017-10-01,6.0,2
14877,1556834,Lost Horizon,4.2719,2025-11-28,6.071,21
14878,836116,Who is Guilty?,4.1299,1953-11-08,0.0,0
14879,492565,The Kid,5.4655,2019-03-08,5.988,334
14880,418575,A Family Love Story,4.7144,2017-02-19,2.0,1
14881,657014,Filme B - Os Mutantes do Espaço,4.6595,2017-05-20,6.8,2
14882,723591,Born in Jerusalem and Still Alive,4.5131,2015-01-12,0.0,0
14883,672861,Under Concrete,4.4359,2017-06-01,0.0,0
14884,8054,The Imaginarium of Doctor Parnassus,5.5022,2009-10-01,6.386,2921
14885,390051,Aftermath,5.1726,2017-02-28,5.733,977
14886,359641,Argentina,4.5098,2015-09-26,5.4,11
14887,1502135,Secret File,4.9272,2026-08-28,0.0,0
14888,10502,The Man Without a Face,4.9595,1993-08-25,6.561,565
14889,681255,"In a Dark, Dark Room",4.9448,2020-03-26,2.0,2
14890,427215,The Mountain,4.5416,2013-10-24,0.0,0
14891,778683,Bell Chamber,4.192,2019-08-09,0.0,0
14892,313514,Committed - Volume II,4.4456,2008-12-12,0.0,0
14893,346161,O Tempo Não Existe no Lugar em que Estamos,4.5286,2015-01-25,0.0,0
14894,511551,Sergei Parajanov: The Rebel,4.6743,2003-01-01,5.0,1
14895,38408,Life As We Know It,4.8088,2010-10-02,6.894,3307
14896,1127110,Diablo,5.2152,2025-06-13,7.299,249
14897,2614,Innerspace,5.116,1987-07-01,6.83,1429
14898,921636,The Out-Laws,4.8475,2023-07-07,5.985,829
14899,524635,The Chronology of Water,5.2252,2025-10-15,6.772,79
14900,9294,Phenomenon,5.3561,1996-07-05,6.538,1380
14901,644583,The Mauritanian,5.1085,2021-02-12,7.384,1314
14902,307905,The Vultures on the Road,4.563,1990-01-01,3.333,6
14903,5236,Kiss Kiss Bang Bang,5.4217,2005-09-14,7.158,3061
14904,1480515,Dog Bone,3.8788,2025-05-17,0.0,0
14905,708544,The Casuistry,4.1379,2019-04-26,0.0,0
14906,51481,Mean Girls 2,5.0634,2011-01-23,5.244,1306
14907,1457866,The Adventures of Cliff Booth,4.5203,2026-11-25,0.0,0
14908,267647,Os Filmes Que Não Fiz,4.9394,2008-01-01,0.0,0
14909,1030110,Anamnesis (Prologue),4.5408,2012-02-06,0.0,0
14910,1633264,Louis Theroux: Inside the Manosphere,4.2382,2026-03-10,6.646,123
14911,274909,Perversion,4.6437,1979-01-22,5.286,7
14912,217458,A Rapariga da Máquina de Filmar,4.7078,2012-03-24,7.0,1
14913,14337,Primer,5.2272,2004-10-08,6.747,2478
14914,918109,Cherry blossom,4.4933,,0.0,0
14915,21452,Case Closed: The Fourteenth Target,5.016,1998-04-18,7.168,232
14916,1098720,Suhaga Sindura,4.4201,1996-01-05,0.0,0
14917,496725,Soins intensifs,4.4445,2002-09-11,0.0,0
14918,477538,The New Air Fan,4.7403,1911-07-14,0.0,0
14919,823,Jin-Roh: The Wolf Brigade,4.435,1999-11-17,7.4,570
14920,21452,Case Closed: The Fourteenth Target,5.016,1998-04-18,7.168,232
14921,1098720,Suhaga Sindura,4.4201,1996-01-05,0.0,0
14922,496725,Soins intensifs,4.4445,2002-09-11,0.0,0
14923,477538,The New Air Fan,4.7403,1911-07-14,0.0,0
14924,823,Jin-Roh: The Wolf Brigade,4.435,1999-11-17,7.4,570
14925,332889,The Compromise,4.2494,1986-01-02,0.0,0
14926,197838,Nenhuma Fórmula Para a Contemporânea Visão do Mundo,4.7798,2012-03-10,0.0,0
14927,596974,Mother Theory,4.4073,2019-04-19,4.75,4
14928,1454308,The Pursuit of Lust 5,4.5871,2025-03-23,6.7,3
14929,1109964,Mukhagni,4.4633,2023-04-07,0.0,0
14930,284267,Soldier's tale,4.6197,1991-07-15,0.0,0
14931,509723,Pounopunik,4.498,2016-01-01,0.0,0
14932,6217,Cat People,5.7573,1982-04-02,6.028,574
14933,354287,War Machine,5.879,2017-05-26,5.615,1253
14934,287424,Maggie,5.3964,2015-05-08,5.401,1691
14935,11075,Audition,4.8884,2000-03-03,7.112,1812
14936,1015139,Sorry,4.1179,2022-08-21,0.0,0
14937,446021,Bad Times at the El Royale,5.6802,2018-10-04,6.844,3921
14938,12695,Still Smokin,5.0689,1983-05-06,5.336,119
14939,455010,The Boyg,4.2834,2016-08-18,0.0,0
14940,189664,The Black Man Who Had a White Soul,4.8678,1927-04-28,6.0,6
14941,719410,Your Name Engraved Herein,4.7026,2020-09-30,7.875,307
14942,278444,Causa & Efeito,4.1698,2014-07-03,7.0,2
14943,837319,Fócide,4.4391,2011-05-19,1.333,3
14944,583481,Cinéma,4.9231,1997-12-12,0.0,0
14945,13515,Mirrors,5.0981,2008-08-14,6.303,2086
14946,478925,Die Entführung,4.4887,1936-03-31,8.0,1
14947,346220,The Language of Shadows: Friedrich Wilhelm Murnau and His Films:  The Early Works,4.3827,2008-11-26,7.7,3
14948,3112,The Night of the Hunter,5.3917,1955-07-26,7.858,1865
14949,1655031,House 8069,3.7409,2023-10-31,0.0,0
14950,892717,Eco,3.9105,2021-11-22,0.0,0
14951,442570,C-losing Time,4.416,1999-02-19,0.0,0
14952,397724,Três Vagabundos,4.3741,1952-01-01,7.0,1
14953,285331,My Son,4.7906,1928-01-01,8.5,2
14954,66355,Magalir Mattum,4.2056,1994-02-25,7.125,8
14955,1249289,Alarum,4.6665,2025-01-16,5.619,411
14956,813790,The Stillness Syndrome,4.4518,2021-04-17,4.667,3
14957,701612,I'm An Actress,3.9826,1980-12-01,4.5,4
14958,968814,Love?,3.6627,1963-01-01,8.0,1
14959,1072371,Jules,3.597,2023-08-10,7.119,406
14960,701612,I'm An Actress,3.9826,1980-12-01,4.5,4
14961,968814,Love?,3.6627,1963-01-01,8.0,1
14962,1072371,Jules,3.597,2023-08-10,7.119,406
14963,810456,Touch,4.3509,2019-08-29,1.0,2
14964,1107216,Pets on a Train,4.7536,2025-07-02,7.072,69
14965,451342,L'Ampélopède,4.7289,1974-09-25,9.0,2
14966,9612,Coneheads,5.6259,1993-07-23,5.512,1062
14967,435615,Possessor,4.4912,2020-10-02,6.378,1079
14968,957321,Light It Up at 2 AM,4.261,2022-04-29,0.0,0
14969,263874,Prometey,3.9444,1936-02-04,4.7,7
14970,67913,The Guard,4.9111,2011-07-07,6.964,1427
14971,16000,Ben 10: Race Against Time,5.147,2008-02-11,5.9,363
14972,469877,Picture of Beauty,4.3594,2017-03-14,4.167,63
14973,1024452,French Girl,6.095,2024-03-15,6.237,118
14974,1664580,The Listing,4.5184,,0.0,0
14975,9541,Jersey Girl,5.0281,2004-03-25,6.194,1165
14976,554,The Cuckoo,4.8322,2002-09-12,7.1,120
14977,9920,Ultraviolet,4.8268,2006-03-03,5.216,1753
14978,9884,Collateral Damage,5.0556,2002-02-06,5.765,1524
14979,1061661,Soulcatcher,4.357,2025-09-18,1.0,1
14980,9884,Collateral Damage,5.0556,2002-02-06,5.765,1524
14981,1061661,Soulcatcher,4.357,2025-09-18,1.0,1
14982,482204,My Sister-in-law's Job,4.0143,2017-08-31,4.75,8
14983,787908,His Trembling Hands: An Immigrant Ghost Story,4.3424,2021-01-11,0.0,0
14984,154,Star Trek II: The Wrath of Khan,5.527,1982-06-04,7.447,2165
14985,480969,EuroTrump,4.6395,2017-10-11,5.5,2
14986,9359,Maverick,5.347,1994-05-20,6.903,1804
14987,504891,Secret Love: My Friend's Mom,4.6934,2018-02-28,6.7,9
14988,180863,T2 Trainspotting,5.1903,2017-01-27,6.934,3396
14989,522,Ed Wood,4.8669,1994-09-28,7.484,2550
14990,347590,The Magic Jacket,4.427,1973-01-01,6.5,4
14991,287,Bull Durham,4.7736,1988-06-15,6.636,687
14992,535951,The Wolf Cub,4.0232,1997-01-01,0.0,0
14993,828,The Day the Earth Stood Still,5.2229,1951-09-18,7.455,1263
14994,393457,Fences,5.9048,2016-12-16,6.893,2836
14995,814174,Flotsam and Jetsam,4.4819,2022-12-23,3.5,2
14996,662638,Detective Conan: The Scarlet Bullet,4.8274,2021-04-16,6.458,108
14997,75076,Boys,3.4619,2003-08-29,6.702,47
14998,16672,Woman in the Dunes,5.0726,1964-02-15,8.206,526
14999,11232,Kate & Leopold,5.3131,2001-12-25,6.35,1499
15000,16672,Woman in the Dunes,5.0726,1964-02-15,8.206,526
15001,11232,Kate & Leopold,5.3131,2001-12-25,6.35,1499
15002,1171624,Wolf Girl – Teaching Wild Girls,4.9928,2020-10-02,0.0,0
15003,1724881,Ghost Written,3.9842,,0.0,0
15004,1473505,Kill Trip,3.913,2026-07-17,5.833,3
15005,959669,The Narrow Bridge,4.0923,2022-01-04,3.0,2
15006,844075,New Gods: Yang Jian,5.0395,2022-08-19,7.49,102
15007,645757,That Christmas,4.9244,2024-11-27,7.144,443
15008,1560230,She Only Eats Meat,4.508,2026-04-17,2.7,3
15009,744746,Caveat,4.4865,2021-10-20,6.358,260
15010,842124,Shirá: A Música da Alma,4.7697,2021-06-17,5.0,1
15011,729480,Jasperina de Jong: The Jasperina Show,4.6647,1972-11-11,0.0,0
15012,330716,Forbidden Pleasures,4.5962,2005-01-31,2.333,3
15013,1125,Dreamgirls,5.6784,2006-12-25,6.719,1098
15014,336000,The Glass Castle,5.7697,2017-08-11,7.104,911
15015,1271314,GTO Revival,4.0338,2024-04-01,7.6,9
15016,689928,Mangashlyk,4.6739,2018-11-16,0.0,0
15017,833339,Speak No Evil,5.0428,2022-03-17,6.637,1141
15018,524369,The Many Saints of Newark,6.3702,2021-09-22,6.308,772
15019,928816,Echo,4.674,2019-09-14,0.0,0
15020,18781,The Haunting in Connecticut,4.3052,2009-03-27,6.172,1215
15021,1266143,The Road to the Father,4.5395,2023-09-07,0.0,0
15022,637599,January 27,4.9448,2016-01-01,0.0,0
15023,478730,Rote Mühle,4.4545,1940-01-11,10.0,1
15024,665455,Aygün,4.065,1960-12-28,8.5,2
15025,604822,Vanguard,5.5008,2020-01-22,6.367,617
15026,850237,Agent Mona,3.9404,2020-11-09,7.0,1
15027,816904,Mummies,6.3576,2023-01-05,6.925,515
15028,143663,Lady Black Rose,4.8422,1978-04-01,4.5,4
15029,669671,Night Teeth,5.5745,2021-10-20,6.4,881
15030,894169,Vendetta,5.0869,2022-05-17,6.058,346
15031,333385,Mr. Right,6.0771,2016-02-29,6.436,1477
15032,274466,José Luis,4.834,1966-01-01,5.0,1
15033,1693442,Monay,4.9587,2026-05-22,0.0,0
15034,752417,Exit,4.6427,2020-05-08,6.5,2
15035,1065834,Kattalan,5.1016,2026-05-14,6.8,6
15036,10823,Children of the Corn,4.8649,1984-03-09,5.741,1147
15037,428493,God's Own Country,5.4608,2017-08-31,7.729,997
15038,1737164,Talking Tom Hero’s on the Big Screen,2.4917,2026-07-23,0.0,0
15039,278089,Zakhar Berkut,4.4395,1972-04-03,5.071,14
15040,414087,Queen of Bikini,4.8735,2016-04-06,5.8,2
15041,1374686,Light of the World,4.5078,2025-09-04,8.6,45
15042,211512,The Sign of Scorpio,4.5472,1974-12-02,6.1,5
15043,14444,The Rugrats Movie,4.417,1998-11-20,6.267,649
15044,1730254,Sekolah Sampah,3.6922,2022-01-01,0.0,0
15045,1633642,Movie Magic,4.3171,2026-02-11,0.0,0
15046,968345,One Hundred Years Older,4.5939,2022-05-04,0.0,0
15047,282581,Prema Raga Haadu Gelathi,4.4545,1997-07-18,0.0,0
15048,569547,Black Mirror: Bandersnatch,4.119,2018-12-28,6.758,4215
15049,12665,Powder,4.5974,1995-10-27,7.04,735
15050,12227,White Fang,5.034,1991-01-18,6.758,670
15051,535304,The New Skyline,4.1041,1941-06-08,6.5,2
15052,345567,Friendly People,4.4093,2010-12-09,5.6,5
15053,1257406,Two Prosecutors,5.107,2025-10-03,6.9,40
15054,714712,Ennathan Mudivu,4.4309,1965-08-13,10.0,1
15055,1615876,The Joke's on Him,3.7654,2026-03-04,0.0,0
15056,232498,O Cineasta das Platéias,4.4845,2002-01-01,0.0,0
15057,1136130,Adentro,3.9996,2019-01-01,2.0,1
15058,296271,The Devil Conspiracy,4.4194,2023-01-13,6.452,483
15059,1727799,Maria,4.1297,,0.0,0
15060,232498,O Cineasta das Platéias,4.4845,2002-01-01,0.0,0
15061,1136130,Adentro,3.9996,2019-01-01,2.0,1
15062,296271,The Devil Conspiracy,4.4194,2023-01-13,6.452,483
15063,1727799,Maria,4.1297,,0.0,0
15064,4978,An American Tail,5.0409,1986-11-21,6.758,1472
15065,1072876,Self Reliance,4.3063,2024-01-03,5.87,327
15066,499384,Dressage,4.1584,2019-01-09,5.182,11
15067,149522,Where Does the Sea Flow?,4.5068,2011-01-01,3.0,2
15068,730748,Hanımağa'nın Gelinleri,4.1611,2020-07-31,0.0,0
15069,958860,No Exit,4.4249,2018-02-09,0.0,0
15070,984401,Hôtel Artemis,4.3661,2000-06-06,0.0,0
15071,1734171,მინდვრის ყვავილი,3.6896,1974-12-31,0.0,0
15072,23047,Season of the Witch,4.9675,2011-01-07,5.531,2688
15073,509598,Mr. Jones,5.8517,2019-10-03,6.682,477
15074,1384040,Haunted Heist,3.7215,2026-07-24,9.5,2
15075,39205,Detective Conan: The Private Eyes' Requiem,4.6756,2006-04-15,7.123,167
15076,20544,Something the Lord Made,5.3967,2004-05-30,7.945,318
15077,1147668,Tan hombre,4.1357,2016-01-01,0.0,0
15078,758866,Drive My Car,4.9649,2021-08-18,7.435,1520
15079,578844,Young Sister In Law 4,4.1871,2019-01-25,6.2,5
15080,1267217,Sugar Baby,4.2632,2024-04-25,7.045,123
15081,539064,Zombieworld 2,4.5799,2017-03-15,5.6,7
15082,10757,Kabhi Khushi Kabhie Gham,4.5268,2001-12-14,7.674,618
15083,83,Open Water,4.3487,2004-08-06,5.547,1149
15084,487232,Tetragrammaton,4.5017,2017-11-09,0.0,0
15085,935239,My Blind Uncle,4.3857,2010-10-22,0.0,0
15086,428707,Kuroko's Basketball the Movie: Last Game,4.5399,2017-03-18,7.6,141
15087,1635497,Love & Madness,3.7437,2026-02-15,0.0,0
15088,975773,Wicked Little Letters,4.4732,2024-02-23,6.912,702
15089,463329,Hotel Sunrise,4.5499,2016-11-18,0.0,0
15090,996154,Black Lotus,4.6125,2023-04-12,6.422,199
15091,1684618,Obsessed,4.3438,2026-04-29,0.0,0
15092,166666,3096 Days,5.6765,2013-02-21,7.392,1009
15093,1126723,Mr. X,4.6392,2026-04-17,5.5,4
15094,19173,Diary of a Nymphomaniac,4.6975,2008-10-17,5.659,369
15095,944047,Resume behind the confession,4.2677,1998-01-01,0.0,0
15096,22244,Society,5.199,1990-03-30,6.675,644
15097,420426,Bleach,4.3425,2018-07-20,6.544,588
15098,210408,Aşk Kırmızı,4.1263,2013-03-15,3.706,17
15099,1309012,Altered,4.4792,2025-09-18,5.7,123
15100,1734781,Cinta Hati Batu,3.9309,2017-01-01,0.0,0
15101,25095,Wuthering Heights,4.7074,1992-10-16,6.6,319
15102,712504,Na Imensidão dos Teus Olhos,5.0337,2018-11-25,0.0,0
15103,312199,The Game of Hide and Seek,4.7215,2013-10-11,0.0,0
15104,238215,The Cobbler,5.7126,2014-09-11,5.867,1822
15105,1637404,Baby Bird,3.754,2026-03-20,0.0,0
15106,1545708,Settlement,3.7523,2024-09-24,0.0,0
15107,1152354,Za Palycha!,3.9939,2023-07-27,7.7,7
15108,144069,The Corruption,4.1571,1986-04-17,5.151,43
15109,5511,Le Samouraï,5.0915,1967-10-25,7.775,1278
15110,756397,Hitpig!,6.1687,2024-11-01,6.609,55
15111,575813,Better Days,4.9411,2019-10-25,8.1,564
15112,866,Finding Neverland,5.4318,2004-10-29,7.32,3778
15113,2661,Batman,4.4144,1966-07-30,6.369,1073
15114,432548,The Golden Peacock,4.4727,1943-11-02,8.0,2
15115,399850,Another City,4.666,2016-02-16,5.0,5
15116,9263,Now and Then,5.4341,1995-10-20,6.882,483
15117,1232695,Durazno sangrando,4.086,2024-01-18,0.0,0
15118,1124619,Bride Hard,5.8741,2025-06-19,5.558,200
15119,567354,conversa de telefone,5.0612,2021-09-25,0.0,0
15120,1533564,Bloodrunner Zero 2,4.3125,2018-01-01,4.0,1
15121,76170,The Wolverine,4.5631,2013-07-21,6.437,10412
15122,466455,Sofá Verde,4.4104,2009-07-14,0.0,0
15123,1589891,A Time for Bravery,4.5849,2025-12-18,7.528,107
15124,272820,Mr. Pig,4.518,2016-07-22,6.0,52
15125,453039,Antes do Fim,4.587,2018-02-15,5.75,2
15126,8409,A Man Apart,6.0574,2003-04-04,6.154,1006
15127,293137,On The Border,4.3796,1993-01-01,9.0,1
15128,1475803,Governor,4.5138,2026-06-12,5.0,2
15129,514946,Stronger Together,3.9686,2018-01-06,0.0,0
15130,1729766,Lorong Hidup,4.4077,2022-01-01,0.0,0
15131,387893,Ice Age: The Great Egg-Scapade,5.0438,2016-03-19,6.384,512
15132,15659,Foul Play,4.5264,1978-07-14,6.304,270
15133,14534,Rudy,4.2999,1993-09-17,7.347,770
15134,1629194,Experimento Lab,4.3476,,0.0,0
15135,457136,Mary Queen of Scots,5.6118,2018-12-07,6.547,1960
15136,1724707,Qeyb Olma,4.1528,,0.0,0
15137,471584,Szegény gazdagok,4.5092,1938-08-18,8.0,1
15138,10471,Next Friday,4.4363,2000-01-12,6.515,664
15139,9641,Cheaper by the Dozen 2,5.1112,2005-12-21,6.155,2114
15140,240910,3 Million,3.5707,2011-12-01,6.0,5
15141,986070,The Wrath of Becky,5.634,2023-05-26,6.378,518
15142,1728604,Aks Seir,3.6605,2026-08-13,0.0,0
15143,18937,Quest for Camelot,4.8913,1998-05-15,6.839,864
15144,12508,Rock Star,5.2919,2001-09-04,6.723,830
15145,16411,Initial D,5.0482,2005-05-12,6.667,312
15146,355497,Um Apólogo,4.5617,1939-01-01,5.0,1
15147,464889,Sniper: Ultimate Kill,4.8077,2017-10-03,6.433,383
15148,682708,Young Mother's Friend,3.6244,2018-09-28,3.5,2
15149,1041430,I‘Tikaaf,4.8032,2022-05-18,0.0,0
15150,263046,The Devil's Bridge,3.8999,1997-01-01,0.0,0
15151,22073,Hoodlum,4.2434,1997-08-27,6.464,252
15152,1511732,The Man who Laughs,4.9644,2026-02-26,0.0,0
15153,323272,War Room,4.7591,2015-08-28,7.835,587
15154,4515,Lions for Lambs,5.0132,2007-10-22,6.012,842
15155,1001865,Scrooge: A Christmas Carol,4.4696,2022-11-18,6.775,488
15156,1405769,I Can Only Imagine 2,4.6153,2026-02-19,8.349,43
15157,1107229,"Ivan Marchuk: ""The voice of my soul""",4.483,1998-01-01,0.0,0
15158,1335666,Glenrothan,4.6573,2026-04-17,6.636,11
15159,27573,The Bounty Hunter,4.7291,2010-03-16,5.846,3087
15160,27573,The Bounty Hunter,4.7291,2010-03-16,5.846,3087
15161,283378,Fallen,5.3427,2016-11-10,6.111,1677
15162,10510,Miracle on 34th Street,5.0771,1994-11-18,6.755,1173
15163,9448,The Big Hit,5.3057,1998-04-24,5.986,489
15164,202927,Gangsterläufer,4.0864,2011-11-26,6.6,6
15165,5516,The Ladykillers,5.4624,2004-03-25,6.127,1767
15166,395065,Bommalata,4.3044,2006-06-01,0.0,0
15167,1436763,Sacra Lunaria,4.1523,2025-03-08,5.0,1
15168,268399,May Night,4.4483,1938-01-01,7.0,2
15169,1231828,The Witch. Revenge,4.5171,2024-08-22,6.575,40
15170,998629,London to Paris,4.2549,2024-06-07,0.0,0
15171,930899,A Hespanhola,3.9502,2022-01-24,0.0,0
15172,362191,Ressurgentes — Um Filme de Ação Direta,4.9163,2014-10-24,9.5,2
15173,402331,Hard Target 2,5.0025,2016-07-14,6.236,318
15174,1040672,Singapore Veal,4.4536,2022-11-26,0.0,0
15175,117111,Legião Urbana: Concerto Sinfônico (Rock in Rio),4.7249,2011-09-29,0.0,0
15176,1400032,10DANCE,5.0411,2025-12-17,7.534,118
15177,717728,Jeepers Creepers: Reborn,5.1465,2022-09-15,5.274,1091
15178,1140498,Is This Thing On?,3.7995,2025-12-19,6.572,187
15179,282456,Onésime's Theatrical Debut,4.2161,1913-01-01,7.0,1
15180,1620313,The Samurai and the Prisoner,4.706,2026-06-19,8.4,8
15181,44363,Frozen,5.3019,2010-02-05,6.0,2034
15182,280844,Das Böse,4.2191,1998-03-16,5.667,3
15183,1423251,Biker,4.5232,2026-04-03,6.2,4
15184,355855,Gentry Skylarking,4.5103,1949-08-23,8.0,1
15185,409613,Más allá del límite,4.471,2002-03-12,4.5,2
15186,59468,The Way,4.4203,2010-09-10,7.11,661
15187,11878,Yojimbo,4.9955,1961-04-25,8.077,1717
15188,359712,My Wealthy Mistress,4.2018,1969-09-07,6.0,5
15189,530382,In the Shadow of the Moon,4.7438,2019-09-27,6.185,1620
15190,1684048,Dharpakad,3.9159,2026-05-15,0.0,0
15191,142093,The Intimate,4.9831,2005-12-08,6.147,34
15192,4031,Going Places,4.9226,1974-03-20,6.681,498
15193,336026,Little Forest: Winter/Spring,3.7779,2015-01-28,7.813,104
15194,371606,Catherine ou les atomes d'une âme paumée,4.739,2015-12-09,9.0,1
15195,41436,Paranormal Activity 2,4.8052,2010-10-20,5.801,2672
15196,1946,eXistenZ,5.3652,1999-04-14,6.8,2220
15197,1432547,ALL YOU NEED IS KILL,4.1996,2026-01-09,6.4,26
15198,266,Contempt,5.4787,1963-10-29,7.029,974
15199,264952,Glückliche Reise,4.2218,1954-12-21,6.0,2
15200,157547,Oculus,4.9386,2014-04-03,6.5,3237
15201,415664,Harrison and Barrison,4.7214,1917-01-01,0.0,0
15202,306947,The Invitation,4.7135,2016-04-08,6.419,2908
15203,8457,Drillbit Taylor,5.4225,2008-02-04,5.829,1114
15204,64330,Surviving My Mother,4.8483,2007-11-02,4.833,12
15205,763788,Dangerous,4.891,2021-11-05,5.972,519
15206,324670,Spectral,5.2577,2016-12-09,6.56,2043
15207,1538457,Meesaya Murukku 2,3.925,2026-09-25,0.0,0
15208,1257868,Couples Weekend,4.1722,2026-05-08,6.227,11
15209,14807,The Long Good Friday,4.5253,1980-11-01,7.18,437
15210,9952,Rescue Dawn,5.5852,2007-06-23,6.955,1453
15211,475210,How It Ends,5.3835,2018-07-13,5.286,2062
15212,1166726,Mi Vocación,4.0717,2023-09-07,7.0,1
15213,1016178,Barber and the World,4.3261,2018-02-01,6.0,1
15214,408567,Deadly Pickup,4.6211,2016-07-26,5.42,25
15215,495379,Dasdhunga,3.9843,2010-09-03,5.7,3
15216,11780,Rob Roy,4.887,1995-04-13,6.721,718
15217,16337,The Texas Chainsaw Massacre 2,4.6206,1986-08-22,5.7,1037
15218,68147,Filmmakers in Action,5.4963,2006-09-15,7.2,5
15219,12761,Autumn Sonata,4.9322,1978-10-08,8.0,716
15220,930761,Rua Dinorá,3.8432,2022-01-29,0.0,0
15221,628917,An American Pickle,4.359,2020-08-06,5.764,607
15222,471459,Der Großvater,4.5166,2009-07-27,0.0,0
15223,526702,Black Beauty,4.7297,2020-11-27,7.974,360
15224,458524,Bué Sabi,4.3364,2013-07-01,0.0,0
15225,247240,A Starry Sky,4.3825,1996-07-08,5.083,6
15226,1195518,The Unholy Trinity,4.9046,2025-06-13,6.312,218
15227,39102,Dragon Ball Z: Lord Slug,4.9912,1991-03-19,6.5,597
15228,9429,A Night at the Roxbury,5.0953,1998-10-01,6.53,1019
15229,438145,Black '47,4.3612,2018-09-05,6.552,334
15230,62838,New Year's Eve,6.0318,2011-12-08,5.887,2234
15231,16441,The Beastmaster,4.7933,1982-08-16,6.31,466
15232,471413,"Sex First, Love Second",4.2278,2017-08-03,5.4,11
15233,1415795,Dream of Jellyfish,2.9688,2024-09-02,0.0,0
15234,430231,The Endless,5.2642,2017-11-05,6.3,1326
15235,343553,Spikelet,4.3755,1982-06-07,0.0,0
15236,8738,The Final Countdown,4.8697,1980-01-31,6.652,681
15237,14164,Dragonball Evolution,4.6492,2009-03-12,2.945,2239
15238,1689347,BOZO,3.8039,2024-01-25,0.0,0
15239,480105,47 Meters Down: Uncaged,5.0262,2019-08-15,5.7,1541
15240,235512,My Guide,4.0413,2013-11-10,7.8,6
15241,1244944,The Woman in the Yard,4.8885,2025-03-27,5.637,462
15242,579209,Último Gabinete,4.6429,2015-01-01,0.0,0
15243,391193,The Road To,4.5709,2012-05-24,6.0,2
15244,702936,Sniper: Assassin's End,4.8338,2020-06-15,6.243,249
15245,594137,Soldado Estrangeiro,4.2223,2019-11-14,0.0,0
15246,284960,The Long March,4.5818,1950-09-30,8.0,1
15247,6878,Homeward Bound: The Incredible Journey,3.7929,1993-02-03,6.996,1134
15248,270710,Anna,3.9659,2013-07-28,4.4,4
15249,55156,Hail the Judge,4.6725,1994-03-31,7.458,153
15250,931642,Lights Out,4.3324,2024-02-16,7.035,159
15251,238829,Small Revolts,4.5689,2009-11-16,6.8,5
15252,1729922,Mafia,4.5715,1997-02-09,0.0,0
15253,372312,Nenê Bandalho,4.1545,1971-12-11,5.5,4
15254,86829,Inside Llewyn Davis,5.3754,2013-10-18,7.184,2961
15255,2517,Nobody Knows,4.6464,2004-08-07,7.994,661
15256,1400336,Focker-in-Law,5.6511,2026-11-25,0.0,0
15257,199892,Avenida Parada - A Polícia na Maior Festa Gay do Mundo,4.6515,2012-10-12,0.0,0
15258,486757,The Fairytale of Empty Space,4.2909,2017-11-03,5.5,2
15259,787119,Mustapa dengan Tjintjin Wasiatnja,4.6707,1953-05-15,0.0,0
15260,486757,The Fairytale of Empty Space,4.2909,2017-11-03,5.5,2
15261,787119,Mustapa dengan Tjintjin Wasiatnja,4.6707,1953-05-15,0.0,0
15262,72431,Red Tails,4.8763,2012-01-19,6.661,725
15263,69728,From Behind,4.1821,1999-04-28,5.103,29
15264,9675,Sideways,5.0836,2004-10-22,7.117,1920
15265,11859,Fair Game,4.9204,1995-11-03,5.164,344
15266,885461,A Última Sopa,4.2767,2021-10-26,0.0,0
15267,10735,What a Girl Wants,5.3741,2003-03-27,6.3,1733
15268,483846,Cement,4.1156,1927-12-01,0.0,0
15269,533366,Love and Blood Stains,4.4952,1991-01-01,0.0,0
15270,396806,Anon,4.6728,2018-05-03,6.013,1754
15271,404733,Overdrive,5.4028,2017-06-16,6.099,1018
15272,442630,"Asesinos, ¿dígame?",4.7856,2013-06-19,4.0,1
15273,44935,Art of the Devil 2,4.8666,2005-12-01,6.728,127
15274,3537,Fame,3.9956,1980-05-16,6.433,521
15275,500852,Miss Bala,5.0366,2019-01-25,6.352,594
15276,528305,Canavar Gibi,4.1971,2018-08-03,3.6,11
15277,1722661,Aahat,4.3917,1982-04-16,5.5,1
15278,1540946,Between Roots,3.8688,2023-11-09,0.0,0
15279,37280,Crayon Shin-chan: The Storm Called: The Adult Empire Strikes Back,4.4046,2001-04-21,8.2,80
15280,936345,Tari Sathe,4.2905,2021-10-15,7.0,1
15281,1396,Mirror,4.6068,1975-03-07,7.953,1103
15282,1317088,The Assessment,5.0197,2025-03-21,6.859,460
15283,6972,Australia,5.1975,2008-11-18,6.592,2467
15284,454029,E. M. Cioran. Sa vie. Son oeuvre,4.3485,1999-04-14,6.2,5
15285,341006,The Belko Experiment,5.6781,2017-03-17,6.172,1695
15286,544170,Heaven's Not All That,4.8436,2017-09-28,0.0,0
15287,881173,Smoky Mountain,4.4558,2020-03-30,6.0,1
15288,1235281,La Startup,3.8913,2026-06-03,0.0,0
15289,928333,Just For Meeting You,3.8766,2023-08-22,6.6,11
15290,59350,Vidas pequeñas,4.2232,2011-03-18,7.5,2
15291,550013,Goodbye Friend,4.5159,2003-01-01,10.0,2
15292,262951,Mulheres à Vista,4.4025,1959-01-01,5.667,3
15293,299868,Spaßvögel,4.2933,1939-01-20,7.0,1
15294,757725,Shadow Force,6.1914,2025-05-01,6.35,313
15295,478694,Assemblée générale,3.8859,2014-06-14,0.0,0
15296,350312,Bāhubali 2: The Conclusion,5.0493,2017-04-27,7.49,872
15297,38745,Gulliver's Travels,4.632,2010-12-23,5.222,2586
15298,2925,The First Wives Club,4.9935,1996-09-20,6.715,836
15299,82990,Paranormal Activity 4,4.5766,2012-10-17,5.4,2054
15300,38745,Gulliver's Travels,4.632,2010-12-23,5.222,2586
15301,2925,The First Wives Club,4.9935,1996-09-20,6.715,836
15302,82990,Paranormal Activity 4,4.5766,2012-10-17,5.4,2054
15303,48938,Young and Dangerous 2,4.7211,1996-03-30,6.5,58
15304,333667,Rock Dog,6.2079,2016-07-08,6.261,324
15305,487748,Beloved Impostor,4.1034,1936-07-20,7.0,1
15306,1727769,Panah,4.3001,1995-10-20,0.0,0
15307,263773,Adoption,4.1873,2010-02-25,6.2,3
15308,1007185,出门挣钱的人,3.8639,1983-01-01,0.0,0
15309,1319522,Gohan,4.8448,2026-04-02,7.1,10
15310,512895,Lady and the Tramp,5.1678,2019-11-12,7.162,1652
15311,427900,Home Again,5.5353,2017-09-07,6.086,1248
15312,435057,Kapila,3.8152,2014-08-28,0.0,0
15313,315465,The Boy and the Beast,4.5678,2015-07-11,7.908,1627
15314,3084,Wuthering Heights,4.6675,1939-04-07,7.198,331
15315,1668603,La Partenza,3.9112,2026-04-10,0.0,0
15316,542392,Tin Tan y las modelos,4.518,1960-07-07,6.625,16
15317,262841,Monster Trucks,5.1037,2016-12-21,6.087,941
15318,20850,Ilsa: She Wolf of the SS,4.4303,1975-10-01,6.0,390
15319,1465476,Lulu Is a Rhinoceros,5.0932,2025-05-29,7.4,11
15320,687006,The Return of Nathan Becker,4.1179,1932-12-03,8.0,1
15321,875450,Adhkhana Bhalo Chele Adha Mostaan,4.3265,2021-09-23,0.0,0
15322,1020435,Teachers. Holidays in the Occupation,4.2224,2022-10-02,0.0,0
15323,289325,Slave of Her Senses,4.6923,1914-01-02,8.0,1
15324,11862,Father of the Bride Part II,5.0134,1995-12-08,6.275,824
15325,715296,Slepoy Kukhar,4.2873,1956-01-01,9.0,1
15326,10676,Halloween III: Season of the Witch,4.3808,1982-10-22,5.239,1565
15327,88794,J. Edgar,5.147,2011-11-09,6.232,2608
15328,457232,Lamborghini: The Man Behind the Legend,5.352,2022-11-17,6.429,744
15329,515703,Broken Reed,4.1495,2017-04-02,0.0,0
15330,1144060,Citizen Jane,3.8152,2023-03-05,0.0,0
15331,565502,I Don't Want to Sleep with You I Just Want to Make You Hard,4.8909,2016-04-21,1.0,1
15332,264685,The Moon,4.517,1965-01-01,5.7,10
15333,366672,Paws of Fury: The Legend of Hank,3.835,2022-07-14,6.599,335
15334,1251717,Vicious,4.5308,2025-08-06,6.0,281
15335,778855,Chickenhare and the Hamster of Darkness,5.9199,2022-02-16,7.213,289
15336,240727,Woman's World,4.9323,1932-01-22,4.667,6
15337,1523426,Cowriters,3.9163,2026-09-10,0.0,0
15338,1657043,欲火狂情,4.3099,1993-01-01,0.0,0
15339,1480295,Affinity,4.5913,2025-11-27,6.274,31
15340,1655498,Real Ones,4.2855,,0.0,0
15341,404,The Straight Story,5.8489,1999-10-15,7.74,1828
15342,446791,All the Money in the World,5.4071,2017-12-21,6.489,2441
15343,2023,Hidalgo,5.0486,2004-02-04,6.912,1366
15344,60243,A Separation,4.9234,2011-02-15,7.902,1981
15345,1850,Man on the Moon,5.4829,1999-12-22,7.228,2014
15346,11880,Dog Soldiers,5.2199,2002-05-10,6.7,1013
15347,9824,Mystery Men,5.3492,1999-08-06,5.855,928
15348,302,Swimming Pool,5.4571,2003-05-21,6.493,801
15349,559563,Teenage Little Sister,4.6456,2018-06-13,6.2,4
15350,86825,Stoker,5.1565,2013-02-28,6.642,2451
15351,46701,Henpecked Husband,4.6932,1938-09-01,8.0,2
15352,1699155,Maternal Instinct,4.5085,2026-06-11,7.155,113
15353,691057,Szerepzavar,4.143,2019-03-26,0.0,0
15354,323676,The Boss,5.8697,2016-04-07,5.812,1406
15355,403,Driving Miss Daisy,5.0706,1989-12-13,7.24,1818
15356,869626,Marcel the Shell with Shoes On,5.3231,2022-06-24,7.623,716
15357,345920,Collateral Beauty,5.2207,2016-12-15,7.218,5581
15358,1290190,Lokah Chapter 1: Chandra,4.17,2025-08-28,7.169,62
15359,439709,The Adventures of Baby Hippopo,4.5651,1974-02-04,0.0,0
15360,296864,Aversión,4.1896,2019-08-23,6.85,10
15361,870004,Curva Sinuosa,4.1183,2021-04-27,0.0,0
15362,51209,Kill the Irishman,4.1525,2011-03-10,6.775,715
15363,737057,Suspicious Practice Room: Special Treatment of Mother's Friend,5.125,2018-03-06,3.75,4
15364,372559,A Fresh Girl,4.3472,2014-09-25,5.0,2
15365,1092313,Volunteers,4.3866,2015-10-30,0.0,0
15366,239403,Cine Cocoricó: As Aventuras na Cidade,4.2893,2009-07-18,5.0,1
15367,615237,Aga's House,4.2627,2019-06-28,9.7,3
15368,133392,Portugal,4.4737,2000-10-12,8.5,2
15369,262573,Verão Coincidente,4.5418,1963-05-03,10.0,1
15370,294161,Tainá: An Amazon Adventure,4.1744,2001-01-12,4.946,46
15371,285806,Rübezahl's Wedding,3.8998,1916-01-01,5.0,3
15372,377935,Tenacious Ghost,3.8648,2015-04-28,4.8,3
15373,241843,Cooties,4.8209,2014-10-10,5.905,824
15374,830,Forbidden Planet,4.8575,1956-03-23,7.247,1079
15375,589470,Five heroes on Langya Mountain,4.678,1958-01-01,5.3,10
15376,8286,The Unfaithful Wife,4.9583,1969-01-22,6.9,148
15377,64,Talk to Her,5.41,2002-03-15,7.573,1459
15378,848123,Black Site,5.0681,2022-05-05,6.014,291
15379,357190,Efigênia Dá Tudo Que Tem,3.7782,1975-08-31,4.667,3
15380,881708,The Girl from Uruguay,3.7457,2023-08-17,7.0,10
15381,157772,31 Days,4.2708,2013-01-11,4.8,11
15382,239720,Springtime Frost,4.6111,1955-11-26,5.6,5
15383,448841,Roller Coaster,4.0943,2008-10-02,6.5,2
15384,599139,12 Deep Red Nights,4.6581,2015-07-16,5.0,2
15385,517093,Balkan Line,4.6705,2019-03-21,7.453,575
15386,818940,A Song for You,4.3251,2020-10-01,0.0,0
15387,458353,High Heel Homicide,4.6642,2017-06-20,5.278,36
15388,332672,Obsession,4.8174,2015-06-04,6.303,228
15389,9044,Tristan & Isolde,5.7478,2006-04-07,6.677,857
15390,1015934,The Cake,4.0694,2022-06-01,0.0,0
15391,776305,Belle,5.8484,2021-07-16,7.611,900
15392,771033,Bedridden,4.586,2020-10-20,0.0,0
15393,347847,The Sand,4.3166,2015-08-28,5.057,274
15394,445816,El silencio,4.1428,2017-03-09,6.9,6
15395,19543,Anacondas: Trail of Blood,4.7179,2009-07-16,4.642,351
15396,804320,Bondage: Whip and Rope,4.865,1984-07-01,2.0,2
15397,727740,Orchid in an Empty Valley,4.5154,1925-01-01,0.0,0
15398,1509871,She Said Maybe,3.9559,2025-09-18,5.864,59
15399,609090,Guttman X 5,4.3774,2015-06-06,8.0,1
15400,65215,Stewie Griffin: The Untold Story,4.7894,2005-07-23,6.9,435
15401,3172,Bandits,4.4143,2001-10-12,6.293,1134
15402,592742,Be My Master,5.4005,2018-09-29,6.8,15
15403,1137047,West Sex Journey 2,4.1549,1998-06-16,5.6,17
15404,1728742,Mualaf Ekspres,3.9517,2023-01-01,0.0,0
15405,1373198,Twisted,4.4646,2026-02-06,4.606,52
15406,505706,The Golden Glove,4.6774,2019-02-21,6.929,657
15407,576,The Wild Bunch,5.2119,1969-06-19,7.592,1360
15408,448768,Pandemonia,4.6192,2013-09-14,10.0,2
15409,77616,Permanent Residence,5.1765,2009-04-23,5.568,22
15410,417709,Geethaiyin Raadhai,4.5151,2016-09-22,0.0,0
15411,774875,Pay For Sex,4.2,2020-10-29,5.1,4
15412,1957,Enough,5.0741,2002-05-21,6.646,1254
15413,1206008,Ella McCay,4.8828,2025-12-11,5.551,137
15414,1418308,Ghost Board,4.3904,2026-03-12,6.3,9
15415,593,Solaris,5.0154,1972-03-20,7.8,1867
15416,1087388,Sting,5.1674,2024-04-12,6.179,539
15417,513160,Ambikapathy,4.3622,1937-12-11,8.0,1
15418,1083658,Scoop,3.8515,2024-03-27,6.329,255
15419,282457,"Onésime, Post Office Employee",4.3455,1913-01-19,8.0,1
15420,513160,Ambikapathy,4.3622,1937-12-11,8.0,1
15421,1083658,Scoop,3.8515,2024-03-27,6.329,255
15422,282457,"Onésime, Post Office Employee",4.3455,1913-01-19,8.0,1
15423,589477,The Rural Teacher,4.16,1978-06-17,0.0,0
15424,460317,The Way,4.2231,2013-09-18,0.0,0
15425,798021,Family Switch,5.2106,2023-11-30,6.379,811
15426,711,Finding Forrester,4.7982,2000-12-21,7.127,1236
15427,397215,Kolorádó Kid,4.486,2010-10-14,3.333,3
15428,1516108,Kino Kino,3.9674,2019-05-18,0.0,0
15429,1462502,MacDonald,3.7849,1925-01-01,0.0,0
15430,290381,Ranks and People,4.2919,1929-10-01,5.563,8
15431,1596260,Night Nurse,4.6828,2026-07-10,9.333,3
15432,950358,Ostap,4.4511,2016-03-31,0.0,0
15433,686487,King Kong vs. Godzilla,5.4149,1963-06-26,6.556,278
15434,533444,Waves,5.2257,2019-11-15,7.368,825
15435,1457376,Shooting Guard,3.7716,2022-08-11,5.0,1
15436,575604,The Call,4.8377,2020-11-23,7.47,1003
15437,697265,War Note,4.1365,2021-08-24,8.0,1
15438,1264854,Wanted: Girlfriend,4.5442,2024-04-16,5.2,5
15439,693113,Midnight in the Switchgrass,4.7482,2021-07-23,5.8,487
15440,1160164,TAYLOR SWIFT | THE ERAS TOUR,4.6486,2023-10-13,8.2,532
15441,1724836,Passion machinale,3.8076,2026-08-01,0.0,0
15442,9932,Analyze That,5.7115,2002-12-06,5.846,1418
15443,13813,Defiance,5.4602,2008-12-31,6.845,1926
15444,1076961,Vasylyna,4.3524,1927-11-30,0.0,0
15445,367022,Kopaszkutya Kettő,4.7567,2011-12-09,7.0,1
15446,288418,Affair,4.3458,2014-07-24,5.0,11
15447,693677,The Wanderer of Catabranca,4.8912,2018-05-25,6.7,3
15448,1558839,Frogman Returns,3.8631,2025-10-19,0.0,0
15449,1464883,The President's Cake,4.0241,2026-01-22,7.4,104
15450,590995,The Craft: Legacy,5.4033,2020-10-28,6.109,907
15451,624672,Aik Aur Ghazi,4.2348,2011-06-02,10.0,1
15452,360856,Station Master,4.2583,1988-12-20,0.0,0
15453,1728566,Murder Game,4.1765,2026-07-09,6.0,5
15454,283682,Youth's First Morning,4.4343,1979-01-02,0.0,0
15455,1439648,MUDA,4.0041,2018-03-21,0.0,0
15456,224141,Into the Woods,5.864,2014-12-24,5.76,4446
15457,455944,"Song at Midnight, Part II",4.6458,1941-01-01,8.0,1
15458,855798,What Does Bosnia Mean to You?,4.3425,2020-01-01,0.0,0
15459,737568,The Doorman,5.5712,2020-10-01,5.787,472
15460,569894,Bright-Eyes,4.2763,1984-05-01,0.0,0
15461,327164,Grande Sertão,4.5042,1965-01-01,5.2,5
15462,11054,Hairspray,4.3987,1988-02-26,6.8,455
15463,622537,Gold Leaf,4.1552,2018-06-25,0.0,0
15464,436907,A Lizard Under the Skin,4.4403,2015-06-15,0.0,0
15465,1322752,COLORFUL STAGE! The Movie: A Miku Who Can't Sing,4.6003,2025-01-17,8.194,54
15466,1514497,La yorona,4.6795,1994-01-01,0.0,0
15467,560527,The Dude in Me,4.5154,2019-01-09,7.761,155
15468,4518,Elizabeth,5.1548,1998-09-13,7.164,1513
15469,1181107,The King of Kings,4.5282,2025-04-07,8.307,205
15470,506406,Hello Apartment,4.7136,2018-02-19,4.3,9
15471,471506,Greta,5.083,2019-02-28,6.554,1472
15472,1020493,Dui Diner Duniya,3.7785,2022-10-13,6.75,4
15473,629125,The Red Note,4.2844,2016-07-01,0.0,0
15474,79290,Dällebach Kari,3.9578,1970-07-01,6.6,5
15475,254172,Fathers and Daughters,5.2203,2015-10-01,7.141,1049
15476,9826,The Phantom,5.8153,1996-06-06,5.313,637
15477,551929,The Magic Flute,4.3164,2018-09-14,0.0,0
15478,14811,Fiddler on the Roof,4.5674,1971-11-03,7.731,657
15479,558915,The Color Purple,7.9147,2023-12-25,6.958,369
15480,254172,Fathers and Daughters,5.2203,2015-10-01,7.141,1049
15481,9826,The Phantom,5.8153,1996-06-06,5.313,637
15482,551929,The Magic Flute,4.3164,2018-09-14,0.0,0
15483,14811,Fiddler on the Roof,4.5674,1971-11-03,7.731,657
15484,558915,The Color Purple,7.9147,2023-12-25,6.958,369
15485,322921,镇海保卫战,4.5933,2013-01-01,0.0,0
15486,1712828,Water Park Shark,4.4453,2026-07-18,6.429,7
15487,150202,The Haunting in Connecticut 2: Ghosts of Georgia,4.0407,2013-02-01,5.809,563
15488,221,Rebel Without a Cause,5.1499,1955-10-27,7.492,1790
15489,310534,Cássia,4.1841,2015-01-29,7.4,18
15490,9731,Friday the 13th: A New Beginning,4.9143,1985-03-22,5.3,1321
15491,1098958,The Foresight,4.941,2023-05-02,0.0,0
15492,340382,Attack on Titan II: End of the World,5.0613,2015-09-01,6.2,407
15493,951,Kindergarten Cop,4.5588,1990-12-21,6.129,2852
15494,1367575,A Line of Fire,4.8056,2025-04-05,5.776,85
15495,38810,Dogtooth,5.8886,2009-10-22,7.034,2637
15496,371608,The Strangers: Prey at Night,5.5653,2018-03-07,5.718,1520
15497,524601,The Day Passed,3.8946,1971-02-12,6.2,5
15498,10436,The Age of Innocence,5.1151,1993-09-10,6.96,1230
15499,322780,"Jorge Luis Borges, the Mirror Man",4.3936,1999-06-23,0.0,0
15500,10436,The Age of Innocence,5.1151,1993-09-10,6.96,1230
15501,322780,"Jorge Luis Borges, the Mirror Man",4.3936,1999-06-23,0.0,0
15502,198911,La procesión,4.3711,1960-05-01,5.75,2
15503,1453587,Relax,3.688,2006-08-01,0.0,0
15504,344369,Arsena Georgiashvili (murder of General Griaznov),3.3344,1921-10-01,6.2,5
15505,18672,The Legend of the Swordsman,4.3618,1992-06-26,6.6,131
15506,295964,Burnt,5.2278,2015-10-02,6.525,3605
15507,341551,Think of Me,4.8175,1996-01-01,6.167,6
15508,382517,Open Season: Scared Silly,5.4852,2015-12-18,6.0,392
15509,481728,Tiên Nữ Không Kiêng Cử,4.8999,2015-07-31,0.0,0
15510,15189,Hotel for Dogs,5.8703,2009-01-16,6.071,919
15511,992003,Student Mistress: Taste of a Virgin,4.1726,1976-11-27,10.0,1
15512,367809,Dream Maker,4.2815,2021-11-17,5.0,1
15513,77953,The Campaign,7.1139,2012-08-09,5.836,1907
15514,1653,The Motorcycle Diaries,4.5287,2004-02-06,7.417,1442
15515,536157,Kasym,4.5808,2013-01-01,6.0,1
15516,1353117,Home Sweet Home: Rebirth,3.8354,2025-03-20,5.953,160
15517,37950,Charlie St. Cloud,4.7049,2010-07-30,6.971,2256
15518,816776,Feifei,4.6167,1996-01-01,0.0,0
15519,314552,9×10 Ninety,4.2318,2014-09-03,4.9,7
15520,186395,Lukas the Strange,4.1615,2013-01-25,5.8,6
15521,420335,Walnut Tree,4.5254,2015-10-09,0.0,0
15522,79234,Wandering Sagittarius,4.303,1993-06-06,6.571,7
15523,615665,Holidate,4.945,2020-10-27,6.97,2384
15524,427026,Qué puñetera familia,4.541,1981-09-05,2.333,3
15525,1331375,Dominique,4.3912,2024-10-11,6.7,185
15526,1529194,Every Bullet's Account,4.1259,2025-08-15,0.0,0
15527,979589,Margam,4.7178,2022-06-02,0.0,0
15528,14011,Justice League: The New Frontier,4.1799,2008-02-26,6.824,563
15529,372439,Picardía mexicana,4.3001,1978-12-21,7.474,78
15530,464806,What If..,4.1912,2015-10-08,0.0,0
15531,68812,The Iceman,4.5438,2012-09-01,6.554,1166
15532,26850,Under Suspicion,5.3567,1991-09-27,5.915,124
15533,16353,Ong Bak 2,4.7545,2008-12-04,6.484,735
15534,1245562,The Lost Tiger,4.0278,2025-02-27,6.6,5
15535,537116,"tick, tick... BOOM!",4.6024,2021-11-11,7.589,2332
15536,13004,Barbie and the Diamond Castle,5.3958,2008-09-03,7.432,885
15537,971375,Marianne på sykehus,4.2013,1950-12-04,9.0,1
15538,27579,The American,4.8988,2010-08-31,5.995,1534
15539,2100,The Last Castle,5.4318,2001-10-19,7.169,1459
15540,971375,Marianne på sykehus,4.2013,1950-12-04,9.0,1
15541,27579,The American,4.8988,2010-08-31,5.995,1534
15542,2100,The Last Castle,5.4318,2001-10-19,7.169,1459
15543,9787,Lords of Dogtown,4.8992,2005-06-03,7.091,827
15544,816406,Golpe de Ouro,4.7683,2021-04-08,0.0,0
15545,1734568,Folkloric,3.7661,2026-07-25,0.0,0
15546,729097,Young Mother 5,4.3097,2020-04-03,5.8,13
15547,10703,Seven Swords,4.5515,2005-07-25,6.238,200
15548,1110974,Our Robo Family,4.3418,2023-05-01,8.2,2
15549,373496,Viúvas Precisam de Consolo,4.2814,1979-12-19,9.0,1
15550,1728021,Life Review ®,3.7131,2026-08-01,0.0,0
15551,251277,Argentina Beat,4.0678,2007-05-04,10.0,1
15552,1697572,Muertos,3.7626,2025-09-25,0.0,0
15553,416600,Die Zauberflöte,4.5427,2012-08-06,0.0,0
15554,1170354,Afghanistan Dream Book,4.1747,1988-02-15,8.0,1
15555,1463681,Southern Scares,4.0864,2026-01-10,5.167,6
15556,529574,The Mailbox,4.077,1967-08-01,0.0,0
15557,548450,The Legend of Lu-Ban,4.7877,1958-01-01,9.0,1
15558,481840,The Sisters S-Scandal,4.5711,2017-08-03,5.7,17
15559,196013,The Island of Prohibited Pleasures,4.5788,1979-01-15,3.875,12
15560,1596928,Silent Voices,3.3863,2026-05-19,0.0,0
15561,1341422,The Eyes of Others,5.1148,2026-03-19,5.729,24
15562,37702,Forbidden City Cop,4.319,1996-02-16,7.0,146
15563,1009045,良宵血案,4.5977,1988-01-01,0.0,0
15564,131062,"Titania, Titania, or the Night of the Stand-Ins",4.0215,1988-01-01,8.0,1
15565,457398,While the Clocks Are Ticking,4.2576,1976-09-12,7.5,3
15566,1532466,Blue Route,3.5977,1968-01-01,0.0,0
15567,48601,Clement,4.1544,2001-06-06,4.7,19
15568,332855,Airlift,4.1457,1981-12-21,3.5,4
15569,376995,Abymée,4.7348,2014-04-04,0.0,0
15570,440617,Family Reconstruction,4.5201,2017-02-14,5.7,12
15571,1245347,Twinless,4.9855,2025-09-04,7.228,167
15572,704673,Trigger Warning,4.5956,2024-06-20,5.674,589
15573,9061,Just Cause,4.8476,1995-02-17,6.252,636
15574,5955,The Pledge,5.2328,2001-01-19,6.573,1236
15575,1680365,Várzea,4.0891,,0.0,0
15576,993377,Cross-Country Drive,3.9961,2016-10-27,0.0,0
15577,178182,Female Teacher Hunting,4.5028,1982-08-28,4.667,9
15578,256203,É Fogo na Roupa,4.1255,1952-01-01,10.0,1
15579,1461254,Salmokji: Whispering Water,4.742,2026-04-08,6.188,16
15580,256203,É Fogo na Roupa,4.1255,1952-01-01,10.0,1
15581,1461254,Salmokji: Whispering Water,4.742,2026-04-08,6.188,16
15582,296187,Life on the Hortobagy,4.7131,1936-10-04,6.25,4
15583,15999,Vampire Hunter D: Bloodlust,3.6172,2001-04-21,7.708,821
15584,1292211,Natural Phenomena,4.2399,2024-06-09,6.0,1
15585,455435,Russia as a dream,4.6141,2017-06-22,0.0,0
15586,597859,The Pilot: A Battle for Survival,4.1688,2021-12-02,6.55,60
15587,1488506,HAL,3.496,2025-03-27,0.0,0
15588,974250,Greedy People,4.2485,2024-08-23,6.313,284
15589,709773,Micha Wertheim: Someone Else,4.3926,2017-12-09,10.0,1
15590,1632334,Kraken. The Black Book of Hours,4.1264,2026-04-24,6.125,8
15591,1727766,Insaniyat,3.853,1993-07-16,0.0,0
15592,257354,Busty Cops: Protect and Serve!,4.507,2009-08-01,4.8,18
15593,382190,Pokémon the Movie: Volcanion and the Mechanical Marvel,5.2812,2016-07-16,6.754,209
15594,638439,The Highlight of the Program,4.0107,1956-02-03,7.5,2
15595,1730405,Jiwa Wanita,3.7003,2022-01-01,0.0,0
15596,1563588,The Red Hangar,4.3158,2026-05-08,7.8,9
15597,12085,Mad Money,4.9013,2008-01-17,6.464,724
15598,959462,Still Life,4.3384,2022-04-23,0.0,0
15599,414144,Two Girls Descending the Stairs,4.5143,2016-09-08,2.2,2
15600,427576,Just Drop Dead!,4.3214,2016-12-01,4.0,1
15601,1693468,Staatsbezoek Australië,3.7869,1988-01-01,0.0,0
15602,262107,Professor Öveges - My favorite experiments,4.029,1968-01-01,0.0,0
15603,579541,END,3.9372,2019-01-25,2.667,3
15604,7304,Running Scared,4.3143,2006-01-06,7.0,1182
15605,15440,Cold Prey II,4.5271,2008-10-09,6.317,298
15606,12531,The Apartment,4.8432,1996-07-27,6.8,250
15607,493547,Clockwork Climate,4.135,2015-11-24,7.5,3
15608,964819,99 Moons,4.3036,2023-04-27,4.8,40
15609,388574,A Cold March,4.0718,1987-03-18,9.5,2
15610,1534047,Picumã,3.7966,2025-08-27,0.0,0
15611,287535,Cientistas Brasileiros,2.8034,2003-01-01,0.0,0
15612,275060,The Disappearance of Eleanor Rigby: Her,4.7396,2014-10-10,6.647,249
15613,1138820,IN-FAME,3.8981,2023-06-01,0.0,0
15614,107811,21 & Over,5.3371,2013-03-01,5.816,1629
15615,1142871,Centaur,4.1297,2023-07-13,7.51,52
15616,457697,XXXXXXX,4.6903,2016-09-01,6.9,8
15617,931097,Gjakova 726,4.0999,2009-01-01,0.0,0
15618,51170,Open Season 3,5.5271,2010-10-21,5.678,693
15619,513493,Ratha Paasam,4.4923,1954-08-14,10.0,1
15620,537283,Black Money,3.9,2015-07-22,0.0,0
15621,9871,Ginger Snaps,4.5376,2000-12-11,6.9,1017
15622,9410,Great Expectations,5.0692,1998-01-30,6.6,705
15623,468656,3 Bahadur: The Revenge of Baba Balaam,4.3129,2016-12-15,7.8,5
15624,1059717,The man in the background,4.3156,1922-09-08,0.0,0
15625,1363313,Letter,4.2937,2025-03-03,0.0,0
15626,1081012,Aftermath,4.0882,2024-09-27,6.2,189
15627,165140,Jîn,3.9563,2013-02-09,5.923,26
15628,1555297,Number 23,4.2996,2025-10-28,0.0,0
15629,262700,La sacrée,4.0319,2011-09-18,0.0,0
15630,4599,Raising Helen,5.4466,2004-05-27,6.151,699
15631,498633,"Süsü, a sárkány kalandjai",4.4988,1977-12-24,8.7,3
15632,548473,Color Out of Space,5.3629,2020-01-24,6.079,1733
15633,906731,A Favour,4.1285,1983-01-01,6.5,2
15634,270082,Son dos días,4.6578,2011-11-06,0.0,0
15635,807196,Boiling Point,5.7044,2021-07-05,7.228,782
15636,864877,Dead Heat Under the Shrubs,4.3396,2004-06-04,9.0,2
15637,851278,Didochok,4.4456,2015-10-14,0.0,0
15638,452343,The Ethereal,4.3504,2002-01-01,10.0,1
15639,1040678,As Quiet As A Cloud,4.2446,2022-11-26,0.0,0
15640,864877,Dead Heat Under the Shrubs,4.3396,2004-06-04,9.0,2
15641,851278,Didochok,4.4456,2015-10-14,0.0,0
15642,452343,The Ethereal,4.3504,2002-01-01,10.0,1
15643,1040678,As Quiet As A Cloud,4.2446,2022-11-26,0.0,0
15644,488108,The Tango Returns to Paris,4.4517,1948-01-16,7.0,4
15645,1510583,Rakkhosh,4.7444,2026-03-21,5.5,1
15646,1397832,A Widow's Game,4.8078,2025-05-30,6.264,290
15647,413498,"Petecuy, La Película",4.7222,2014-08-30,8.0,1
15648,127533,Rurouni Kenshin Part I: Origins,4.645,2012-08-25,7.536,924
15649,50674,The Lost Future,3.8702,2010-11-13,4.945,157
15650,84092,Ramayana : The Legend of Prince Rama,4.6164,1993-01-10,8.193,57
15651,391717,Cursed Ground,4.0666,1996-04-16,5.0,1
15652,703845,Baby Fisherman,4.3292,1910-12-30,7.0,1
15653,8880,Che: Part Two,3.7962,2008-12-12,6.634,701
15654,930994,It's All Right,4.0303,2024-10-10,0.0,0
15655,360231,This Is the Moment,4.2327,1970-02-23,10.0,1
15656,1401459,Fjord,4.2996,2026-06-13,7.667,3
15657,449150,Na Bahia Ninguém Fica em Pé,4.2903,1980-01-01,0.0,0
15658,840756,Mi otra yo,4.2619,2021-06-15,6.3,3
15659,11888,Snow Dogs,5.2984,2002-01-18,5.613,790
15660,345188,Revolution,4.4102,1963-06-17,7.333,3
15661,1246977,Сукровица,4.0876,2005-03-04,0.0,0
15662,956593,Kiss Me,4.1731,2022-03-14,3.25,4
15663,11895,Police Academy 6: City Under Siege,4.4657,1989-03-09,5.139,966
15664,343744,Story of My Foolishness,4.2862,1966-01-20,10.0,1
15665,1098995,Shotter Mrittu Nei,4.3489,1996-09-13,0.0,0
15666,391963,Hijrat,4.0282,2016-04-22,10.0,2
15667,9447,Babe: Pig in the City,4.946,1998-11-25,5.686,1342
15668,323373,Deathgasm,4.5948,2015-08-28,6.242,656
15669,1209081,Mr. Nanny,4.1643,2013-12-12,0.0,0
15670,1732193,Good Mourning,3.3365,2025-11-01,0.0,0
15671,60145,"All's Well, Ends Well",4.0081,1992-01-25,7.1,97
15672,669215,Shadowplay,3.4557,2020-01-28,2.0,1
15673,1013601,The Alto Knights,5.4731,2025-03-19,6.233,451
15674,1244779,Bhootni Ke,3.9997,,0.0,0
15675,466510,Our March,3.7303,1970-01-01,0.0,0
15676,107503,The Magic Ring,4.1914,1976-09-17,0.0,0
15677,1031549,The Female Chief of the Shadow's King,4.0856,2018-06-20,0.0,0
15678,24122,The Rebound,5.2659,2009-09-16,6.497,971
15679,10362,Two Lovers,4.8441,2008-11-19,6.9,931
15680,413603,The Age of the Barbarians,4.4832,1970-01-01,0.0,0
15681,11548,*batteries not included,4.683,1987-12-18,6.724,819
15682,855708,华山艳史,3.7626,1934-01-01,0.0,0
15683,1060698,The Hook,3.94,2023-02-22,0.0,0
15684,115311,Mi campeón,4.2148,1952-06-20,5.5,4
15685,13474,P2,4.4418,2007-11-09,6.218,947
15686,1658214,Scorpio Nights 4,4.3544,2026-03-31,7.3,3
15687,862557,The Hill,5.0973,2023-08-18,7.637,314
15688,57843,Mars,4.4188,1998-03-12,4.382,17
15689,1730595,Raja Pakistani,4.3893,1997-08-14,0.0,0
15690,317326,Twin Brothers,3.6935,2005-01-01,7.0,1
15691,535508,Never,4.238,1962-11-30,5.2,5
15692,371160,Manager Of The Shaolin Hall,4.3961,1982-12-03,6.25,4
15693,1472425,Dermatophagia,3.8094,2025-06-12,0.0,0
15694,1654958,Our Language,3.8859,2022-07-31,0.0,0
15695,257,Oliver Twist,4.3486,2005-09-23,6.755,1249
15696,1552829,Враги,3.6575,1924-11-03,0.0,0
15697,4985,The Longest Yard,4.5278,1974-08-21,6.744,326
15698,111083,The Body,5.2622,2012-12-21,7.519,1440
15699,641451,"Sweet, Salty",4.9326,2019-10-07,0.0,0
15700,207919,A Foreign Woman,4.576,1965-12-06,5.5,2
15701,68882,Strange Occasion,4.7341,1976-12-23,5.5,26
15702,1271664,CADAVER,3.7486,2024-01-29,0.0,0
15703,369231,A Fork Goes to Left Hand,4.4854,1993-01-01,0.0,0
15704,1552999,Driver Hanumanthu,3.8539,1980-12-08,0.0,0
15705,296398,Jards Macalé - Um Morcego na Porta Principal,4.3705,2008-01-01,0.0,0
15706,251641,The Lizards,4.4412,2013-02-02,3.0,5
15707,1364608,Anemone,4.3229,2025-10-02,5.9,134
15708,635550,Lighthouse Love,4.0191,1932-05-06,0.0,0
15709,3780,Red Beard,5.1178,1965-03-04,8.173,416
15710,1619051,"Naturwunder Hawaii, zwischen Feuer und Wasser",3.6257,2026-01-09,8.0,1
15711,691179,Friends: The Reunion,4.7902,2021-05-27,7.824,1350
15712,594328,Phineas and Ferb the Movie: Candace Against the Universe,5.7443,2020-06-14,7.2,405
15713,592390,Green Zone,4.6656,2017-01-01,0.0,0
15714,900536,ONE NINE,4.2245,2021-11-14,0.0,0
15715,215397,Operación cabaretera,4.3926,1967-10-15,4.333,6
15716,291276,Unlocked,4.9637,2017-04-27,6.258,1221
15717,1277919,BREACH,3.5543,2024-04-23,0.0,0
15718,529952,The Tin Men,4.3668,1984-12-28,0.0,0
15719,1405391,Half Moon,3.9831,2025-03-06,6.0,1
15720,324830,Fuchzhou,4.2336,1993-01-01,5.0,7
15721,977958,Myr,4.4512,2016-03-31,0.0,0
15722,204288,The Battle of Tabato,4.3603,2013-07-10,5.0,3
15723,1214684,Kiss of the Spider Woman,4.9543,2025-10-09,5.9,81
15724,401951,Negócio Fechado,4.0308,2001-06-13,7.0,1
15725,638475,Shopner Ghor,4.197,2018-05-04,7.0,1
15726,8873,Wayne's World 2,4.2905,1993-12-10,6.092,1182
15727,386287,Dành cho tháng Sáu,4.368,2012-05-25,0.0,0
15728,9079,Dying Young,4.9421,1991-06-20,6.721,492
15729,1141700,Extraction 3,4.1826,,0.0,0
15730,10285,Jason Goes to Hell: The Final Friday,4.7704,1993-08-13,4.582,1123
15731,630484,El alma del bandoneón,4.3012,1935-02-02,8.0,1
15732,1668574,A Very Unlikely Goalkeeper,3.8661,2026-05-14,0.0,0
15733,916,Bullitt,5.7298,1968-10-17,7.1,1313
15734,1353760,Piggy Duster,3.6722,2024-09-21,10.0,1
15735,1303319,Baobab,3.5486,2024-06-16,0.0,0
15736,824977,"The Hatters Jubilee Concert: Live at the Litsedei Theater, St. Petersburg",4.3159,2021-04-19,6.2,2
15737,675319,Zone 414,4.8573,2021-09-03,5.311,307
15738,515158,Lily Bily,3.7616,2018-04-13,0.0,0
15739,1447501,Arrudas Boulevard,4.0811,2026-03-18,0.0,0
